match_id,team,frame,is_hsv,n_close,presence_term,proximity_term,dai,limiting_factor
DFL-MAT-J041UB,0,150838,False,0,0.0,0.0,0.0,presence
DFL-MAT-J041UB,1,33302,True,0,0.0,0.0,0.0,presence
DFL-MAT-J041UB,1,38239,True,1,0.2,0.5776967913927246,0.3888483956963623,presence
DFL-MAT-J041UB,1,46624,True,0,0.0,0.0,0.0,presence
DFL-MAT-J041UB,1,66312,True,1,0.2,0.9007024673015487,0.5503512336507743,presence
DFL-MAT-J041UB,1,74710,True,1,0.2,0.4763168897128722,0.3381584448564361,presence
DFL-MAT-J041UB,1,126837,True,0,0.0,0.0,0.0,presence
DFL-MAT-J041UB,1,128069,True,0,0.0,0.0,0.0,presence
DFL-MAT-J041UN,0,37339,True,0,0.0,0.0,0.0,presence
DFL-MAT-J041UN,0,70706,True,0,0.0,0.0,0.0,presence
DFL-MAT-J041UN,0,111985,True,1,0.2,0.3471140987890764,0.2735570493945382,presence
DFL-MAT-J041UN,0,116349,True,1,0.2,0.0690220195944482,0.1345110097972241,proximity
DFL-MAT-J041UN,0,153883,True,1,0.2,0.3849715453737125,0.29248577268685627,presence
DFL-MAT-J041UN,0,162115,True,0,0.0,0.0,0.0,presence
DFL-MAT-J041UN,0,175074,True,1,0.2,0.3016361979598313,0.2508180989799157,presence
DFL-MAT-J041UN,1,15324,False,0,0.0,0.0,0.0,presence
DFL-MAT-J041UN,1,19073,False,0,0.0,0.0,0.0,presence
DFL-MAT-J041UN,1,110823,False,0,0.0,0.0,0.0,presence
DFL-MAT-J041UN,1,114809,False,0,0.0,0.0,0.0,presence
DFL-MAT-J041UN,1,164156,False,0,0.0,0.0,0.0,presence
DFL-MAT-J041UO,0,55270,False,0,0.0,0.0,0.0,presence
DFL-MAT-J041UO,0,62553,False,0,0.0,0.0,0.0,presence
DFL-MAT-J041UO,0,102641,False,0,0.0,0.0,0.0,presence
DFL-MAT-J041UO,1,13902,True,0,0.0,0.0,0.0,presence
DFL-MAT-J041UO,1,165511,True,0,0.0,0.0,0.0,presence
DFL-MAT-J041V5,0,25910,True,0,0.0,0.0,0.0,presence
DFL-MAT-J041V5,0,28136,True,1,0.2,0.19286927948441912,0.19643463974220957,proximity
DFL-MAT-J041V5,0,59712,True,0,0.0,0.0,0.0,presence
DFL-MAT-J041V5,0,62528,True,0,0.0,0.0,0.0,presence
DFL-MAT-J041V5,0,112550,True,0,0.0,0.0,0.0,presence
DFL-MAT-J041V5,0,134881,True,0,0.0,0.0,0.0,presence
DFL-MAT-J041V5,0,156775,True,0,0.0,0.0,0.0,presence
DFL-MAT-J041V5,0,170921,True,0,0.0,0.0,0.0,presence
DFL-MAT-J041V5,1,71358,False,0,0.0,0.0,0.0,presence
DFL-MAT-J041V5,1,71499,False,0,0.0,0.0,0.0,presence
DFL-MAT-J041V5,1,110087,False,0,0.0,0.0,0.0,presence
DFL-MAT-J041V5,1,122504,False,1,0.2,0.44032866787729774,0.32016433393864885,presence
DFL-MAT-J041V5,1,124987,False,2,0.4,0.24129689965835455,0.3206484498291773,proximity
DFL-MAT-J041V5,1,147090,False,0,0.0,0.0,0.0,presence
DFL-MAT-J041VB,0,77197,False,0,0.0,0.0,0.0,presence
DFL-MAT-J041VB,0,78607,False,1,0.2,0.20213785651906002,0.20106892825953002,presence
DFL-MAT-J041VB,0,110858,False,0,0.0,0.0,0.0,presence
DFL-MAT-J041VB,0,140353,False,0,0.0,0.0,0.0,presence
DFL-MAT-J041VB,0,166168,False,0,0.0,0.0,0.0,presence
DFL-MAT-J041VB,1,24135,True,0,0.0,0.0,0.0,presence
DFL-MAT-J041VB,1,67920,True,0,0.0,0.0,0.0,presence
DFL-MAT-J041VB,1,70109,True,0,0.0,0.0,0.0,presence
DFL-MAT-J041VB,1,150843,True,0,0.0,0.0,0.0,presence
DFL-MAT-J041VB,1,175621,True,0,0.0,0.0,0.0,presence
DFL-MAT-J041VN,0,26035,True,0,0.0,0.0,0.0,presence
DFL-MAT-J041VN,0,37377,True,0,0.0,0.0,0.0,presence
DFL-MAT-J041VN,0,42757,True,0,0.0,0.0,0.0,presence
DFL-MAT-J041VN,0,155023,True,0,0.0,0.0,0.0,presence
DFL-MAT-J041VN,0,163116,True,1,0.2,0.1623270327866606,0.1811635163933303,proximity
DFL-MAT-J041VN,1,25833,False,0,0.0,0.0,0.0,presence
DFL-MAT-J041VN,1,71508,False,0,0.0,0.0,0.0,presence
DFL-MAT-J041VN,1,109269,False,0,0.0,0.0,0.0,presence
DFL-MAT-J041VN,1,119001,False,0,0.0,0.0,0.0,presence
DFL-MAT-J041VN,1,166034,False,1,0.2,0.04663752958279288,0.12331876479139645,proximity
DFL-MAT-J041VR,0,11688,False,1,0.2,0.3414531148050277,0.27072655740251383,presence
DFL-MAT-J041VR,0,58844,False,0,0.0,0.0,0.0,presence
DFL-MAT-J041VR,0,65508,False,0,0.0,0.0,0.0,presence
DFL-MAT-J041VR,0,117389,False,0,0.0,0.0,0.0,presence
DFL-MAT-J041VR,0,133927,False,1,0.2,0.03037120504803492,0.11518560252401747,proximity
DFL-MAT-J041VR,0,138113,False,0,0.0,0.0,0.0,presence
DFL-MAT-J041VR,0,169260,False,0,0.0,0.0,0.0,presence
DFL-MAT-J041VR,1,17591,True,0,0.0,0.0,0.0,presence
DFL-MAT-J041VR,1,39604,True,0,0.0,0.0,0.0,presence
DFL-MAT-J041VR,1,139363,True,1,0.2,0.2703507692048186,0.2351753846024093,presence
DFL-MAT-J041W5,0,31687,True,1,0.2,0.07617317640155086,0.13808658820077543,proximity
DFL-MAT-J041W5,0,57764,True,0,0.0,0.0,0.0,presence
DFL-MAT-J041W5,0,158095,True,0,0.0,0.0,0.0,presence
DFL-MAT-J041W5,0,172826,True,0,0.0,0.0,0.0,presence
DFL-MAT-J041W5,1,36712,False,0,0.0,0.0,0.0,presence
DFL-MAT-J041W5,1,77776,False,0,0.0,0.0,0.0,presence
DFL-MAT-J041W5,1,81617,False,0,0.0,0.0,0.0,presence
DFL-MAT-J041W5,1,108985,False,0,0.0,0.0,0.0,presence
DFL-MAT-J041W5,1,123566,False,0,0.0,0.0,0.0,presence
DFL-MAT-J041W5,1,125508,False,0,0.0,0.0,0.0,presence
DFL-MAT-J041W5,1,137897,False,0,0.0,0.0,0.0,presence
DFL-MAT-J041WE,0,77848,False,0,0.0,0.0,0.0,presence
DFL-MAT-J041WE,1,25482,True,0,0.0,0.0,0.0,presence
DFL-MAT-J041WE,1,55509,True,1,0.2,0.0810157781550328,0.1405078890775164,proximity
DFL-MAT-J041WE,1,66680,True,0,0.0,0.0,0.0,presence
DFL-MAT-J041WE,1,104364,True,0,0.0,0.0,0.0,presence
DFL-MAT-J041WE,1,143936,True,0,0.0,0.0,0.0,presence
DFL-MAT-J041WE,1,181690,True,0,0.0,0.0,0.0,presence
DFL-MAT-J041WN,0,36050,True,0,0.0,0.0,0.0,presence
DFL-MAT-J041WN,0,45001,True,0,0.0,0.0,0.0,presence
DFL-MAT-J041WN,0,138753,True,0,0.0,0.0,0.0,presence
DFL-MAT-J041WN,0,139245,True,0,0.0,0.0,0.0,presence
DFL-MAT-J041WN,1,67454,False,0,0.0,0.0,0.0,presence
DFL-MAT-J041WN,1,146256,False,0,0.0,0.0,0.0,presence
DFL-MAT-J041WT,0,26081,False,0,0.0,0.0,0.0,presence
DFL-MAT-J041WT,0,44218,False,0,0.0,0.0,0.0,presence
DFL-MAT-J041WT,0,73857,False,1,0.2,0.08224404115255124,0.14112202057627563,proximity
DFL-MAT-J041WT,0,80246,False,0,0.0,0.0,0.0,presence
DFL-MAT-J041WT,0,125374,False,0,0.0,0.0,0.0,presence
DFL-MAT-J041WT,0,154943,False,0,0.0,0.0,0.0,presence
DFL-MAT-J041WT,0,163044,False,0,0.0,0.0,0.0,presence
DFL-MAT-J041WT,0,173501,False,0,0.0,0.0,0.0,presence
DFL-MAT-J041WT,1,10138,True,0,0.0,0.0,0.0,presence
DFL-MAT-J041WT,1,110029,True,0,0.0,0.0,0.0,presence
DFL-MAT-J041X5,0,37996,True,0,0.0,0.0,0.0,presence
DFL-MAT-J041X5,0,105873,True,0,0.0,0.0,0.0,presence
DFL-MAT-J041X5,0,113117,True,0,0.0,0.0,0.0,presence
DFL-MAT-J041X5,0,113128,True,0,0.0,0.0,0.0,presence
DFL-MAT-J041X5,0,152150,True,0,0.0,0.0,0.0,presence
DFL-MAT-J041X5,1,60434,False,0,0.0,0.0,0.0,presence
DFL-MAT-J041X5,1,100634,False,0,0.0,0.0,0.0,presence
DFL-MAT-J041X5,1,100912,False,0,0.0,0.0,0.0,presence
DFL-MAT-J041X5,1,135779,False,0,0.0,0.0,0.0,presence
DFL-MAT-J041X5,1,141357,False,0,0.0,0.0,0.0,presence
DFL-MAT-J041X5,1,172366,False,0,0.0,0.0,0.0,presence
DFL-MAT-J041XE,0,13838,True,0,0.0,0.0,0.0,presence
DFL-MAT-J041XE,0,77383,True,0,0.0,0.0,0.0,presence
DFL-MAT-J041XE,0,119046,True,0,0.0,0.0,0.0,presence
DFL-MAT-J041XE,0,120162,True,0,0.0,0.0,0.0,presence
DFL-MAT-J041XE,0,156764,True,0,0.0,0.0,0.0,presence
DFL-MAT-J041XE,1,10638,False,0,0.0,0.0,0.0,presence
DFL-MAT-J041XE,1,28981,False,0,0.0,0.0,0.0,presence
DFL-MAT-J041XE,1,34082,False,0,0.0,0.0,0.0,presence
DFL-MAT-J041XE,1,67240,False,0,0.0,0.0,0.0,presence
DFL-MAT-J041XE,1,151571,False,0,0.0,0.0,0.0,presence
DFL-MAT-J041XE,1,158042,False,0,0.0,0.0,0.0,presence
DFL-MAT-J041XN,0,14553,False,0,0.0,0.0,0.0,presence
DFL-MAT-J041XN,0,49483,False,0,0.0,0.0,0.0,presence
DFL-MAT-J041XN,0,105895,False,0,0.0,0.0,0.0,presence
DFL-MAT-J041XN,0,162650,False,1,0.2,0.05570131843785786,0.12785065921892894,proximity
DFL-MAT-J041XN,0,168087,False,0,0.0,0.0,0.0,presence
DFL-MAT-J041XN,1,20007,True,1,0.2,0.010179814309689839,0.10508990715484492,proximity
DFL-MAT-J041XN,1,31382,True,0,0.0,0.0,0.0,presence
DFL-MAT-J041XN,1,107149,True,1,0.2,0.10164594952769335,0.15082297476384668,proximity
DFL-MAT-J041XN,1,122655,True,2,0.4,0.10703633483774477,0.2535181674188724,proximity
DFL-MAT-J041XN,1,172031,True,0,0.0,0.0,0.0,presence
DFL-MAT-J041XW,0,79680,True,0,0.0,0.0,0.0,presence
DFL-MAT-J041XW,0,120850,True,1,0.2,0.16980484222081849,0.18490242111040925,proximity
DFL-MAT-J041XW,0,142530,True,0,0.0,0.0,0.0,presence
DFL-MAT-J041XW,1,37223,False,0,0.0,0.0,0.0,presence
DFL-MAT-J041XW,1,50233,False,3,0.6,0.37310057836141425,0.4865502891807071,proximity
DFL-MAT-J041XW,1,56044,False,0,0.0,0.0,0.0,presence
DFL-MAT-J041Y0,0,72693,False,0,0.0,0.0,0.0,presence
DFL-MAT-J041Y0,0,76056,False,0,0.0,0.0,0.0,presence
DFL-MAT-J041Y0,0,104090,False,0,0.0,0.0,0.0,presence
DFL-MAT-J041Y0,0,141214,False,0,0.0,0.0,0.0,presence
DFL-MAT-J041Y0,0,154582,False,0,0.0,0.0,0.0,presence
DFL-MAT-J041Y0,0,169307,False,0,0.0,0.0,0.0,presence
DFL-MAT-J041Y0,1,23287,True,0,0.0,0.0,0.0,presence
DFL-MAT-J041Y0,1,28951,True,0,0.0,0.0,0.0,presence
DFL-MAT-J041Y0,1,43483,True,0,0.0,0.0,0.0,presence
DFL-MAT-J041Y0,1,61916,True,0,0.0,0.0,0.0,presence
DFL-MAT-J041Y0,1,111346,True,0,0.0,0.0,0.0,presence
DFL-MAT-J041Y0,1,114941,True,0,0.0,0.0,0.0,presence
DFL-MAT-J041Y0,1,146324,True,0,0.0,0.0,0.0,presence
DFL-MAT-J041Y0,1,155889,True,0,0.0,0.0,0.0,presence
DFL-MAT-J041YE,0,34895,True,0,0.0,0.0,0.0,presence
DFL-MAT-J041YE,0,59578,True,0,0.0,0.0,0.0,presence
DFL-MAT-J041YE,1,37797,False,0,0.0,0.0,0.0,presence
DFL-MAT-J041YN,0,49361,True,2,0.4,0.508368044148636,0.454184022074318,presence
DFL-MAT-J041YN,0,143188,True,0,0.0,0.0,0.0,presence
DFL-MAT-J041YN,0,158981,True,0,0.0,0.0,0.0,presence
DFL-MAT-J041YN,1,13185,False,1,0.2,0.2534211361148776,0.2267105680574388,presence
DFL-MAT-J041YN,1,35071,False,0,0.0,0.0,0.0,presence
DFL-MAT-J041YN,1,40711,False,0,0.0,0.0,0.0,presence
DFL-MAT-J041YN,1,46609,False,0,0.0,0.0,0.0,presence
DFL-MAT-J041YN,1,62412,False,0,0.0,0.0,0.0,presence
DFL-MAT-J041YN,1,134798,False,0,0.0,0.0,0.0,presence
DFL-MAT-J041YN,1,179280,False,0,0.0,0.0,0.0,presence
DFL-MAT-J041YV,0,105124,False,0,0.0,0.0,0.0,presence
DFL-MAT-J041YV,0,112682,False,0,0.0,0.0,0.0,presence
DFL-MAT-J041YV,1,84099,True,0,0.0,0.0,0.0,presence
DFL-MAT-J041YV,1,126660,True,2,0.4,0.32918826592641787,0.36459413296320897,proximity
DFL-MAT-J041YV,1,146290,True,1,0.2,0.8199444530151876,0.5099722265075938,presence
DFL-MAT-J041YV,1,150692,True,1,0.2,0.12882607936187584,0.16441303968093793,proximity
DFL-MAT-J041Z5,0,114004,True,0,0.0,0.0,0.0,presence
DFL-MAT-J041Z5,0,148415,True,0,0.0,0.0,0.0,presence
DFL-MAT-J041Z5,1,18105,False,0,0.0,0.0,0.0,presence
DFL-MAT-J041Z5,1,20659,False,0,0.0,0.0,0.0,presence
DFL-MAT-J041Z5,1,60328,False,0,0.0,0.0,0.0,presence
DFL-MAT-J041Z5,1,143464,False,1,0.2,0.08714075564739998,0.1435703778237,proximity
DFL-MAT-J041ZD,0,26141,False,0,0.0,0.0,0.0,presence
DFL-MAT-J041ZD,0,37810,False,0,0.0,0.0,0.0,presence
DFL-MAT-J041ZD,0,46346,False,0,0.0,0.0,0.0,presence
DFL-MAT-J041ZD,0,58190,False,0,0.0,0.0,0.0,presence
DFL-MAT-J041ZD,0,64746,False,1,0.2,0.1762670335600255,0.18813351678001275,proximity
DFL-MAT-J041ZD,0,123651,False,0,0.0,0.0,0.0,presence
DFL-MAT-J041ZD,1,131992,True,1,0.2,0.24876368564878337,0.2243818428243917,presence
DFL-MAT-J041ZD,1,140968,True,0,0.0,0.0,0.0,presence
DFL-MAT-J041ZD,1,141649,True,0,0.0,0.0,0.0,presence
DFL-MAT-J041ZD,1,145775,True,0,0.0,0.0,0.0,presence
DFL-MAT-J041ZD,1,146274,True,0,0.0,0.0,0.0,presence
DFL-MAT-J041ZD,1,146946,True,0,0.0,0.0,0.0,presence
DFL-MAT-J041ZN,0,31118,True,1,0.2,0.009404219673836423,0.10470210983691822,proximity
DFL-MAT-J041ZN,0,67734,True,1,0.2,0.027230757065171085,0.11361537853258555,proximity
DFL-MAT-J041ZN,0,138161,True,0,0.0,0.0,0.0,presence
DFL-MAT-J041ZN,0,145983,True,0,0.0,0.0,0.0,presence
DFL-MAT-J041ZN,0,157206,True,0,0.0,0.0,0.0,presence
DFL-MAT-J041ZN,1,28195,False,0,0.0,0.0,0.0,presence
DFL-MAT-J041ZN,1,150276,False,0,0.0,0.0,0.0,presence
DFL-MAT-J041ZN,1,150973,False,0,0.0,0.0,0.0,presence
DFL-MAT-J041ZQ,0,15091,False,0,0.0,0.0,0.0,presence
DFL-MAT-J041ZQ,0,40283,False,0,0.0,0.0,0.0,presence
DFL-MAT-J041ZQ,0,48033,False,0,0.0,0.0,0.0,presence
DFL-MAT-J041ZQ,0,127455,False,0,0.0,0.0,0.0,presence
DFL-MAT-J041ZQ,0,160512,False,0,0.0,0.0,0.0,presence
DFL-MAT-J041ZQ,1,49046,True,0,0.0,0.0,0.0,presence
DFL-MAT-J041ZQ,1,72836,True,0,0.0,0.0,0.0,presence
DFL-MAT-J041ZQ,1,111520,True,0,0.0,0.0,0.0,presence
DFL-MAT-J041ZQ,1,122407,True,1,0.2,0.09179517728653297,0.1458975886432665,proximity
DFL-MAT-J041ZQ,1,151800,True,2,0.4,0.025712484699153104,0.21285624234957656,proximity
DFL-MAT-J04205,0,35189,True,0,0.0,0.0,0.0,presence
DFL-MAT-J04205,0,49319,True,0,0.0,0.0,0.0,presence
DFL-MAT-J04205,0,54960,True,0,0.0,0.0,0.0,presence
DFL-MAT-J04205,0,55151,True,0,0.0,0.0,0.0,presence
DFL-MAT-J04205,0,74029,True,0,0.0,0.0,0.0,presence
DFL-MAT-J04205,0,125334,True,0,0.0,0.0,0.0,presence
DFL-MAT-J04205,0,148322,True,0,0.0,0.0,0.0,presence
DFL-MAT-J04205,1,15320,False,1,0.2,0.21253571509559877,0.2062678575477994,presence
DFL-MAT-J04205,1,22090,False,0,0.0,0.0,0.0,presence
DFL-MAT-J04205,1,66177,False,0,0.0,0.0,0.0,presence
DFL-MAT-J04205,1,165303,False,0,0.0,0.0,0.0,presence
DFL-MAT-J04205,1,173797,False,0,0.0,0.0,0.0,presence
DFL-MAT-J0420A,0,58134,False,0,0.0,0.0,0.0,presence
DFL-MAT-J0420A,0,61572,False,0,0.0,0.0,0.0,presence
DFL-MAT-J0420A,0,82084,False,1,0.2,0.007109270866123341,0.10355463543306168,proximity
DFL-MAT-J0420A,0,166000,False,0,0.0,0.0,0.0,presence
DFL-MAT-J0420A,1,37416,True,0,0.0,0.0,0.0,presence
DFL-MAT-J0420A,1,39439,True,2,0.4,0.134914447427263,0.2674572237136315,proximity
DFL-MAT-J0420A,1,42785,True,0,0.0,0.0,0.0,presence
DFL-MAT-J0420A,1,85752,True,0,0.0,0.0,0.0,presence
DFL-MAT-J0420A,1,101593,True,0,0.0,0.0,0.0,presence
DFL-MAT-J0420A,1,127688,True,0,0.0,0.0,0.0,presence
DFL-MAT-J0420A,1,177226,True,0,0.0,0.0,0.0,presence
DFL-MAT-J0420N,0,49133,True,1,0.2,0.36394654312707364,0.2819732715635368,presence
DFL-MAT-J0420N,0,52767,True,0,0.0,0.0,0.0,presence
DFL-MAT-J0420N,0,76709,True,0,0.0,0.0,0.0,presence
DFL-MAT-J0420N,0,178005,True,0,0.0,0.0,0.0,presence
DFL-MAT-J0420N,1,78288,False,0,0.0,0.0,0.0,presence
DFL-MAT-J0420N,1,106018,False,1,0.2,0.0329239947139629,0.11646199735698146,proximity
DFL-MAT-J0420N,1,174086,False,0,0.0,0.0,0.0,presence
DFL-MAT-J0420P,0,37568,False,0,0.0,0.0,0.0,presence
DFL-MAT-J0420P,0,65446,False,0,0.0,0.0,0.0,presence
DFL-MAT-J0420P,1,21170,True,0,0.0,0.0,0.0,presence
DFL-MAT-J0420P,1,50759,True,0,0.0,0.0,0.0,presence
DFL-MAT-J0420P,1,51187,True,1,0.2,0.2195667869702106,0.2097833934851053,presence
DFL-MAT-J0420P,1,58800,True,0,0.0,0.0,0.0,presence
DFL-MAT-J0420P,1,63050,True,0,0.0,0.0,0.0,presence
DFL-MAT-J0420P,1,76777,True,0,0.0,0.0,0.0,presence
DFL-MAT-J0420P,1,109374,True,0,0.0,0.0,0.0,presence
DFL-MAT-J0420P,1,118630,True,1,0.2,0.848395250734023,0.5241976253670115,presence
DFL-MAT-J0420P,1,150986,True,0,0.0,0.0,0.0,presence
DFL-MAT-J0420P,1,157787,True,0,0.0,0.0,0.0,presence
DFL-MAT-J04215,0,60884,True,1,0.2,0.7611611421899694,0.48058057109498475,presence
DFL-MAT-J04215,0,113423,True,0,0.0,0.0,0.0,presence
DFL-MAT-J04215,0,131153,True,0,0.0,0.0,0.0,presence
DFL-MAT-J04215,0,149612,True,0,0.0,0.0,0.0,presence
DFL-MAT-J04215,0,167631,True,0,0.0,0.0,0.0,presence
DFL-MAT-J04215,1,46650,False,0,0.0,0.0,0.0,presence
DFL-MAT-J04215,1,64193,False,0,0.0,0.0,0.0,presence
DFL-MAT-J04215,1,126896,False,0,0.0,0.0,0.0,presence
DFL-MAT-J04215,1,164473,False,0,0.0,0.0,0.0,presence
DFL-MAT-J04215,1,170930,False,0,0.0,0.0,0.0,presence
DFL-MAT-J04219,0,141240,False,0,0.0,0.0,0.0,presence
DFL-MAT-J04219,1,22542,True,0,0.0,0.0,0.0,presence
DFL-MAT-J04219,1,70370,True,0,0.0,0.0,0.0,presence
DFL-MAT-J04219,1,78707,True,0,0.0,0.0,0.0,presence
DFL-MAT-J04219,1,106822,True,0,0.0,0.0,0.0,presence
DFL-MAT-J04219,1,115611,True,0,0.0,0.0,0.0,presence
DFL-MAT-J04219,1,120412,True,0,0.0,0.0,0.0,presence
DFL-MAT-J04219,1,155343,True,0,0.0,0.0,0.0,presence
DFL-MAT-J0421J,0,16635,False,0,0.0,0.0,0.0,presence
DFL-MAT-J0421J,0,41267,False,0,0.0,0.0,0.0,presence
DFL-MAT-J0421J,0,67813,False,0,0.0,0.0,0.0,presence
DFL-MAT-J0421J,0,70374,False,0,0.0,0.0,0.0,presence
DFL-MAT-J0421J,0,139815,False,0,0.0,0.0,0.0,presence
DFL-MAT-J0421J,0,175713,False,0,0.0,0.0,0.0,presence
DFL-MAT-J0421J,0,175746,False,2,0.4,0.3099741311604872,0.3549870655802436,proximity
DFL-MAT-J0421J,0,177840,False,1,0.2,0.0007963170604303738,0.10039815853021519,proximity
DFL-MAT-J0421J,1,25559,True,0,0.0,0.0,0.0,presence
DFL-MAT-J0421J,1,57552,True,0,0.0,0.0,0.0,presence
DFL-MAT-J0421J,1,105576,True,0,0.0,0.0,0.0,presence
DFL-MAT-J0421J,1,113803,True,0,0.0,0.0,0.0,presence
DFL-MAT-J0421J,1,121233,True,0,0.0,0.0,0.0,presence
DFL-MAT-J0421J,1,121600,True,0,0.0,0.0,0.0,presence
DFL-MAT-J0421J,1,166767,True,0,0.0,0.0,0.0,presence
DFL-MAT-J0421J,1,167886,True,0,0.0,0.0,0.0,presence
DFL-MAT-J0421J,1,175397,True,0,0.0,0.0,0.0,presence
DFL-MAT-J0421W,0,37030,True,0,0.0,0.0,0.0,presence
DFL-MAT-J0421W,0,75226,True,0,0.0,0.0,0.0,presence
DFL-MAT-J0421W,0,112956,True,0,0.0,0.0,0.0,presence
DFL-MAT-J0421W,0,147167,True,0,0.0,0.0,0.0,presence
DFL-MAT-J0421W,0,149050,True,0,0.0,0.0,0.0,presence
DFL-MAT-J0421W,1,39813,False,0,0.0,0.0,0.0,presence
DFL-MAT-J0421W,1,60762,False,0,0.0,0.0,0.0,presence
DFL-MAT-J0421W,1,115737,False,0,0.0,0.0,0.0,presence
DFL-MAT-J0421W,1,121458,False,0,0.0,0.0,0.0,presence
DFL-MAT-J0421W,1,160895,False,0,0.0,0.0,0.0,presence
DFL-MAT-J0421W,1,173847,False,0,0.0,0.0,0.0,presence
DFL-MAT-J0421Z,0,19674,False,0,0.0,0.0,0.0,presence
DFL-MAT-J0421Z,0,39503,False,0,0.0,0.0,0.0,presence
DFL-MAT-J0421Z,0,60006,False,0,0.0,0.0,0.0,presence
DFL-MAT-J0421Z,0,111877,False,0,0.0,0.0,0.0,presence
DFL-MAT-J0421Z,1,67499,True,0,0.0,0.0,0.0,presence
DFL-MAT-J0421Z,1,143301,True,0,0.0,0.0,0.0,presence
DFL-MAT-J0421Z,1,175798,True,0,0.0,0.0,0.0,presence
DFL-MAT-J0421Z,1,178938,True,1,0.2,0.10432818510349451,0.15216409255174726,proximity
DFL-MAT-J0422E,0,106423,True,0,0.0,0.0,0.0,presence
DFL-MAT-J0422E,0,121234,True,1,0.2,0.2298961109045089,0.21494805545225446,presence
DFL-MAT-J0422E,0,146572,True,0,0.0,0.0,0.0,presence
DFL-MAT-J0422E,0,152966,True,0,0.0,0.0,0.0,presence
DFL-MAT-J0422E,0,161473,True,0,0.0,0.0,0.0,presence
DFL-MAT-J0422E,0,172987,True,0,0.0,0.0,0.0,presence
DFL-MAT-J0422E,1,30452,False,0,0.0,0.0,0.0,presence
DFL-MAT-J0422E,1,38301,False,0,0.0,0.0,0.0,presence
DFL-MAT-J0422E,1,54369,False,0,0.0,0.0,0.0,presence
DFL-MAT-J0422E,1,116731,False,0,0.0,0.0,0.0,presence
DFL-MAT-J0422E,1,127366,False,0,0.0,0.0,0.0,presence
DFL-MAT-J0422E,1,168988,False,0,0.0,0.0,0.0,presence
DFL-MAT-J0422G,0,23986,False,0,0.0,0.0,0.0,presence
DFL-MAT-J0422G,0,72174,False,0,0.0,0.0,0.0,presence
DFL-MAT-J0422G,0,123345,False,0,0.0,0.0,0.0,presence
DFL-MAT-J0422G,0,129555,False,0,0.0,0.0,0.0,presence
DFL-MAT-J0422G,0,174402,False,0,0.0,0.0,0.0,presence
DFL-MAT-J0422G,1,18959,True,0,0.0,0.0,0.0,presence
DFL-MAT-J0422G,1,141802,True,1,0.2,0.1692605703350779,0.18463028516753896,proximity
