match_id,team,frame,object_id,jersey,player_name,gap_m
DFL-MAT-J041UB,0,11671,DFL-OBJ-J01D4G,9,Franck Honorat,2.832839608398892
DFL-MAT-J041UB,0,11881,DFL-OBJ-0028P3,16,Philipp Sander,1.7341326504574872
DFL-MAT-J041UB,0,12032,DFL-OBJ-0028P3,16,Philipp Sander,3.013310799653537
DFL-MAT-J041UB,0,28605,DFL-OBJ-002GC0,27,Rocco Reitz,4.549556619287068
DFL-MAT-J041UB,0,28726,DFL-OBJ-002GC0,27,Rocco Reitz,6.616659949618759
DFL-MAT-J041UB,0,124063,DFL-OBJ-0028P3,16,Philipp Sander,8.966695304924663
DFL-MAT-J041UB,0,132540,DFL-OBJ-002GC0,27,Rocco Reitz,5.704224663558202
DFL-MAT-J041UB,0,144131,DFL-OBJ-002706,10,Florian Christian Neuhaus,1.0850237523712918
DFL-MAT-J041UB,0,149983,DFL-OBJ-002GC0,27,Rocco Reitz,5.888414655957393
DFL-MAT-J041UB,0,150665,DFL-OBJ-0028P3,16,Philipp Sander,3.9161591475750583
DFL-MAT-J041UB,0,150777,DFL-OBJ-0028P3,16,Philipp Sander,6.928954190412831
DFL-MAT-J041UB,0,150838,DFL-OBJ-0028P3,16,Philipp Sander,2.528388204683023
DFL-MAT-J041UB,0,152153,DFL-OBJ-0028P3,16,Philipp Sander,1.6185624623240353
DFL-MAT-J041UB,0,152369,DFL-OBJ-J0117M,15,Haris Tabaković,4.471689961425223
DFL-MAT-J041UB,0,165058,DFL-OBJ-002706,10,Florian Christian Neuhaus,3.633603285927918
DFL-MAT-J041UB,0,170877,DFL-OBJ-002GC0,27,Rocco Reitz,7.381726520249384
DFL-MAT-J041UB,1,26980,DFL-OBJ-J01IZ9,21,Nicolai Remberg,1.0259184382665627
DFL-MAT-J041UB,1,33302,DFL-OBJ-J01OYX,8,Daniel Elfadli,1.7939751708371643
DFL-MAT-J041UB,1,38239,DFL-OBJ-J01G5F,17,Warmed Omari,1.1179815365422554
DFL-MAT-J041UB,1,46624,DFL-OBJ-J01IZ9,21,Nicolai Remberg,1.9504735100944697
DFL-MAT-J041UB,1,47606,DFL-OBJ-J01IZ9,21,Nicolai Remberg,5.569920317713619
DFL-MAT-J041UB,1,50828,DFL-OBJ-J01IZ9,21,Nicolai Remberg,6.456800893459374
DFL-MAT-J041UB,1,60385,DFL-OBJ-0027JU,25,Jordan Torunarigha,6.504092538785591
DFL-MAT-J041UB,1,66312,DFL-OBJ-J01H5G,24,Nicolas Capaldo Taboas,3.244069422770279
DFL-MAT-J041UB,1,74710,DFL-OBJ-J01H5G,24,Nicolas Capaldo Taboas,4.512568182857548
DFL-MAT-J041UB,1,74831,DFL-OBJ-J01H5G,24,Nicolas Capaldo Taboas,2.8551556140159704
DFL-MAT-J041UB,1,115072,DFL-OBJ-J01IZ9,21,Nicolai Remberg,4.8166978084345065
DFL-MAT-J041UB,1,122150,DFL-OBJ-J01H5G,24,Nicolas Capaldo Taboas,2.554174747736598
DFL-MAT-J041UB,1,122773,DFL-OBJ-J01H5G,24,Nicolas Capaldo Taboas,9.128167571307863
DFL-MAT-J041UB,1,126837,DFL-OBJ-J01IZ9,21,Nicolai Remberg,2.1306652876276027
DFL-MAT-J041UB,1,128069,DFL-OBJ-J01IZ9,21,Nicolai Remberg,4.725095857672893
DFL-MAT-J041UB,1,129467,DFL-OBJ-J01H5G,24,Nicolas Capaldo Taboas,2.2733371347855695
DFL-MAT-J041UB,1,129952,DFL-OBJ-J01G5F,17,Warmed Omari,1.6158879376864264
DFL-MAT-J041UB,1,131743,DFL-OBJ-J01VXC,16,Giorgi Gocholeishvili,6.938335980106431
DFL-MAT-J041UB,1,131846,DFL-OBJ-J01W6J,14,Rayan Philippe,1.353092936138226
DFL-MAT-J041UB,1,136794,DFL-OBJ-J01H5G,24,Nicolas Capaldo Taboas,3.67189189975097
DFL-MAT-J041UB,1,137100,DFL-OBJ-J01H5G,24,Nicolas Capaldo Taboas,5.604461736690214
DFL-MAT-J041UB,1,137189,DFL-OBJ-J01H5G,24,Nicolas Capaldo Taboas,3.2221187722857247
DFL-MAT-J041UB,1,141124,DFL-OBJ-J01H5G,24,Nicolas Capaldo Taboas,2.2197666988967266
DFL-MAT-J041UB,1,152235,DFL-OBJ-J01H5G,24,Nicolas Capaldo Taboas,4.296668965318467
DFL-MAT-J041UB,1,169715,DFL-OBJ-J01IZ9,21,Nicolai Remberg,2.4198012876277555
DFL-MAT-J041UN,0,36396,DFL-OBJ-J01IZ9,21,Nicolai Remberg,5.267318407869088
DFL-MAT-J041UN,0,36407,DFL-OBJ-J01IZ9,21,Nicolai Remberg,5.120046898897859
DFL-MAT-J041UN,0,37339,DFL-OBJ-J01OYX,8,Daniel Elfadli,1.555304741684465
DFL-MAT-J041UN,0,70706,DFL-OBJ-J01H5G,24,Nicolas Capaldo Taboas,7.132450274175086
DFL-MAT-J041UN,0,76717,DFL-OBJ-J01IZ9,21,Nicolai Remberg,8.036393300725807
DFL-MAT-J041UN,0,111985,DFL-OBJ-J01IZ9,21,Nicolai Remberg,5.862584648892679
DFL-MAT-J041UN,0,116349,DFL-OBJ-J01OYX,8,Daniel Elfadli,4.930024541045273
DFL-MAT-J041UN,0,116397,DFL-OBJ-J01H5G,24,Nicolas Capaldo Taboas,5.4989755499334105
DFL-MAT-J041UN,0,116502,DFL-OBJ-J01H5G,24,Nicolas Capaldo Taboas,2.565019192284945
DFL-MAT-J041UN,0,116562,DFL-OBJ-J01H5G,24,Nicolas Capaldo Taboas,2.116200006883995
DFL-MAT-J041UN,0,121093,DFL-OBJ-J01H5G,24,Nicolas Capaldo Taboas,3.087414916106601
DFL-MAT-J041UN,0,125115,DFL-OBJ-J01IZ9,21,Nicolai Remberg,4.716349289151934
DFL-MAT-J041UN,0,141878,DFL-OBJ-002G8B,11,Ransford-Yeboah Königsdörffer,3.4125957681130688
DFL-MAT-J041UN,0,144802,DFL-OBJ-0002F6,15,Yussuf Yurary Poulsen,2.8696790804358865
DFL-MAT-J041UN,0,148779,DFL-OBJ-0002F6,15,Yussuf Yurary Poulsen,4.0785898681407025
DFL-MAT-J041UN,0,151574,DFL-OBJ-J01QSK,49,Otto Emerson Stange,4.14188400670516
DFL-MAT-J041UN,0,153883,DFL-OBJ-J01QSK,49,Otto Emerson Stange,6.227216598328662
DFL-MAT-J041UN,0,162115,DFL-OBJ-0002F6,15,Yussuf Yurary Poulsen,3.7548872319951223
DFL-MAT-J041UN,0,163561,DFL-OBJ-J01IZ9,21,Nicolai Remberg,6.824920901556296
DFL-MAT-J041UN,0,174928,DFL-OBJ-J01IZ9,21,Nicolai Remberg,4.251985749329364
DFL-MAT-J041UN,0,175074,DFL-OBJ-J01IZ9,21,Nicolai Remberg,6.306229063394383
DFL-MAT-J041UN,0,178390,DFL-OBJ-0002F6,15,Yussuf Yurary Poulsen,7.920214742196072
DFL-MAT-J041UN,1,14267,DFL-OBJ-J01RKL,16,Joel Chima Fujita,3.59593134281263
DFL-MAT-J041UN,1,14472,DFL-OBJ-J01MZS,6,James Hoban Sands,5.317766634152786
DFL-MAT-J041UN,1,15324,DFL-OBJ-J01RKL,16,Joel Chima Fujita,5.665875870747262
DFL-MAT-J041UN,1,19073,DFL-OBJ-002GN4,25,Adam Dźwigała,1.89730543172009
DFL-MAT-J041UN,1,31140,DFL-OBJ-J01MZS,6,James Hoban Sands,7.578529206796766
DFL-MAT-J041UN,1,70327,DFL-OBJ-J01MZS,6,James Hoban Sands,3.0044958082394433
DFL-MAT-J041UN,1,108769,DFL-OBJ-J01RKL,16,Joel Chima Fujita,2.6622474957064126
DFL-MAT-J041UN,1,110823,DFL-OBJ-J02452,28,Mathias Pereira Lage,0.10846288549943467
DFL-MAT-J041UN,1,114809,DFL-OBJ-J01RKL,16,Joel Chima Fujita,1.2573242213251354
DFL-MAT-J041UN,1,118814,DFL-OBJ-J01MZS,6,James Hoban Sands,8.4862364966187
DFL-MAT-J041UN,1,134500,DFL-OBJ-J01MZS,6,James Hoban Sands,0.901911550233424
DFL-MAT-J041UN,1,157409,DFL-OBJ-J01RKL,16,Joel Chima Fujita,4.285954378930275
DFL-MAT-J041UN,1,164156,DFL-OBJ-J01HCH,24,Connor Isaac Metcalfe,12.378460184659877
DFL-MAT-J041UO,0,36224,DFL-OBJ-0027G6,7,Serge David Gnabry,8.241463746893388
DFL-MAT-J041UO,0,50154,DFL-OBJ-J01KAH,45,Aleksandar Pavlović,10.586060249447776
DFL-MAT-J041UO,0,51526,DFL-OBJ-0027T1,27,Konrad Laimer,0.9048374794390045
DFL-MAT-J041UO,0,55270,DFL-OBJ-002GIC,44,Josip Stanišić,0.9031918708422747
DFL-MAT-J041UO,0,62553,DFL-OBJ-0001UP,4,Jonathan Glao Tah,2.519574969055567
DFL-MAT-J041UO,0,102641,DFL-OBJ-0002F5,6,Joshua Walter Kimmich,7.841438675002641
DFL-MAT-J041UO,0,139491,DFL-OBJ-J01KAH,45,Aleksandar Pavlović,6.346570280158225
DFL-MAT-J041UO,0,154416,DFL-OBJ-J01KAH,45,Aleksandar Pavlović,10.476846724274944
DFL-MAT-J041UO,0,169645,DFL-OBJ-002GIC,44,Josip Stanišić,2.975691225850714
DFL-MAT-J041UO,1,13902,DFL-OBJ-J01IZ9,21,Nicolai Remberg,7.664837140804867
DFL-MAT-J041UO,1,28577,DFL-OBJ-J020IH,44,Luka Vušković,2.4557863139436815
DFL-MAT-J041UO,1,106612,DFL-OBJ-J01FRO,20,Fábio Daniel Ferreira Vieira,5.805207538744953
DFL-MAT-J041UO,1,116223,DFL-OBJ-J01FRO,20,Fábio Daniel Ferreira Vieira,7.003695056500136
DFL-MAT-J041UO,1,152853,DFL-OBJ-0001QT,23,Jonas Meffert,5.222021863768761
DFL-MAT-J041UO,1,159626,DFL-OBJ-0001QT,23,Jonas Meffert,1.134523340384214
DFL-MAT-J041UO,1,165511,DFL-OBJ-J01IZ9,21,Nicolai Remberg,0.8538800332078925
DFL-MAT-J041UO,1,167548,DFL-OBJ-J01IZ9,21,Nicolai Remberg,4.455489885911177
DFL-MAT-J041UO,1,167563,DFL-OBJ-0001QT,23,Jonas Meffert,5.0661349623544485
DFL-MAT-J041V5,0,25910,DFL-OBJ-J01HP7,28,Miro Max Maria Muheim,0.9825747230718614
DFL-MAT-J041V5,0,27332,DFL-OBJ-J01IZ9,21,Nicolai Remberg,2.4270136097122323
DFL-MAT-J041V5,0,28136,DFL-OBJ-J01HP7,28,Miro Max Maria Muheim,1.0916863159102421
DFL-MAT-J041V5,0,36863,DFL-OBJ-J01IZ9,21,Nicolai Remberg,7.214348528547676
DFL-MAT-J041V5,0,58747,DFL-OBJ-J01IZ9,21,Nicolai Remberg,7.509543968663075
DFL-MAT-J041V5,0,59712,DFL-OBJ-J01W6J,14,Rayan Philippe,1.0022616400230673
DFL-MAT-J041V5,0,62528,DFL-OBJ-J01IZ9,21,Nicolai Remberg,5.6673500677233175
DFL-MAT-J041V5,0,73565,DFL-OBJ-J01FRO,20,Fábio Daniel Ferreira Vieira,4.988081102630526
DFL-MAT-J041V5,0,78332,DFL-OBJ-J01IZ9,21,Nicolai Remberg,4.123357735189331
DFL-MAT-J041V5,0,104464,DFL-OBJ-J01OYX,8,Daniel Elfadli,10.07649752985311
DFL-MAT-J041V5,0,112550,DFL-OBJ-J01IZ9,21,Nicolai Remberg,14.230326380265808
DFL-MAT-J041V5,0,113444,DFL-OBJ-J01FRO,20,Fábio Daniel Ferreira Vieira,0.24509509366421522
DFL-MAT-J041V5,0,113463,DFL-OBJ-J01FRO,20,Fábio Daniel Ferreira Vieira,2.3010478021228296
DFL-MAT-J041V5,0,124590,DFL-OBJ-J01FRO,20,Fábio Daniel Ferreira Vieira,7.366296705977425
DFL-MAT-J041V5,0,126600,DFL-OBJ-J01FRO,20,Fábio Daniel Ferreira Vieira,6.049010734343058
DFL-MAT-J041V5,0,134686,DFL-OBJ-J01FRO,20,Fábio Daniel Ferreira Vieira,7.409349199191219
DFL-MAT-J041V5,0,134881,DFL-OBJ-J01IZ9,21,Nicolai Remberg,1.4806075663159681
DFL-MAT-J041V5,0,136108,DFL-OBJ-J01IZ9,21,Nicolai Remberg,0.9570079401608262
DFL-MAT-J041V5,0,156775,DFL-OBJ-J01HP7,28,Miro Max Maria Muheim,1.0317490842445698
DFL-MAT-J041V5,0,158335,DFL-OBJ-J01A3I,6,Albert-Mboyo Sambi Lokonga,4.557611731088775
DFL-MAT-J041V5,0,162064,DFL-OBJ-J01A3I,6,Albert-Mboyo Sambi Lokonga,3.2659751724654145
DFL-MAT-J041V5,0,170921,DFL-OBJ-J01IZ9,21,Nicolai Remberg,3.571140323464836
DFL-MAT-J041V5,0,171641,DFL-OBJ-J01HP7,28,Miro Max Maria Muheim,1.473694442088307
DFL-MAT-J041V5,0,171660,DFL-OBJ-J01HP7,28,Miro Max Maria Muheim,0.7878412448967712
DFL-MAT-J041V5,0,180645,DFL-OBJ-0027HO,9,Robert-Nesta Glatzel,2.152013412689392
DFL-MAT-J041V5,1,17826,DFL-OBJ-002GA9,3,Jan Schöppner,3.956329824346339
DFL-MAT-J041V5,1,35095,DFL-OBJ-J01GHT,20,Luca Kerber,3.7309524484827645
DFL-MAT-J041V5,1,38492,DFL-OBJ-0027BI,30,Niklas Bernd Dorsch,6.126054557743054
DFL-MAT-J041V5,1,38770,DFL-OBJ-0027BI,30,Niklas Bernd Dorsch,7.729552236564407
DFL-MAT-J041V5,1,39839,DFL-OBJ-0027BI,30,Niklas Bernd Dorsch,8.866143468272998
DFL-MAT-J041V5,1,47271,DFL-OBJ-J01EAZ,22,Arijon Ibrahimović,3.7520121350721127
DFL-MAT-J041V5,1,49086,DFL-OBJ-J01EAZ,22,Arijon Ibrahimović,8.550760922027877
DFL-MAT-J041V5,1,50381,DFL-OBJ-0001K8,6,Patrick Mainka,0.13222222222222008
DFL-MAT-J041V5,1,52193,DFL-OBJ-0027BI,30,Niklas Bernd Dorsch,2.4733423180429797
DFL-MAT-J041V5,1,52944,DFL-OBJ-0027BI,30,Niklas Bernd Dorsch,2.365064663851192
DFL-MAT-J041V5,1,60813,DFL-OBJ-00266E,19,Jonas Föhrenbach,4.613089535412073
DFL-MAT-J041V5,1,71358,DFL-OBJ-J01AZQ,23,Omar Haktab Traoré,0.6387536088661252
DFL-MAT-J041V5,1,71408,DFL-OBJ-J01GHT,20,Luca Kerber,0.8514163943354673
DFL-MAT-J041V5,1,71499,DFL-OBJ-0001K8,6,Patrick Mainka,1.4542169417181994
DFL-MAT-J041V5,1,104322,DFL-OBJ-J01EAZ,22,Arijon Ibrahimović,15.04471364439933
DFL-MAT-J041V5,1,109813,DFL-OBJ-0027BI,30,Niklas Bernd Dorsch,4.190614145155843
DFL-MAT-J041V5,1,109877,DFL-OBJ-0027BI,30,Niklas Bernd Dorsch,6.2136609753066985
DFL-MAT-J041V5,1,110087,DFL-OBJ-002GA9,3,Jan Schöppner,3.1507767022054245
DFL-MAT-J041V5,1,120520,DFL-OBJ-0027BI,30,Niklas Bernd Dorsch,3.914889115942295
DFL-MAT-J041V5,1,122504,DFL-OBJ-J01AUU,21,Adrian Beck,6.568264986910287
DFL-MAT-J041V5,1,122993,DFL-OBJ-0027BI,30,Niklas Bernd Dorsch,3.317625582577518
DFL-MAT-J041V5,1,124987,DFL-OBJ-00266E,19,Jonas Föhrenbach,9.445824016888347
DFL-MAT-J041V5,1,130166,DFL-OBJ-002GA9,3,Jan Schöppner,9.566374043788956
DFL-MAT-J041V5,1,132875,DFL-OBJ-002651,5,Benedikt Steffen Gimber,5.251688499784183
DFL-MAT-J041V5,1,139538,DFL-OBJ-J01AUU,21,Adrian Beck,8.011830218919403
DFL-MAT-J041V5,1,147090,DFL-OBJ-J01AUU,21,Adrian Beck,2.3426380613359252
DFL-MAT-J041V5,1,172787,DFL-OBJ-0027BI,30,Niklas Bernd Dorsch,2.869704247677065
DFL-MAT-J041V5,1,172895,DFL-OBJ-0027BI,30,Niklas Bernd Dorsch,3.392831950152454
DFL-MAT-J041V5,1,173295,DFL-OBJ-0001K8,6,Patrick Mainka,4.087178990301922
DFL-MAT-J041V5,1,176180,DFL-OBJ-0027BI,30,Niklas Bernd Dorsch,10.318255187940293
DFL-MAT-J041V5,1,176442,DFL-OBJ-0027BI,30,Niklas Bernd Dorsch,8.020060342742726
DFL-MAT-J041V5,1,180860,DFL-OBJ-0028HA,31,Sirlord Calvin Conteh,2.6848058991385955
DFL-MAT-J041VB,0,15574,DFL-OBJ-J01WS3,10,Ilyas Ansah,2.746602839963184
DFL-MAT-J041VB,0,29172,DFL-OBJ-0001EA,8,Rani Khedira,1.0181270628214254
DFL-MAT-J041VB,0,36727,DFL-OBJ-0001EA,8,Rani Khedira,4.02418767203433
DFL-MAT-J041VB,0,37024,DFL-OBJ-0001EA,8,Rani Khedira,6.817217491102042
DFL-MAT-J041VB,0,52502,DFL-OBJ-J020KQ,14,Leopold Querfeld,3.253998489987288
DFL-MAT-J041VB,0,52563,DFL-OBJ-0001EA,8,Rani Khedira,3.1504898698064583
DFL-MAT-J041VB,0,68134,DFL-OBJ-0002DW,19,Janik Haberer,5.841718840576435
DFL-MAT-J041VB,0,76525,DFL-OBJ-0001EA,8,Rani Khedira,4.477559410170338
DFL-MAT-J041VB,0,77197,DFL-OBJ-0001EA,8,Rani Khedira,1.6805055088966825
DFL-MAT-J041VB,0,78607,DFL-OBJ-0001EA,8,Rani Khedira,8.301648356326517
DFL-MAT-J041VB,0,106752,DFL-OBJ-0001EA,8,Rani Khedira,3.1200389756983062
DFL-MAT-J041VB,0,109561,DFL-OBJ-0001EA,8,Rani Khedira,8.239483158308499
DFL-MAT-J041VB,0,110858,DFL-OBJ-J01WS3,10,Ilyas Ansah,1.2136593985968473
DFL-MAT-J041VB,0,111914,DFL-OBJ-0001EA,8,Rani Khedira,5.872840291240665
DFL-MAT-J041VB,0,112282,DFL-OBJ-0001EA,8,Rani Khedira,3.8631038822348893
DFL-MAT-J041VB,0,114137,DFL-OBJ-0001EA,8,Rani Khedira,2.068711652510948
DFL-MAT-J041VB,0,125535,DFL-OBJ-0001EA,8,Rani Khedira,4.189493325091672
DFL-MAT-J041VB,0,140353,DFL-OBJ-J01GUA,13,András Schäfer,6.348076601870041
DFL-MAT-J041VB,0,159808,DFL-OBJ-J01KAI,15,Tom Alexander Rothe,4.568215741591939
DFL-MAT-J041VB,0,166168,DFL-OBJ-J01GUA,13,András Schäfer,6.301732957814457
DFL-MAT-J041VB,0,172208,DFL-OBJ-J01GQO,5,Danilho Raimundo Doekhi,5.17659035025189
DFL-MAT-J041VB,0,173941,DFL-OBJ-0001EA,8,Rani Khedira,5.040122475486207
DFL-MAT-J041VB,0,177094,DFL-OBJ-0001EA,8,Rani Khedira,4.340696024292491
DFL-MAT-J041VB,0,177377,DFL-OBJ-0001EA,8,Rani Khedira,2.8114233467352254
DFL-MAT-J041VB,1,21307,DFL-OBJ-J01IZ9,21,Nicolai Remberg,4.565760521074497
DFL-MAT-J041VB,1,21912,DFL-OBJ-J01IZ9,21,Nicolai Remberg,4.249580516698234
DFL-MAT-J041VB,1,22024,DFL-OBJ-J01FRO,20,Fábio Daniel Ferreira Vieira,2.227133461827136
DFL-MAT-J041VB,1,24135,DFL-OBJ-J01FRO,20,Fábio Daniel Ferreira Vieira,3.251660164771294
DFL-MAT-J041VB,1,67920,DFL-OBJ-J01G5F,17,Warmed Omari,5.350589214121334
DFL-MAT-J041VB,1,68694,DFL-OBJ-J01HP7,28,Miro Max Maria Muheim,2.2116763654927043
DFL-MAT-J041VB,1,70109,DFL-OBJ-J01IZ9,21,Nicolai Remberg,1.4471769026813253
DFL-MAT-J041VB,1,105985,DFL-OBJ-J01FRO,20,Fábio Daniel Ferreira Vieira,1.4802306293444254
DFL-MAT-J041VB,1,139237,DFL-OBJ-J01G5F,17,Warmed Omari,1.488672040593377
DFL-MAT-J041VB,1,139356,DFL-OBJ-J01IZ9,21,Nicolai Remberg,1.7887860563956723
DFL-MAT-J041VB,1,146620,DFL-OBJ-J019DF,13,Guilherme Magro Pires Ramos,2.648517171905165
DFL-MAT-J041VB,1,150843,DFL-OBJ-J019DF,13,Guilherme Magro Pires Ramos,1.351462399508003
DFL-MAT-J041VB,1,160345,DFL-OBJ-J01IZ9,21,Nicolai Remberg,4.80718199836787
DFL-MAT-J041VB,1,175621,DFL-OBJ-J01OYX,8,Daniel Elfadli,1.3403449896791562
DFL-MAT-J041VN,0,21255,DFL-OBJ-J01IZ9,21,Nicolai Remberg,5.473369874015253
DFL-MAT-J041VN,0,26035,DFL-OBJ-J01IZ9,21,Nicolai Remberg,7.382222556692747
DFL-MAT-J041VN,0,26133,DFL-OBJ-J01IZ9,21,Nicolai Remberg,2.1572301628033688
DFL-MAT-J041VN,0,37377,DFL-OBJ-002G8B,11,Ransford-Yeboah Königsdörffer,0.5657399830267112
DFL-MAT-J041VN,0,42757,DFL-OBJ-J01IZ9,21,Nicolai Remberg,4.315037301528254
DFL-MAT-J041VN,0,53821,DFL-OBJ-J01IZ9,21,Nicolai Remberg,3.723731369022477
DFL-MAT-J041VN,0,62347,DFL-OBJ-J01A3I,6,Albert-Mboyo Sambi Lokonga,1.53749074071286
DFL-MAT-J041VN,0,62542,DFL-OBJ-J01A3I,6,Albert-Mboyo Sambi Lokonga,2.053192936518115
DFL-MAT-J041VN,0,65318,DFL-OBJ-J01IZ9,21,Nicolai Remberg,0.8339849304379136
DFL-MAT-J041VN,0,77711,DFL-OBJ-J01IZ9,21,Nicolai Remberg,4.8196726490960415
DFL-MAT-J041VN,0,80082,DFL-OBJ-J01IZ9,21,Nicolai Remberg,3.4333378281164384
DFL-MAT-J041VN,0,116018,DFL-OBJ-002G8B,11,Ransford-Yeboah Königsdörffer,3.325914150766908
DFL-MAT-J041VN,0,121467,DFL-OBJ-J01A3I,6,Albert-Mboyo Sambi Lokonga,1.3368047402594943
DFL-MAT-J041VN,0,126521,DFL-OBJ-0001QT,23,Jonas Meffert,2.6925083536672445
DFL-MAT-J041VN,0,148009,DFL-OBJ-0001QT,23,Jonas Meffert,2.008783183059631
DFL-MAT-J041VN,0,155023,DFL-OBJ-J01IZ9,21,Nicolai Remberg,2.123162095543016
DFL-MAT-J041VN,0,161326,DFL-OBJ-J01IZ9,21,Nicolai Remberg,5.714722701545155
DFL-MAT-J041VN,0,163116,DFL-OBJ-0001QT,23,Jonas Meffert,4.464118814516865
DFL-MAT-J041VN,0,164172,DFL-OBJ-J01IZ9,21,Nicolai Remberg,0.3014225531634189
DFL-MAT-J041VN,0,168482,DFL-OBJ-J01HP7,28,Miro Max Maria Muheim,1.7488550046131577
DFL-MAT-J041VN,1,18792,DFL-OBJ-0002LI,10,Nadiem Amiri,5.971058801408384
DFL-MAT-J041VN,1,18854,DFL-OBJ-0002LI,10,Nadiem Amiri,3.996336594037033
DFL-MAT-J041VN,1,23528,DFL-OBJ-0002LI,10,Nadiem Amiri,3.746699123360139
DFL-MAT-J041VN,1,25833,DFL-OBJ-J021EE,6,Kaishu Sano,5.538716814445137
DFL-MAT-J041VN,1,32937,DFL-OBJ-J021EE,6,Kaishu Sano,5.673481087861398
DFL-MAT-J041VN,1,34110,DFL-OBJ-0002LI,10,Nadiem Amiri,2.342686281247592
DFL-MAT-J041VN,1,34706,DFL-OBJ-J021EE,6,Kaishu Sano,5.089308085597046
DFL-MAT-J041VN,1,41573,DFL-OBJ-0002LI,10,Nadiem Amiri,4.915563592519048
DFL-MAT-J041VN,1,63765,DFL-OBJ-0002LI,10,Nadiem Amiri,7.273727456477255
DFL-MAT-J041VN,1,71508,DFL-OBJ-00278Q,2,Phillipp Mwene,0.3570126394000038
DFL-MAT-J041VN,1,104930,DFL-OBJ-J021EE,6,Kaishu Sano,7.507547889200707
DFL-MAT-J041VN,1,104994,DFL-OBJ-J021EE,6,Kaishu Sano,4.428887355744844
DFL-MAT-J041VN,1,108029,DFL-OBJ-00015H,31,Dominik Kohr,7.264635886808178
DFL-MAT-J041VN,1,109269,DFL-OBJ-0028RJ,7,Jae-sung Lee,5.051558859756093
DFL-MAT-J041VN,1,111722,DFL-OBJ-J021EE,6,Kaishu Sano,9.843375537655191
DFL-MAT-J041VN,1,111766,DFL-OBJ-J021EE,6,Kaishu Sano,7.337490572480116
DFL-MAT-J041VN,1,111772,DFL-OBJ-J021EE,6,Kaishu Sano,7.076160289623495
DFL-MAT-J041VN,1,119001,DFL-OBJ-0002LI,10,Nadiem Amiri,3.5944753562126066
DFL-MAT-J041VN,1,122803,DFL-OBJ-0002LI,10,Nadiem Amiri,3.6523048701056617
DFL-MAT-J041VN,1,139837,DFL-OBJ-0002LI,10,Nadiem Amiri,3.506007894746485
DFL-MAT-J041VN,1,159394,DFL-OBJ-J021EE,6,Kaishu Sano,7.7811373696543935
DFL-MAT-J041VN,1,159405,DFL-OBJ-J021EE,6,Kaishu Sano,7.7005031902282886
DFL-MAT-J041VN,1,166034,DFL-OBJ-J021EE,6,Kaishu Sano,10.800729113477297
DFL-MAT-J041VN,1,169985,DFL-OBJ-0028BP,15,Lennard Patrick Maloney,2.494943528394288
DFL-MAT-J041VN,1,170036,DFL-OBJ-002G5B,8,Paul Nebel,1.6236105170610047
DFL-MAT-J041VR,0,11688,DFL-OBJ-J01FO9,13,Nicolas Seiwald,5.2077910532509835
DFL-MAT-J041VR,0,23016,DFL-OBJ-J01FO9,13,Nicolas Seiwald,5.986973925959881
DFL-MAT-J041VR,0,43611,DFL-OBJ-0028KN,14,Christoph Baumgartner,3.4008176213709445
DFL-MAT-J041VR,0,51499,DFL-OBJ-J01FO9,13,Nicolas Seiwald,3.8541407907039287
DFL-MAT-J041VR,0,57508,DFL-OBJ-J01FO9,13,Nicolas Seiwald,3.0351986531687736
DFL-MAT-J041VR,0,58844,DFL-OBJ-0000HO,4,Willi Thomas Orbán,0.46853725624951287
DFL-MAT-J041VR,0,65508,DFL-OBJ-0000HO,4,Willi Thomas Orbán,8.646711642134377
DFL-MAT-J041VR,0,103978,DFL-OBJ-J01FO9,13,Nicolas Seiwald,5.075874795369915
DFL-MAT-J041VR,0,115164,DFL-OBJ-J01KAN,20,Forzan Assan Ouédraogo,3.2727354813464715
DFL-MAT-J041VR,0,117389,DFL-OBJ-J01KAN,20,Forzan Assan Ouédraogo,11.270906280998956
DFL-MAT-J041VR,0,117583,DFL-OBJ-J01KAN,20,Forzan Assan Ouédraogo,5.358286302425938
DFL-MAT-J041VR,0,121168,DFL-OBJ-0028KN,14,Christoph Baumgartner,6.806183916569758
DFL-MAT-J041VR,0,133927,DFL-OBJ-0028KN,14,Christoph Baumgartner,4.2200762090128805
DFL-MAT-J041VR,0,138113,DFL-OBJ-J024LV,40,Rômulo José Cardoso da Cruz,0.33374973990834367
DFL-MAT-J041VR,0,145118,DFL-OBJ-J01FO9,13,Nicolas Seiwald,3.872431366900906
DFL-MAT-J041VR,0,147629,DFL-OBJ-J01FO9,13,Nicolas Seiwald,7.405894382513044
DFL-MAT-J041VR,0,148549,DFL-OBJ-0000HO,4,Willi Thomas Orbán,1.183225347185489
DFL-MAT-J041VR,0,151510,DFL-OBJ-J01FO9,13,Nicolas Seiwald,4.245325824718834
DFL-MAT-J041VR,0,152059,DFL-OBJ-J01FO9,13,Nicolas Seiwald,3.3614923567067
DFL-MAT-J041VR,0,156655,DFL-OBJ-J01FO9,13,Nicolas Seiwald,6.690676948163868
DFL-MAT-J041VR,0,157165,DFL-OBJ-002G1U,24,Xaver Schlager,3.968518864174473
DFL-MAT-J041VR,0,160401,DFL-OBJ-J01O02,6,Ezechiel Banzuzi,5.754530689534125
DFL-MAT-J041VR,0,160681,DFL-OBJ-J01FO9,13,Nicolas Seiwald,3.1353691180103245
DFL-MAT-J041VR,0,165756,DFL-OBJ-J01O02,6,Ezechiel Banzuzi,0.9079430014197823
DFL-MAT-J041VR,0,169260,DFL-OBJ-J01FO9,13,Nicolas Seiwald,2.0720184588529023
DFL-MAT-J041VR,0,172938,DFL-OBJ-J01O02,6,Ezechiel Banzuzi,1.8548867723587903
DFL-MAT-J041VR,1,12275,DFL-OBJ-J01IZ9,21,Nicolai Remberg,4.0886865891984625
DFL-MAT-J041VR,1,17591,DFL-OBJ-J01H5G,24,Nicolas Capaldo Taboas,1.6318107037397152
DFL-MAT-J041VR,1,26253,DFL-OBJ-J01IZ9,21,Nicolai Remberg,3.7842906277868718
DFL-MAT-J041VR,1,38067,DFL-OBJ-J01IZ9,21,Nicolai Remberg,3.6729442894068542
DFL-MAT-J041VR,1,39604,DFL-OBJ-002G8B,11,Ransford-Yeboah Königsdörffer,4.0826880820494535
DFL-MAT-J041VR,1,46540,DFL-OBJ-J01IZ9,21,Nicolai Remberg,6.145469976703807
DFL-MAT-J041VR,1,47677,DFL-OBJ-J01HP7,28,Miro Max Maria Muheim,1.6552501582599983
DFL-MAT-J041VR,1,55114,DFL-OBJ-J01A3I,6,Albert-Mboyo Sambi Lokonga,4.894425652631349
DFL-MAT-J041VR,1,55371,DFL-OBJ-J01A3I,6,Albert-Mboyo Sambi Lokonga,2.290628519063202
DFL-MAT-J041VR,1,76767,DFL-OBJ-J01A3I,6,Albert-Mboyo Sambi Lokonga,2.606582597867594
DFL-MAT-J041VR,1,76929,DFL-OBJ-J01IZ9,21,Nicolai Remberg,3.158967052614852
DFL-MAT-J041VR,1,107009,DFL-OBJ-J01IZ9,21,Nicolai Remberg,3.74870331490902
DFL-MAT-J041VR,1,139363,DFL-OBJ-J01IZ9,21,Nicolai Remberg,9.181946994907124
DFL-MAT-J041VR,1,143971,DFL-OBJ-J01A3I,6,Albert-Mboyo Sambi Lokonga,4.589456784876281
DFL-MAT-J041VR,1,144001,DFL-OBJ-J01A3I,6,Albert-Mboyo Sambi Lokonga,4.17032565267782
DFL-MAT-J041VR,1,151178,DFL-OBJ-0002F6,15,Yussuf Yurary Poulsen,8.984446917854937
DFL-MAT-J041VR,1,154824,DFL-OBJ-J01IZ9,21,Nicolai Remberg,3.380482287163644
DFL-MAT-J041VR,1,160861,DFL-OBJ-J01IZ9,21,Nicolai Remberg,2.569119799310625
DFL-MAT-J041VR,1,169982,DFL-OBJ-J01OYX,8,Daniel Elfadli,4.271274277146961
DFL-MAT-J041VR,1,174633,DFL-OBJ-0002F6,15,Yussuf Yurary Poulsen,3.637254764547329
DFL-MAT-J041W5,0,10513,DFL-OBJ-J01A3I,6,Albert-Mboyo Sambi Lokonga,2.6321567929582117
DFL-MAT-J041W5,0,31687,DFL-OBJ-J01IZ9,21,Nicolai Remberg,5.36409485190623
DFL-MAT-J041W5,0,31692,DFL-OBJ-J01IZ9,21,Nicolai Remberg,5.408802268091211
DFL-MAT-J041W5,0,56708,DFL-OBJ-J020IH,44,Luka Vušković,8.673143591171915
DFL-MAT-J041W5,0,57764,DFL-OBJ-J01A3I,6,Albert-Mboyo Sambi Lokonga,2.036989124015642
DFL-MAT-J041W5,0,103211,DFL-OBJ-J01IZ9,21,Nicolai Remberg,5.968629617104153
DFL-MAT-J041W5,0,106746,DFL-OBJ-J01IZ9,21,Nicolai Remberg,6.3817092025317965
DFL-MAT-J041W5,0,114323,DFL-OBJ-J01A3I,6,Albert-Mboyo Sambi Lokonga,7.942570796926994
DFL-MAT-J041W5,0,134297,DFL-OBJ-J01OYX,8,Daniel Elfadli,6.110581896277241
DFL-MAT-J041W5,0,158095,DFL-OBJ-J01IZ9,21,Nicolai Remberg,8.053396645569135
DFL-MAT-J041W5,0,172826,DFL-OBJ-J01IZ9,21,Nicolai Remberg,2.26603613234353
DFL-MAT-J041W5,1,13416,DFL-OBJ-0000Y4,27,Maximilian Arnold,3.5318015547624153
DFL-MAT-J041W5,1,30323,DFL-OBJ-0000Y4,27,Maximilian Arnold,3.422166125081356
DFL-MAT-J041W5,1,36712,DFL-OBJ-J01G3P,4,Konstantinos Koulierakis,0.8968889990089037
DFL-MAT-J041W5,1,36792,DFL-OBJ-J01G3P,4,Konstantinos Koulierakis,1.396143276810337
DFL-MAT-J041W5,1,36888,DFL-OBJ-J01G3P,4,Konstantinos Koulierakis,1.39783607014998
DFL-MAT-J041W5,1,52600,DFL-OBJ-J02471,5,Vinicius de Souza Costa,4.200124924655938
DFL-MAT-J041W5,1,70747,DFL-OBJ-J00W7B,24,Christian Dannemann Eriksen,1.7818720215645547
DFL-MAT-J041W5,1,77776,DFL-OBJ-J00W7B,24,Christian Dannemann Eriksen,2.088787231568937
DFL-MAT-J041W5,1,77817,DFL-OBJ-J00W7B,24,Christian Dannemann Eriksen,2.2050452810221453
DFL-MAT-J041W5,1,81617,DFL-OBJ-0000Y4,27,Maximilian Arnold,3.1575181690141276
DFL-MAT-J041W5,1,81674,DFL-OBJ-J02471,5,Vinicius de Souza Costa,4.153905941147593
DFL-MAT-J041W5,1,101783,DFL-OBJ-J01NZR,26,Saël Kumbedi Kumbedi,1.8302401515499733
DFL-MAT-J041W5,1,101805,DFL-OBJ-J01NZR,26,Saël Kumbedi Kumbedi,0.7913989800846434
DFL-MAT-J041W5,1,103600,DFL-OBJ-J00W7B,24,Christian Dannemann Eriksen,5.457006482778488
DFL-MAT-J041W5,1,105301,DFL-OBJ-J02471,5,Vinicius de Souza Costa,6.380059406047199
DFL-MAT-J041W5,1,105362,DFL-OBJ-J01G3P,4,Konstantinos Koulierakis,1.7297159547019916
DFL-MAT-J041W5,1,108985,DFL-OBJ-0000Y4,27,Maximilian Arnold,1.580009767120926
DFL-MAT-J041W5,1,118592,DFL-OBJ-0000Y4,27,Maximilian Arnold,6.1871696195622885
DFL-MAT-J041W5,1,118673,DFL-OBJ-J01K9O,8,Bence Dardai,5.123954154053246
DFL-MAT-J041W5,1,123566,DFL-OBJ-J01K9O,8,Bence Dardai,7.944211185386798
DFL-MAT-J041W5,1,125508,DFL-OBJ-J024SW,14,Jenson Seelt,1.1944444444444393
DFL-MAT-J041W5,1,129300,DFL-OBJ-J00W7B,24,Christian Dannemann Eriksen,2.7172210295551587
DFL-MAT-J041W5,1,130823,DFL-OBJ-0000Y4,27,Maximilian Arnold,3.8605681472748397
DFL-MAT-J041W5,1,130866,DFL-OBJ-0000Y4,27,Maximilian Arnold,6.333778249479543
DFL-MAT-J041W5,1,133967,DFL-OBJ-0000Y4,27,Maximilian Arnold,2.3445731928839697
DFL-MAT-J041W5,1,134158,DFL-OBJ-0000Y4,27,Maximilian Arnold,2.498246545573344
DFL-MAT-J041W5,1,137897,DFL-OBJ-J024SW,14,Jenson Seelt,1.622300226435091
DFL-MAT-J041W5,1,142392,DFL-OBJ-J01K9O,8,Bence Dardai,9.792073009693121
DFL-MAT-J041W5,1,152479,DFL-OBJ-0000Y4,27,Maximilian Arnold,2.6208426220173324
DFL-MAT-J041W5,1,152495,DFL-OBJ-0000Y4,27,Maximilian Arnold,2.4881807028181395
DFL-MAT-J041W5,1,161018,DFL-OBJ-J0165W,32,Mattias Olof Svanberg,2.931127958843004
DFL-MAT-J041W5,1,162184,DFL-OBJ-J01K9O,8,Bence Dardai,3.0086693666843307
DFL-MAT-J041W5,1,165195,DFL-OBJ-J01K9O,8,Bence Dardai,7.553308489384138
DFL-MAT-J041W5,1,171680,DFL-OBJ-J01G3P,4,Konstantinos Koulierakis,5.1579487979689285
DFL-MAT-J041W5,1,172521,DFL-OBJ-0000Y4,27,Maximilian Arnold,3.289025710367249
DFL-MAT-J041W5,1,173525,DFL-OBJ-J01C0A,7,Andreas Skov Olsen,8.131544733510752
DFL-MAT-J041W5,1,175216,DFL-OBJ-J01K9O,8,Bence Dardai,3.6445191388009506
DFL-MAT-J041WE,0,58068,DFL-OBJ-J01DVC,8,Denis Huseinbašić,6.450045458735396
DFL-MAT-J041WE,0,58338,DFL-OBJ-J01DVC,8,Denis Huseinbašić,6.304354755951545
DFL-MAT-J041WE,0,59622,DFL-OBJ-J01GSF,18,Ísak Bergmann Jóhannesson,2.2888252418335333
DFL-MAT-J041WE,0,76784,DFL-OBJ-J01GSF,18,Ísak Bergmann Jóhannesson,4.043052874154612
DFL-MAT-J041WE,0,77848,DFL-OBJ-002GKO,6,Eric Martel,5.148713971037384
DFL-MAT-J041WE,0,78733,DFL-OBJ-J01GSF,18,Ísak Bergmann Jóhannesson,11.118909707629602
DFL-MAT-J041WE,0,100877,DFL-OBJ-J01DVC,8,Denis Huseinbašić,7.591465643555527
DFL-MAT-J041WE,0,118280,DFL-OBJ-J01GSF,18,Ísak Bergmann Jóhannesson,2.788303834162435
DFL-MAT-J041WE,0,118496,DFL-OBJ-002GKO,6,Eric Martel,2.013834865175774
DFL-MAT-J041WE,0,122794,DFL-OBJ-J01DVC,8,Denis Huseinbašić,1.5841970353821453
DFL-MAT-J041WE,0,139027,DFL-OBJ-0000XU,3,Dominique Heintz,2.5332809448774167
DFL-MAT-J041WE,0,139167,DFL-OBJ-002GDA,9,Ragnar Prince Friedel Ache,0.9597453365925308
DFL-MAT-J041WE,0,145199,DFL-OBJ-J01DVC,8,Denis Huseinbašić,5.946386910044673
DFL-MAT-J041WE,0,155601,DFL-OBJ-0028TI,5,Tom Krauß,1.9018924947873304
DFL-MAT-J041WE,0,172412,DFL-OBJ-0028NR,30,Marius Bülter,1.8800052534730862
DFL-MAT-J041WE,0,182180,DFL-OBJ-J01FYE,16,Jakub Piotr Kamiński,6.505519498903779
DFL-MAT-J041WE,1,19040,DFL-OBJ-J01A3I,6,Albert-Mboyo Sambi Lokonga,5.017732998520791
DFL-MAT-J041WE,1,25482,DFL-OBJ-002G8B,11,Ransford-Yeboah Königsdörffer,0.5985269984731133
DFL-MAT-J041WE,1,45870,DFL-OBJ-J01A3I,6,Albert-Mboyo Sambi Lokonga,9.468028723088802
DFL-MAT-J041WE,1,45936,DFL-OBJ-J01FRO,20,Fábio Daniel Ferreira Vieira,10.26147999096321
DFL-MAT-J041WE,1,45960,DFL-OBJ-J01FRO,20,Fábio Daniel Ferreira Vieira,9.591237577685424
DFL-MAT-J041WE,1,54574,DFL-OBJ-002G8B,11,Ransford-Yeboah Königsdörffer,1.873996850992785
DFL-MAT-J041WE,1,55509,DFL-OBJ-J01A3I,6,Albert-Mboyo Sambi Lokonga,0.4803111131673921
DFL-MAT-J041WE,1,62239,DFL-OBJ-J01A3I,6,Albert-Mboyo Sambi Lokonga,1.4289618954910697
DFL-MAT-J041WE,1,65280,DFL-OBJ-J01FRO,20,Fábio Daniel Ferreira Vieira,4.839935847957665
DFL-MAT-J041WE,1,66680,DFL-OBJ-J01A3I,6,Albert-Mboyo Sambi Lokonga,1.2895520324688026
DFL-MAT-J041WE,1,68767,DFL-OBJ-J01FRO,20,Fábio Daniel Ferreira Vieira,11.186076938942922
DFL-MAT-J041WE,1,72141,DFL-OBJ-J01FRO,20,Fábio Daniel Ferreira Vieira,3.109112453243462
DFL-MAT-J041WE,1,78017,DFL-OBJ-J01OYX,8,Daniel Elfadli,3.7010016995736286
DFL-MAT-J041WE,1,78114,DFL-OBJ-J01OYX,8,Daniel Elfadli,3.94996874499277
DFL-MAT-J041WE,1,81822,DFL-OBJ-J01A3I,6,Albert-Mboyo Sambi Lokonga,4.778034360035411
DFL-MAT-J041WE,1,104364,DFL-OBJ-J01W6J,14,Rayan Philippe,0.450590832979803
DFL-MAT-J041WE,1,117469,DFL-OBJ-J020IH,44,Luka Vušković,3.2784556737796966
DFL-MAT-J041WE,1,141061,DFL-OBJ-J01A3I,6,Albert-Mboyo Sambi Lokonga,2.232140366841643
DFL-MAT-J041WE,1,143936,DFL-OBJ-J01FRO,20,Fábio Daniel Ferreira Vieira,1.938054580128112
DFL-MAT-J041WE,1,160331,DFL-OBJ-0002F6,15,Yussuf Yurary Poulsen,3.3213855603973963
DFL-MAT-J041WE,1,160332,DFL-OBJ-0002F6,15,Yussuf Yurary Poulsen,3.393533165734316
DFL-MAT-J041WE,1,167098,DFL-OBJ-0027HO,9,Robert-Nesta Glatzel,6.697362411076926
DFL-MAT-J041WE,1,172826,DFL-OBJ-J01OYX,8,Daniel Elfadli,2.4745517013085347
DFL-MAT-J041WE,1,176062,DFL-OBJ-J01IZ9,21,Nicolai Remberg,11.17316701855341
DFL-MAT-J041WE,1,179549,DFL-OBJ-J01IZ9,21,Nicolai Remberg,2.9531031758722763
DFL-MAT-J041WE,1,181690,DFL-OBJ-0027HO,9,Robert-Nesta Glatzel,8.408652128150196
DFL-MAT-J041WE,1,184180,DFL-OBJ-J01IZ9,21,Nicolai Remberg,5.445815094255068
DFL-MAT-J041WN,0,17317,DFL-OBJ-J01H5G,24,Nicolas Capaldo Taboas,3.125042616993363
DFL-MAT-J041WN,0,17431,DFL-OBJ-J01H5G,24,Nicolas Capaldo Taboas,1.4565310556419357
DFL-MAT-J041WN,0,22254,DFL-OBJ-J01A3I,6,Albert-Mboyo Sambi Lokonga,6.228221809921371
DFL-MAT-J041WN,0,36050,DFL-OBJ-J01A3I,6,Albert-Mboyo Sambi Lokonga,0.7553283972248891
DFL-MAT-J041WN,0,41753,DFL-OBJ-J01A3I,6,Albert-Mboyo Sambi Lokonga,1.2227902720347101
DFL-MAT-J041WN,0,41820,DFL-OBJ-J01A3I,6,Albert-Mboyo Sambi Lokonga,2.9097579552300727
DFL-MAT-J041WN,0,45001,DFL-OBJ-0027JU,25,Jordan Torunarigha,0.30565452942501214
DFL-MAT-J041WN,0,46986,DFL-OBJ-J01A3I,6,Albert-Mboyo Sambi Lokonga,3.8243025669338437
DFL-MAT-J041WN,0,58406,DFL-OBJ-J01IZ9,21,Nicolai Remberg,1.2122344433644037
DFL-MAT-J041WN,0,62144,DFL-OBJ-0002F6,15,Yussuf Yurary Poulsen,6.28619347419897
DFL-MAT-J041WN,0,62338,DFL-OBJ-J01A3I,6,Albert-Mboyo Sambi Lokonga,2.760001118267801
DFL-MAT-J041WN,0,71382,DFL-OBJ-J01A3I,6,Albert-Mboyo Sambi Lokonga,3.539334700682712
DFL-MAT-J041WN,0,73524,DFL-OBJ-J01H5G,24,Nicolas Capaldo Taboas,4.624749576136563
DFL-MAT-J041WN,0,113314,DFL-OBJ-J01IZ9,21,Nicolai Remberg,4.815870112271676
DFL-MAT-J041WN,0,117259,DFL-OBJ-J01A3I,6,Albert-Mboyo Sambi Lokonga,4.094985340422063
DFL-MAT-J041WN,0,117329,DFL-OBJ-J01A3I,6,Albert-Mboyo Sambi Lokonga,4.292310811062665
DFL-MAT-J041WN,0,119687,DFL-OBJ-J01A3I,6,Albert-Mboyo Sambi Lokonga,0.8528854438005814
DFL-MAT-J041WN,0,127831,DFL-OBJ-J01IZ9,21,Nicolai Remberg,0.8896975488305334
DFL-MAT-J041WN,0,128072,DFL-OBJ-J01A3I,6,Albert-Mboyo Sambi Lokonga,5.564520100657136
DFL-MAT-J041WN,0,138753,DFL-OBJ-J01IZ9,21,Nicolai Remberg,5.36159640866251
DFL-MAT-J041WN,0,139245,DFL-OBJ-J020IH,44,Luka Vušković,1.568493812390148
DFL-MAT-J041WN,0,149810,DFL-OBJ-J01IZ9,21,Nicolai Remberg,9.837826970737636
DFL-MAT-J041WN,1,28588,DFL-OBJ-00002T,13,Pascal Groß,7.812272712743175
DFL-MAT-J041WN,1,39543,DFL-OBJ-00002T,13,Pascal Groß,5.965302347640516
DFL-MAT-J041WN,1,48147,DFL-OBJ-J01UP1,7,Jobe Samuel Patrick Bellingham,3.4840677942688956
DFL-MAT-J041WN,1,54199,DFL-OBJ-00002T,13,Pascal Groß,6.7892730387768125
DFL-MAT-J041WN,1,54585,DFL-OBJ-00002T,13,Pascal Groß,3.162657501079721
DFL-MAT-J041WN,1,67454,DFL-OBJ-J01UP1,7,Jobe Samuel Patrick Bellingham,5.0012060273893
DFL-MAT-J041WN,1,113272,DFL-OBJ-J02324,24,Daniel Jonathan Svensson,7.8621261221436685
DFL-MAT-J041WN,1,143657,DFL-OBJ-00002T,13,Pascal Groß,4.994850805369589
DFL-MAT-J041WN,1,146256,DFL-OBJ-J01UP1,7,Jobe Samuel Patrick Bellingham,3.021700118300672
DFL-MAT-J041WN,1,175911,DFL-OBJ-J024J2,28,Aarón Anselmino,4.270252254959613
DFL-MAT-J041WN,1,176101,DFL-OBJ-J024J2,28,Aarón Anselmino,1.9383157382724225
DFL-MAT-J041WN,1,176152,DFL-OBJ-J01BSN,8,Felix Kalu Nmecha,2.130436111384557
DFL-MAT-J041WN,1,177008,DFL-OBJ-J01BSN,8,Felix Kalu Nmecha,2.028108648805095
DFL-MAT-J041WN,1,179638,DFL-OBJ-J01BSN,8,Felix Kalu Nmecha,7.295480505249066
DFL-MAT-J041WT,0,23764,DFL-OBJ-0028D6,31,Keven Matteo Schlotterbeck,3.652746979168851
DFL-MAT-J041WT,0,26081,DFL-OBJ-0028C6,19,Robin Salvatore Fellhauer,1.54982157475635
DFL-MAT-J041WT,0,32943,DFL-OBJ-0028C6,19,Robin Salvatore Fellhauer,2.6441204283288937
DFL-MAT-J041WT,0,44218,DFL-OBJ-0028C6,19,Robin Salvatore Fellhauer,5.140833866164729
DFL-MAT-J041WT,0,73857,DFL-OBJ-0028D6,31,Keven Matteo Schlotterbeck,3.022748524435224
DFL-MAT-J041WT,0,73884,DFL-OBJ-0028D6,31,Keven Matteo Schlotterbeck,2.844901438983584
DFL-MAT-J041WT,0,75114,DFL-OBJ-J01L5I,5,Chrislain Iris Aurel Matsima,1.6363256791956347
DFL-MAT-J041WT,0,76901,DFL-OBJ-0028D6,31,Keven Matteo Schlotterbeck,5.951424458599782
DFL-MAT-J041WT,0,80246,DFL-OBJ-0028C6,19,Robin Salvatore Fellhauer,6.823022754334976
DFL-MAT-J041WT,0,101195,DFL-OBJ-0028C6,19,Robin Salvatore Fellhauer,11.140309247209291
DFL-MAT-J041WT,0,125374,DFL-OBJ-0028D6,31,Keven Matteo Schlotterbeck,2.9519681653741987
DFL-MAT-J041WT,0,140667,DFL-OBJ-J01BKL,4,Han-Noah Massengo,3.4227521234768727
DFL-MAT-J041WT,0,142951,DFL-OBJ-0028C6,19,Robin Salvatore Fellhauer,2.6947413353042853
DFL-MAT-J041WT,0,143533,DFL-OBJ-0028C6,19,Robin Salvatore Fellhauer,3.222027963493004
DFL-MAT-J041WT,0,151166,DFL-OBJ-0027UO,8,Elvis Rexhbecaj,7.234631561258699
DFL-MAT-J041WT,0,154943,DFL-OBJ-0027UO,8,Elvis Rexhbecaj,0.6943274623691549
DFL-MAT-J041WT,0,158011,DFL-OBJ-0027UO,8,Elvis Rexhbecaj,7.8543045522821435
DFL-MAT-J041WT,0,159297,DFL-OBJ-0027UO,8,Elvis Rexhbecaj,4.303527804313572
DFL-MAT-J041WT,0,163044,DFL-OBJ-0028C6,19,Robin Salvatore Fellhauer,5.920140676115729
DFL-MAT-J041WT,0,167815,DFL-OBJ-0028C6,19,Robin Salvatore Fellhauer,4.060671896373802
DFL-MAT-J041WT,0,173501,DFL-OBJ-J01CT9,9,Samuel Emmanuel Essende Mbongu,2.476956297555534
DFL-MAT-J041WT,1,10138,DFL-OBJ-J01A3I,6,Albert-Mboyo Sambi Lokonga,5.25538994336197
DFL-MAT-J041WT,1,12240,DFL-OBJ-J01A3I,6,Albert-Mboyo Sambi Lokonga,2.627429152349742
DFL-MAT-J041WT,1,16977,DFL-OBJ-J020IH,44,Luka Vušković,5.233993824798104
DFL-MAT-J041WT,1,17893,DFL-OBJ-J01A3I,6,Albert-Mboyo Sambi Lokonga,1.834783601462999
DFL-MAT-J041WT,1,18747,DFL-OBJ-J020IH,44,Luka Vušković,4.170030790068995
DFL-MAT-J041WT,1,38633,DFL-OBJ-J01IZ9,21,Nicolai Remberg,5.935632097347487
DFL-MAT-J041WT,1,38674,DFL-OBJ-J01IZ9,21,Nicolai Remberg,6.964194138592067
DFL-MAT-J041WT,1,43016,DFL-OBJ-J01IZ9,21,Nicolai Remberg,4.894646231179028
DFL-MAT-J041WT,1,43043,DFL-OBJ-J01IZ9,21,Nicolai Remberg,5.224526796458564
DFL-MAT-J041WT,1,44099,DFL-OBJ-J01HP7,28,Miro Max Maria Muheim,3.7061132347301475
DFL-MAT-J041WT,1,45641,DFL-OBJ-J01A3I,6,Albert-Mboyo Sambi Lokonga,2.1928517426930854
DFL-MAT-J041WT,1,47889,DFL-OBJ-J01A3I,6,Albert-Mboyo Sambi Lokonga,1.1753775332543233
DFL-MAT-J041WT,1,47915,DFL-OBJ-J01A3I,6,Albert-Mboyo Sambi Lokonga,0.3326993971874458
DFL-MAT-J041WT,1,65000,DFL-OBJ-J01IZ9,21,Nicolai Remberg,3.6317347825611104
DFL-MAT-J041WT,1,110029,DFL-OBJ-J01IZ9,21,Nicolai Remberg,1.9006983771728876
DFL-MAT-J041WT,1,116764,DFL-OBJ-J01IZ9,21,Nicolai Remberg,6.026864959045286
DFL-MAT-J041WT,1,119802,DFL-OBJ-J020IH,44,Luka Vušković,3.842717177810769
DFL-MAT-J041WT,1,128921,DFL-OBJ-J020IH,44,Luka Vušković,1.6430361837873686
DFL-MAT-J041WT,1,145786,DFL-OBJ-J01H5G,24,Nicolas Capaldo Taboas,3.4360961555409704
DFL-MAT-J041WT,1,148165,DFL-OBJ-J01HP7,28,Miro Max Maria Muheim,3.975443293862463
DFL-MAT-J041WT,1,151323,DFL-OBJ-J01IZ9,21,Nicolai Remberg,6.079087813313387
DFL-MAT-J041WT,1,152442,DFL-OBJ-J01A3I,6,Albert-Mboyo Sambi Lokonga,3.1420259643252204
DFL-MAT-J041X5,0,17435,DFL-OBJ-J01IZ9,21,Nicolai Remberg,2.2336423224615363
DFL-MAT-J041X5,0,17505,DFL-OBJ-J01A3I,6,Albert-Mboyo Sambi Lokonga,5.572321368343605
DFL-MAT-J041X5,0,26790,DFL-OBJ-J01IZ9,21,Nicolai Remberg,1.6064226801064805
DFL-MAT-J041X5,0,26815,DFL-OBJ-J01IZ9,21,Nicolai Remberg,1.596624912467269
DFL-MAT-J041X5,0,37996,DFL-OBJ-J01A3I,6,Albert-Mboyo Sambi Lokonga,3.7407310964305465
DFL-MAT-J041X5,0,38561,DFL-OBJ-J01A3I,6,Albert-Mboyo Sambi Lokonga,2.9758940974121204
DFL-MAT-J041X5,0,38852,DFL-OBJ-J01IZ9,21,Nicolai Remberg,6.39061657799258
DFL-MAT-J041X5,0,39142,DFL-OBJ-J01IZ9,21,Nicolai Remberg,2.4961493802244807
DFL-MAT-J041X5,0,48170,DFL-OBJ-J01IZ9,21,Nicolai Remberg,9.257004421744517
DFL-MAT-J041X5,0,66289,DFL-OBJ-J01A3I,6,Albert-Mboyo Sambi Lokonga,1.06403436777318
DFL-MAT-J041X5,0,75512,DFL-OBJ-J01IZ9,21,Nicolai Remberg,3.2077616133218556
DFL-MAT-J041X5,0,80898,DFL-OBJ-J01A3I,6,Albert-Mboyo Sambi Lokonga,1.0785747339846823
DFL-MAT-J041X5,0,80982,DFL-OBJ-J01A3I,6,Albert-Mboyo Sambi Lokonga,1.3757188917565235
DFL-MAT-J041X5,0,105873,DFL-OBJ-J020IH,44,Luka Vušković,1.7561384405058191
DFL-MAT-J041X5,0,112641,DFL-OBJ-J01IZ9,21,Nicolai Remberg,3.779343793064194
DFL-MAT-J041X5,0,113117,DFL-OBJ-J01A3I,6,Albert-Mboyo Sambi Lokonga,3.420762495319242
DFL-MAT-J041X5,0,113128,DFL-OBJ-J01A3I,6,Albert-Mboyo Sambi Lokonga,2.8468618200085207
DFL-MAT-J041X5,0,116974,DFL-OBJ-J01IZ9,21,Nicolai Remberg,4.7154520095448955
DFL-MAT-J041X5,0,124414,DFL-OBJ-J01IZ9,21,Nicolai Remberg,3.108155143338525
DFL-MAT-J041X5,0,152150,DFL-OBJ-J01FRO,20,Fábio Daniel Ferreira Vieira,9.553711966857648
DFL-MAT-J041X5,0,160911,DFL-OBJ-J01IZ9,21,Nicolai Remberg,2.903095599958774
DFL-MAT-J041X5,0,164357,DFL-OBJ-J020IH,44,Luka Vušković,5.974807528280725
DFL-MAT-J041X5,0,168359,DFL-OBJ-J01FRO,20,Fábio Daniel Ferreira Vieira,2.92728890144106
DFL-MAT-J041X5,1,35043,DFL-OBJ-J024FD,30,José María Andrés Baixauli,4.586209333358291
DFL-MAT-J041X5,1,35166,DFL-OBJ-J024FD,30,José María Andrés Baixauli,3.032249908264956
DFL-MAT-J041X5,1,46342,DFL-OBJ-J01D9B,3,Ramon Hendriks,8.705632772826377
DFL-MAT-J041X5,1,60434,DFL-OBJ-J024FD,30,José María Andrés Baixauli,1.0103293681264374
DFL-MAT-J041X5,1,100413,DFL-OBJ-00286V,28,Nikolas Terkelsen Nartey,2.1218440617119403
DFL-MAT-J041X5,1,100431,DFL-OBJ-00286V,28,Nikolas Terkelsen Nartey,1.8278196550420451
DFL-MAT-J041X5,1,100634,DFL-OBJ-J024FD,30,José María Andrés Baixauli,2.478749186760167
DFL-MAT-J041X5,1,100912,DFL-OBJ-00286V,28,Nikolas Terkelsen Nartey,5.42023973320665
DFL-MAT-J041X5,1,135779,DFL-OBJ-002GCQ,6,Angelo Stiller,2.9291875163896246
DFL-MAT-J041X5,1,135813,DFL-OBJ-002GCQ,6,Angelo Stiller,3.2037025262254373
DFL-MAT-J041X5,1,141357,DFL-OBJ-002GCQ,6,Angelo Stiller,1.0535800226833942
DFL-MAT-J041X5,1,147793,DFL-OBJ-002GCQ,6,Angelo Stiller,0.39950741274663193
DFL-MAT-J041X5,1,172366,DFL-OBJ-J01TQX,2,Ameen Al-Dakhil,5.2032468495909105
DFL-MAT-J041X5,1,172579,DFL-OBJ-J01D1W,24,Julian Jeffrey Gaston Chabot,7.283405203476233
DFL-MAT-J041XE,0,13661,DFL-OBJ-J01IZ9,21,Nicolai Remberg,5.501892379271556
DFL-MAT-J041XE,0,13838,DFL-OBJ-J01IZ9,21,Nicolai Remberg,2.609144413002326
DFL-MAT-J041XE,0,15125,DFL-OBJ-J01IZ9,21,Nicolai Remberg,2.5014635222378083
DFL-MAT-J041XE,0,19000,DFL-OBJ-J01A3I,6,Albert-Mboyo Sambi Lokonga,6.529117782085547
DFL-MAT-J041XE,0,34314,DFL-OBJ-J01IZ9,21,Nicolai Remberg,2.1912668977748826
DFL-MAT-J041XE,0,77383,DFL-OBJ-J01IZ9,21,Nicolai Remberg,6.364068211256922
DFL-MAT-J041XE,0,79421,DFL-OBJ-J02321,22,Aboubaka Soumahoro,7.348289462500191
DFL-MAT-J041XE,0,118609,DFL-OBJ-J01IZ9,21,Nicolai Remberg,9.317916168779105
DFL-MAT-J041XE,0,119046,DFL-OBJ-J01IZ9,21,Nicolai Remberg,2.878464954420526
DFL-MAT-J041XE,0,120162,DFL-OBJ-J020IH,44,Luka Vušković,1.3755524142846882
DFL-MAT-J041XE,0,147907,DFL-OBJ-J01IZ9,21,Nicolai Remberg,12.955907942606101
DFL-MAT-J041XE,0,148187,DFL-OBJ-0027JU,25,Jordan Torunarigha,5.380534761618744
DFL-MAT-J041XE,0,153112,DFL-OBJ-J01A3I,6,Albert-Mboyo Sambi Lokonga,2.9629400230593452
DFL-MAT-J041XE,0,156764,DFL-OBJ-J020IH,44,Luka Vušković,4.335740926614052
DFL-MAT-J041XE,0,166460,DFL-OBJ-J01A3I,6,Albert-Mboyo Sambi Lokonga,3.2915029026304548
DFL-MAT-J041XE,1,10638,DFL-OBJ-J01C07,6,Jens Dalsgaard Stage,10.139048217926183
DFL-MAT-J041XE,1,17806,DFL-OBJ-J01C07,6,Jens Dalsgaard Stage,4.37315407265853
DFL-MAT-J041XE,1,27033,DFL-OBJ-J01C07,6,Jens Dalsgaard Stage,3.1396728617823144
DFL-MAT-J041XE,1,28981,DFL-OBJ-002FW5,5,Amos Pieper,9.47920824166707
DFL-MAT-J041XE,1,34082,DFL-OBJ-J01C07,6,Jens Dalsgaard Stage,3.809945723990446
DFL-MAT-J041XE,1,36572,DFL-OBJ-J01C07,6,Jens Dalsgaard Stage,2.691385434224455
DFL-MAT-J041XE,1,42939,DFL-OBJ-J01C07,6,Jens Dalsgaard Stage,5.923901888134789
DFL-MAT-J041XE,1,48483,DFL-OBJ-J01QJA,14,Senne Maaike Lynen,5.067501515040551
DFL-MAT-J041XE,1,53634,DFL-OBJ-J020YN,17,Marco Grüll,3.7136637927297746
DFL-MAT-J041XE,1,67240,DFL-OBJ-J01QJA,14,Senne Maaike Lynen,4.67973105167908
DFL-MAT-J041XE,1,70423,DFL-OBJ-J01QJA,14,Senne Maaike Lynen,5.1120680263639775
DFL-MAT-J041XE,1,108085,DFL-OBJ-002FX2,20,Romano Christian Schmid,1.9596639293637497
DFL-MAT-J041XE,1,112189,DFL-OBJ-J01C07,6,Jens Dalsgaard Stage,7.334284870926491
DFL-MAT-J041XE,1,112335,DFL-OBJ-J0208Z,18,Cameron Mitchel Puertas Castro,1.9548597246886743
DFL-MAT-J041XE,1,112639,DFL-OBJ-J0208Z,18,Cameron Mitchel Puertas Castro,5.510179244692676
DFL-MAT-J041XE,1,126633,DFL-OBJ-J01QJA,14,Senne Maaike Lynen,4.941696864563288
DFL-MAT-J041XE,1,126640,DFL-OBJ-J01QJA,14,Senne Maaike Lynen,3.4721439991188827
DFL-MAT-J041XE,1,129190,DFL-OBJ-J01C07,6,Jens Dalsgaard Stage,5.164632813546909
DFL-MAT-J041XE,1,131748,DFL-OBJ-J01QJA,14,Senne Maaike Lynen,5.576793184458446
DFL-MAT-J041XE,1,140293,DFL-OBJ-J0208Z,18,Cameron Mitchel Puertas Castro,7.240691342068872
DFL-MAT-J041XE,1,143742,DFL-OBJ-J01QJA,14,Senne Maaike Lynen,2.071297380751057
DFL-MAT-J041XE,1,146839,DFL-OBJ-J01C07,6,Jens Dalsgaard Stage,3.46826334312779
DFL-MAT-J041XE,1,151571,DFL-OBJ-J01QJA,14,Senne Maaike Lynen,10.04988403593805
DFL-MAT-J041XE,1,151812,DFL-OBJ-J01C07,6,Jens Dalsgaard Stage,6.529713660936988
DFL-MAT-J041XE,1,153474,DFL-OBJ-002FX2,20,Romano Christian Schmid,7.94481436590195
DFL-MAT-J041XE,1,158042,DFL-OBJ-J01QJA,14,Senne Maaike Lynen,7.704163697092953
DFL-MAT-J041XE,1,158168,DFL-OBJ-J01C07,6,Jens Dalsgaard Stage,2.3571446421884112
DFL-MAT-J041XE,1,175709,DFL-OBJ-J01TL9,44,Victor Okoh Boniface,11.023466439631367
DFL-MAT-J041XN,0,14553,DFL-OBJ-J0244Y,7,Leon Avdullahu,4.35586450151466
DFL-MAT-J041XN,0,30525,DFL-OBJ-002FXB,5,Ozan Muhammed Kabak,1.092891170753569
DFL-MAT-J041XN,0,43507,DFL-OBJ-J01D90,18,Wouter Burger,7.585606334156165
DFL-MAT-J041XN,0,49483,DFL-OBJ-J0244Y,7,Leon Avdullahu,6.237247434209707
DFL-MAT-J041XN,0,57320,DFL-OBJ-J0133P,34,Vladimir Coufal,4.15422706037306
DFL-MAT-J041XN,0,60656,DFL-OBJ-J01D90,18,Wouter Burger,7.900666091625316
DFL-MAT-J041XN,0,61113,DFL-OBJ-J0244Y,7,Leon Avdullahu,2.1540742332772953
DFL-MAT-J041XN,0,64488,DFL-OBJ-0025J3,6,Grischa Prömel,3.591684841407988
DFL-MAT-J041XN,0,65184,DFL-OBJ-J0244Y,7,Leon Avdullahu,9.81864313876514
DFL-MAT-J041XN,0,68736,DFL-OBJ-J01D90,18,Wouter Burger,4.095412217905286
DFL-MAT-J041XN,0,72646,DFL-OBJ-J0244Y,7,Leon Avdullahu,6.570500572846622
DFL-MAT-J041XN,0,101583,DFL-OBJ-J01D90,18,Wouter Burger,4.074026733731693
DFL-MAT-J041XN,0,103265,DFL-OBJ-J0244Y,7,Leon Avdullahu,5.783185503500751
DFL-MAT-J041XN,0,105895,DFL-OBJ-J01D90,18,Wouter Burger,3.960288211235311
DFL-MAT-J041XN,0,109481,DFL-OBJ-J0244Y,7,Leon Avdullahu,2.0682335756526125
DFL-MAT-J041XN,0,110240,DFL-OBJ-J0244Y,7,Leon Avdullahu,2.817091136107565
DFL-MAT-J041XN,0,137284,DFL-OBJ-J01D90,18,Wouter Burger,3.3453415186708844
DFL-MAT-J041XN,0,154515,DFL-OBJ-002GN3,11,Fisnik Asllani,4.702847311949025
DFL-MAT-J041XN,0,162650,DFL-OBJ-J01T26,22,Alexander Prass,3.4698664008151954
DFL-MAT-J041XN,0,162925,DFL-OBJ-J0244Y,7,Leon Avdullahu,2.4776106072156794
DFL-MAT-J041XN,0,168087,DFL-OBJ-J01D90,18,Wouter Burger,1.4079711346648287
DFL-MAT-J041XN,0,175087,DFL-OBJ-J0244Y,7,Leon Avdullahu,1.350417402321899
DFL-MAT-J041XN,1,20007,DFL-OBJ-J01A3I,6,Albert-Mboyo Sambi Lokonga,2.0313135080290428
DFL-MAT-J041XN,1,21490,DFL-OBJ-0001QT,23,Jonas Meffert,5.699813837115892
DFL-MAT-J041XN,1,26847,DFL-OBJ-0027JU,25,Jordan Torunarigha,4.254755509361783
DFL-MAT-J041XN,1,31382,DFL-OBJ-0001QT,23,Jonas Meffert,2.0723243942640193
DFL-MAT-J041XN,1,43187,DFL-OBJ-0001QT,23,Jonas Meffert,4.724845415199408
DFL-MAT-J041XN,1,55063,DFL-OBJ-J01A3I,6,Albert-Mboyo Sambi Lokonga,5.852836497095094
DFL-MAT-J041XN,1,68498,DFL-OBJ-J01A3I,6,Albert-Mboyo Sambi Lokonga,1.585101157343708
DFL-MAT-J041XN,1,68532,DFL-OBJ-J01A3I,6,Albert-Mboyo Sambi Lokonga,1.77514562087414
DFL-MAT-J041XN,1,72374,DFL-OBJ-J01HP7,28,Miro Max Maria Muheim,3.0659729489114516
DFL-MAT-J041XN,1,74203,DFL-OBJ-J020IH,44,Luka Vušković,4.70015510645036
DFL-MAT-J041XN,1,74268,DFL-OBJ-0001QT,23,Jonas Meffert,1.8664477384844738
DFL-MAT-J041XN,1,107149,DFL-OBJ-J020IH,44,Luka Vušković,2.8114863605494484
DFL-MAT-J041XN,1,107180,DFL-OBJ-J020IH,44,Luka Vušković,0.6440170996886332
DFL-MAT-J041XN,1,119543,DFL-OBJ-0001QT,23,Jonas Meffert,5.197883709908137
DFL-MAT-J041XN,1,121571,DFL-OBJ-J01A3I,6,Albert-Mboyo Sambi Lokonga,3.5404256213408773
DFL-MAT-J041XN,1,122655,DFL-OBJ-0001QT,23,Jonas Meffert,8.28101979763899
DFL-MAT-J041XN,1,129083,DFL-OBJ-0027JU,25,Jordan Torunarigha,5.917492378481167
DFL-MAT-J041XN,1,136460,DFL-OBJ-J01A3I,6,Albert-Mboyo Sambi Lokonga,5.8230937642849545
DFL-MAT-J041XN,1,139606,DFL-OBJ-J01OYX,8,Daniel Elfadli,3.9603879657814027
DFL-MAT-J041XN,1,139678,DFL-OBJ-J01OYX,8,Daniel Elfadli,3.26232099456889
DFL-MAT-J041XN,1,153561,DFL-OBJ-J01H5G,24,Nicolas Capaldo Taboas,3.689457787457682
DFL-MAT-J041XN,1,170201,DFL-OBJ-J01A3I,6,Albert-Mboyo Sambi Lokonga,4.029910546444632
DFL-MAT-J041XN,1,172031,DFL-OBJ-J01A3I,6,Albert-Mboyo Sambi Lokonga,5.351940919417763
DFL-MAT-J041XW,0,48812,DFL-OBJ-J01A3I,6,Albert-Mboyo Sambi Lokonga,3.2802674160787015
DFL-MAT-J041XW,0,79680,DFL-OBJ-J01HP7,28,Miro Max Maria Muheim,0.6274955117639917
DFL-MAT-J041XW,0,116974,DFL-OBJ-J01IZ9,21,Nicolai Remberg,2.433056554527839
DFL-MAT-J041XW,0,120850,DFL-OBJ-J01H5G,24,Nicolas Capaldo Taboas,7.179596776737759
DFL-MAT-J041XW,0,141919,DFL-OBJ-J01A3I,6,Albert-Mboyo Sambi Lokonga,2.546321966200574
DFL-MAT-J041XW,0,142530,DFL-OBJ-002G8B,11,Ransford-Yeboah Königsdörffer,3.9774366706631303
DFL-MAT-J041XW,0,147808,DFL-OBJ-J01A3I,6,Albert-Mboyo Sambi Lokonga,1.6749015080679763
DFL-MAT-J041XW,0,147855,DFL-OBJ-J01IZ9,21,Nicolai Remberg,3.1883152794207272
DFL-MAT-J041XW,0,177011,DFL-OBJ-J01IZ9,21,Nicolai Remberg,3.6127396327885277
DFL-MAT-J041XW,1,10942,DFL-OBJ-00021P,18,Mahmoud Dahoud,3.455261330810959
DFL-MAT-J041XW,1,29022,DFL-OBJ-J01KLQ,5,Aurèle Florian Amenda,2.656328339440285
DFL-MAT-J041XW,1,37223,DFL-OBJ-00021P,18,Mahmoud Dahoud,8.244404462316952
DFL-MAT-J041XW,1,49973,DFL-OBJ-J01VX4,16,Hugo Emanuel Larsson,5.944893129484135
DFL-MAT-J041XW,1,50190,DFL-OBJ-J01TPA,19,Jean-Mattéo Bahoya Négoce,6.845382691824531
DFL-MAT-J041XW,1,50233,DFL-OBJ-J01TPA,19,Jean-Mattéo Bahoya Négoce,6.477068762417644
DFL-MAT-J041XW,1,56044,DFL-OBJ-00021P,18,Mahmoud Dahoud,3.8137763599163503
DFL-MAT-J041XW,1,71796,DFL-OBJ-002GG7,34,Pharrell Nnamdi Collins,4.568596645430845
DFL-MAT-J041XW,1,76644,DFL-OBJ-00021P,18,Mahmoud Dahoud,2.5103590319187004
DFL-MAT-J041XW,1,81820,DFL-OBJ-00021P,18,Mahmoud Dahoud,9.116370433266916
DFL-MAT-J041XW,1,137036,DFL-OBJ-00021P,18,Mahmoud Dahoud,8.493676660308926
DFL-MAT-J041XW,1,140807,DFL-OBJ-J01KLQ,5,Aurèle Florian Amenda,1.796629560532103
DFL-MAT-J041Y0,0,57579,DFL-OBJ-00258B,8,Maximilian Eggestein,10.91726195719308
DFL-MAT-J041Y0,0,70950,DFL-OBJ-00258B,8,Maximilian Eggestein,3.528555294895605
DFL-MAT-J041Y0,0,72693,DFL-OBJ-J01TOV,14,Yuito Suzuki,0.9858285980287658
DFL-MAT-J041Y0,0,76056,DFL-OBJ-0027B9,9,Lucas Höler,0.9228632310423178
DFL-MAT-J041Y0,0,77639,DFL-OBJ-0027B9,9,Lucas Höler,3.034132780284191
DFL-MAT-J041Y0,0,77711,DFL-OBJ-J01WX3,44,Johan Manzambi,8.930937005850456
DFL-MAT-J041Y0,0,102393,DFL-OBJ-J01WX3,44,Johan Manzambi,5.968475310400822
DFL-MAT-J041Y0,0,104090,DFL-OBJ-0000ZS,28,Matthias Lukas Ginter,2.007346076690549
DFL-MAT-J041Y0,0,123761,DFL-OBJ-00258B,8,Maximilian Eggestein,7.6687160706887285
DFL-MAT-J041Y0,0,141214,DFL-OBJ-00258B,8,Maximilian Eggestein,8.672836834936543
DFL-MAT-J041Y0,0,154582,DFL-OBJ-J01TOV,14,Yuito Suzuki,3.5219595065009055
DFL-MAT-J041Y0,0,166122,DFL-OBJ-002G4G,6,Patrick Osterhage,3.351254417802312
DFL-MAT-J041Y0,0,168390,DFL-OBJ-00258B,8,Maximilian Eggestein,6.122767065895115
DFL-MAT-J041Y0,0,169307,DFL-OBJ-00258B,8,Maximilian Eggestein,2.0355974037425604
DFL-MAT-J041Y0,0,173829,DFL-OBJ-00019U,5,Anthony Jung,5.797866039956767
DFL-MAT-J041Y0,0,177499,DFL-OBJ-002G4G,6,Patrick Osterhage,4.243286927679683
DFL-MAT-J041Y0,0,180527,DFL-OBJ-00258B,8,Maximilian Eggestein,4.234009861369342
DFL-MAT-J041Y0,1,23287,DFL-OBJ-J01IZ9,21,Nicolai Remberg,4.128837010797155
DFL-MAT-J041Y0,1,28951,DFL-OBJ-J01IZ9,21,Nicolai Remberg,0.5249820690647482
DFL-MAT-J041Y0,1,30577,DFL-OBJ-J01IZ9,21,Nicolai Remberg,7.3917175036875555
DFL-MAT-J041Y0,1,37006,DFL-OBJ-J01OYX,8,Daniel Elfadli,8.750718136315134
DFL-MAT-J041Y0,1,43483,DFL-OBJ-J01A3I,6,Albert-Mboyo Sambi Lokonga,3.1731473646099184
DFL-MAT-J041Y0,1,43592,DFL-OBJ-J01IZ9,21,Nicolai Remberg,5.215938062951209
DFL-MAT-J041Y0,1,47958,DFL-OBJ-J01A3I,6,Albert-Mboyo Sambi Lokonga,3.5927863254369736
DFL-MAT-J041Y0,1,50076,DFL-OBJ-J01IZ9,21,Nicolai Remberg,1.613805409965702
DFL-MAT-J041Y0,1,50128,DFL-OBJ-J01FRO,20,Fábio Daniel Ferreira Vieira,2.960611381638332
DFL-MAT-J041Y0,1,61184,DFL-OBJ-J01IZ9,21,Nicolai Remberg,5.2716525860164865
DFL-MAT-J041Y0,1,61916,DFL-OBJ-J020IH,44,Luka Vušković,10.100600397751698
DFL-MAT-J041Y0,1,111346,DFL-OBJ-J017PC,7,Jean-Luc Mamadou Diarra Dompé,0.46325107932955933
DFL-MAT-J041Y0,1,114941,DFL-OBJ-J01IZ9,21,Nicolai Remberg,7.044096042963926
DFL-MAT-J041Y0,1,116030,DFL-OBJ-J01A3I,6,Albert-Mboyo Sambi Lokonga,5.077268581629303
DFL-MAT-J041Y0,1,135111,DFL-OBJ-J020IH,44,Luka Vušković,3.3359052838022825
DFL-MAT-J041Y0,1,139861,DFL-OBJ-J01IZ9,21,Nicolai Remberg,2.522622952900411
DFL-MAT-J041Y0,1,144474,DFL-OBJ-J01IZ9,21,Nicolai Remberg,4.977770742260031
DFL-MAT-J041Y0,1,145919,DFL-OBJ-J020IH,44,Luka Vušković,4.039260838940711
DFL-MAT-J041Y0,1,146151,DFL-OBJ-J020IH,44,Luka Vušković,3.834246381298415
DFL-MAT-J041Y0,1,146324,DFL-OBJ-J01IZ9,21,Nicolai Remberg,0.8397255876177665
DFL-MAT-J041Y0,1,155889,DFL-OBJ-J01IZ9,21,Nicolai Remberg,2.0170170580587556
DFL-MAT-J041Y0,1,155933,DFL-OBJ-J01IZ9,21,Nicolai Remberg,2.3360817890219514
DFL-MAT-J041YE,0,34895,DFL-OBJ-J01FRO,20,Fábio Daniel Ferreira Vieira,7.305045778580753
DFL-MAT-J041YE,0,59578,DFL-OBJ-J01FRO,20,Fábio Daniel Ferreira Vieira,4.689839950939914
DFL-MAT-J041YE,0,120188,DFL-OBJ-J01OYX,8,Daniel Elfadli,2.0563581015901202
DFL-MAT-J041YE,0,126507,DFL-OBJ-J01FRO,20,Fábio Daniel Ferreira Vieira,6.281748007098928
DFL-MAT-J041YE,0,129772,DFL-OBJ-J01FRO,20,Fábio Daniel Ferreira Vieira,5.044798078647052
DFL-MAT-J041YE,0,136029,DFL-OBJ-J020IH,44,Luka Vušković,6.071175878131832
DFL-MAT-J041YE,0,161431,DFL-OBJ-J01A3I,6,Albert-Mboyo Sambi Lokonga,9.892653528106626
DFL-MAT-J041YE,0,172001,DFL-OBJ-J01A3I,6,Albert-Mboyo Sambi Lokonga,0.815638052140017
DFL-MAT-J041YE,0,178121,DFL-OBJ-J01IZ9,21,Nicolai Remberg,3.8095579925715057
DFL-MAT-J041YE,1,37797,DFL-OBJ-002G8H,25,Exequiel Alejandro Palacios,3.8310319984097614
DFL-MAT-J041YE,1,39518,DFL-OBJ-J024A2,35,Christian Michel Kofane,2.368814101383555
DFL-MAT-J041YE,1,53883,DFL-OBJ-J01860,24,Aleix García Serrano,10.433991518702019
DFL-MAT-J041YE,1,114126,DFL-OBJ-002GAR,12,Edmond Fayçal Tapsoba,3.813352110805878
DFL-MAT-J041YE,1,168294,DFL-OBJ-J024SS,6,Ignacio Ezequiel Agustín Fernández Carballo,2.5158404334177753
DFL-MAT-J041YE,1,168758,DFL-OBJ-J01860,24,Aleix García Serrano,0.9788914112718167
DFL-MAT-J041YE,1,175766,DFL-OBJ-J01860,24,Aleix García Serrano,6.193484928176987
DFL-MAT-J041YE,1,178581,DFL-OBJ-J024SS,6,Ignacio Ezequiel Agustín Fernández Carballo,4.348593074592636
DFL-MAT-J041YE,1,178605,DFL-OBJ-J024SS,6,Ignacio Ezequiel Agustín Fernández Carballo,4.2868841025437066
DFL-MAT-J041YN,0,11186,DFL-OBJ-J01IZ9,21,Nicolai Remberg,2.5512645133901652
DFL-MAT-J041YN,0,49361,DFL-OBJ-J01IZ9,21,Nicolai Remberg,4.734456309145738
DFL-MAT-J041YN,0,104922,DFL-OBJ-J01QPG,19,Damion Lamar Downs,2.717369143441571
DFL-MAT-J041YN,0,137444,DFL-OBJ-J01IZ9,21,Nicolai Remberg,1.9866940092575245
DFL-MAT-J041YN,0,139789,DFL-OBJ-J01FRO,20,Fábio Daniel Ferreira Vieira,7.5715898488696665
DFL-MAT-J041YN,0,142030,DFL-OBJ-J01IZ9,21,Nicolai Remberg,2.9217635888510567
DFL-MAT-J041YN,0,142479,DFL-OBJ-J01FRO,20,Fábio Daniel Ferreira Vieira,5.709756540614181
DFL-MAT-J041YN,0,143188,DFL-OBJ-J01IZ9,21,Nicolai Remberg,3.2201688859935578
DFL-MAT-J041YN,0,158981,DFL-OBJ-J01HP7,28,Miro Max Maria Muheim,1.4321153308961028
DFL-MAT-J041YN,0,175032,DFL-OBJ-0027HO,9,Robert-Nesta Glatzel,6.353814155370592
DFL-MAT-J041YN,1,13185,DFL-OBJ-002GC0,27,Rocco Reitz,1.6929228140470467
DFL-MAT-J041YN,1,15657,DFL-OBJ-J01IB3,6,Yannik Engelhardt,6.9623701973848044
DFL-MAT-J041YN,1,15741,DFL-OBJ-J01IB3,6,Yannik Engelhardt,4.57650643079534
DFL-MAT-J041YN,1,21948,DFL-OBJ-J01IB3,6,Yannik Engelhardt,3.8497068992166845
DFL-MAT-J041YN,1,27972,DFL-OBJ-0028P3,16,Philipp Sander,4.912021283180658
DFL-MAT-J041YN,1,31295,DFL-OBJ-J01IB3,6,Yannik Engelhardt,6.421163311394982
DFL-MAT-J041YN,1,35071,DFL-OBJ-002GC0,27,Rocco Reitz,1.045142201914275
DFL-MAT-J041YN,1,37657,DFL-OBJ-J01IB3,6,Yannik Engelhardt,3.344113309557632
DFL-MAT-J041YN,1,37913,DFL-OBJ-002GC0,27,Rocco Reitz,2.467217405984941
DFL-MAT-J041YN,1,40711,DFL-OBJ-J01IB3,6,Yannik Engelhardt,5.0494023604314675
DFL-MAT-J041YN,1,40998,DFL-OBJ-J01IB3,6,Yannik Engelhardt,1.8296046257100846
DFL-MAT-J041YN,1,41033,DFL-OBJ-J01IB3,6,Yannik Engelhardt,5.490839284606927
DFL-MAT-J041YN,1,41329,DFL-OBJ-J01IB3,6,Yannik Engelhardt,0.8818051071033687
DFL-MAT-J041YN,1,46609,DFL-OBJ-002GC0,27,Rocco Reitz,5.317260271053454
DFL-MAT-J041YN,1,46894,DFL-OBJ-002GC0,27,Rocco Reitz,2.864411041956784
DFL-MAT-J041YN,1,57207,DFL-OBJ-002GC0,27,Rocco Reitz,4.096448326158756
DFL-MAT-J041YN,1,62412,DFL-OBJ-0028P3,16,Philipp Sander,11.030681341793786
DFL-MAT-J041YN,1,100179,DFL-OBJ-002GC0,27,Rocco Reitz,2.9785390817863027
DFL-MAT-J041YN,1,109049,DFL-OBJ-002GC0,27,Rocco Reitz,5.310291080348108
DFL-MAT-J041YN,1,111982,DFL-OBJ-002GC0,27,Rocco Reitz,3.0012024339225647
DFL-MAT-J041YN,1,114835,DFL-OBJ-J01IB3,6,Yannik Engelhardt,3.267611730263112
DFL-MAT-J041YN,1,116527,DFL-OBJ-002GC0,27,Rocco Reitz,0.9444267972207487
DFL-MAT-J041YN,1,117388,DFL-OBJ-J019JX,4,Kevin Diks Bakarbessy,7.144402626454425
DFL-MAT-J041YN,1,117749,DFL-OBJ-J01IB3,6,Yannik Engelhardt,4.997789634885396
DFL-MAT-J041YN,1,118558,DFL-OBJ-002GC0,27,Rocco Reitz,1.5925947459072431
DFL-MAT-J041YN,1,128691,DFL-OBJ-J01IB3,6,Yannik Engelhardt,3.2682989119384076
DFL-MAT-J041YN,1,134798,DFL-OBJ-J019JX,4,Kevin Diks Bakarbessy,9.296236394967105
DFL-MAT-J041YN,1,136299,DFL-OBJ-J01IB3,6,Yannik Engelhardt,2.511064896329892
DFL-MAT-J041YN,1,137935,DFL-OBJ-J01IB3,6,Yannik Engelhardt,4.754252157831651
DFL-MAT-J041YN,1,167664,DFL-OBJ-J01IB3,6,Yannik Engelhardt,2.5817739618571327
DFL-MAT-J041YN,1,168520,DFL-OBJ-J01IB3,6,Yannik Engelhardt,1.0892227379372434
DFL-MAT-J041YN,1,179280,DFL-OBJ-002GC0,27,Rocco Reitz,2.1977957532126373
DFL-MAT-J041YV,0,80829,DFL-OBJ-002GN4,25,Adam Dźwigała,5.196251379125316
DFL-MAT-J041YV,0,105124,DFL-OBJ-002GNL,8,Eric Anders Smith,1.8482591074833243
DFL-MAT-J041YV,0,111911,DFL-OBJ-0025RV,5,Hauke Finn Wahl,1.930457951169765
DFL-MAT-J041YV,0,112682,DFL-OBJ-J015AU,3,Karol Mets,1.0966373968850893
DFL-MAT-J041YV,0,132797,DFL-OBJ-J014L2,7,Jackson Alexander Irvine,2.0194807424523264
DFL-MAT-J041YV,0,159206,DFL-OBJ-J014L2,7,Jackson Alexander Irvine,4.716004403185412
DFL-MAT-J041YV,1,33747,DFL-OBJ-J01QPG,19,Damion Lamar Downs,1.7230352919438208
DFL-MAT-J041YV,1,47528,DFL-OBJ-002G8B,11,Ransford-Yeboah Königsdörffer,0.8122191822408528
DFL-MAT-J041YV,1,84099,DFL-OBJ-J01IZ9,21,Nicolai Remberg,4.794122559041551
DFL-MAT-J041YV,1,126564,DFL-OBJ-J01IZ9,21,Nicolai Remberg,2.04808371742472
DFL-MAT-J041YV,1,126660,DFL-OBJ-J01IZ9,21,Nicolai Remberg,1.2911283227003458
DFL-MAT-J041YV,1,146290,DFL-OBJ-0027HO,9,Robert-Nesta Glatzel,0.38162744420814404
DFL-MAT-J041YV,1,150692,DFL-OBJ-J01FRO,20,Fábio Daniel Ferreira Vieira,9.360936035289962
DFL-MAT-J041YV,1,150749,DFL-OBJ-J01FRO,20,Fábio Daniel Ferreira Vieira,5.9622189091803435
DFL-MAT-J041YV,1,153189,DFL-OBJ-J01FRO,20,Fábio Daniel Ferreira Vieira,4.386894624269484
DFL-MAT-J041Z5,0,29545,DFL-OBJ-J01IZ9,21,Nicolai Remberg,3.338590853771826
DFL-MAT-J041Z5,0,63120,DFL-OBJ-J020IH,44,Luka Vušković,7.060771912475288
DFL-MAT-J041Z5,0,70909,DFL-OBJ-J01IZ9,21,Nicolai Remberg,4.460754655746652
DFL-MAT-J041Z5,0,78234,DFL-OBJ-J01IZ9,21,Nicolai Remberg,4.983654393225029
DFL-MAT-J041Z5,0,80039,DFL-OBJ-J01IZ9,21,Nicolai Remberg,1.1463737782704957
DFL-MAT-J041Z5,0,114004,DFL-OBJ-002G8B,11,Ransford-Yeboah Königsdörffer,4.185983077006841
DFL-MAT-J041Z5,0,125128,DFL-OBJ-J020IH,44,Luka Vušković,6.107141437956865
DFL-MAT-J041Z5,0,148415,DFL-OBJ-J01IZ9,21,Nicolai Remberg,10.495457277164732
DFL-MAT-J041Z5,0,166816,DFL-OBJ-0027HO,9,Robert-Nesta Glatzel,2.5971648835025403
DFL-MAT-J041Z5,0,178306,DFL-OBJ-J01IZ9,21,Nicolai Remberg,5.026572967984165
DFL-MAT-J041Z5,0,179699,DFL-OBJ-J01IZ9,21,Nicolai Remberg,3.101227355598282
DFL-MAT-J041Z5,1,17045,DFL-OBJ-J00ZZ3,9,Harry Edward Kane,8.057141912767154
DFL-MAT-J041Z5,1,18105,DFL-OBJ-J01AE6,3,Minjae Kim,1.9942067329710669
DFL-MAT-J041Z5,1,20148,DFL-OBJ-0002F5,6,Joshua Walter Kimmich,5.888784066153032
DFL-MAT-J041Z5,1,20659,DFL-OBJ-J00ZZ3,9,Harry Edward Kane,3.743802945378825
DFL-MAT-J041Z5,1,45563,DFL-OBJ-J01AE6,3,Minjae Kim,4.59765707913106
DFL-MAT-J041Z5,1,45698,DFL-OBJ-J01AE6,3,Minjae Kim,4.309275239111533
DFL-MAT-J041Z5,1,56196,DFL-OBJ-J01KAH,45,Aleksandar Pavlović,6.401155181240412
DFL-MAT-J041Z5,1,60328,DFL-OBJ-0002F5,6,Joshua Walter Kimmich,1.7103894582127857
DFL-MAT-J041Z5,1,84419,DFL-OBJ-0002F5,6,Joshua Walter Kimmich,2.14920513586986
DFL-MAT-J041Z5,1,106138,DFL-OBJ-0002F5,6,Joshua Walter Kimmich,3.849937148757458
DFL-MAT-J041Z5,1,110834,DFL-OBJ-0002F5,6,Joshua Walter Kimmich,2.2733357771247866
DFL-MAT-J041Z5,1,119704,DFL-OBJ-0002F5,6,Joshua Walter Kimmich,6.682897371945092
DFL-MAT-J041Z5,1,119820,DFL-OBJ-0002F5,6,Joshua Walter Kimmich,1.3285585802796085
DFL-MAT-J041Z5,1,143464,DFL-OBJ-J01KAH,45,Aleksandar Pavlović,12.551577786807188
DFL-MAT-J041ZD,0,23119,DFL-OBJ-002GHL,16,Julian Niehues,1.027979559771807
DFL-MAT-J041ZD,0,23212,DFL-OBJ-0027BI,30,Niklas Bernd Dorsch,2.5429665771192647
DFL-MAT-J041ZD,0,23984,DFL-OBJ-0001K8,6,Patrick Mainka,0.8317919077376145
DFL-MAT-J041ZD,0,26141,DFL-OBJ-002GHL,16,Julian Niehues,11.707515418907233
DFL-MAT-J041ZD,0,35285,DFL-OBJ-0027BI,30,Niklas Bernd Dorsch,6.729272336058299
DFL-MAT-J041ZD,0,37810,DFL-OBJ-0027BI,30,Niklas Bernd Dorsch,2.5160443184383063
DFL-MAT-J041ZD,0,46346,DFL-OBJ-0027BI,30,Niklas Bernd Dorsch,4.937459860752611
DFL-MAT-J041ZD,0,58190,DFL-OBJ-J01EAZ,22,Arijon Ibrahimović,5.016317571217819
DFL-MAT-J041ZD,0,60330,DFL-OBJ-002GHL,16,Julian Niehues,2.395680268862538
DFL-MAT-J041ZD,0,62413,DFL-OBJ-002GHL,16,Julian Niehues,7.567298880424839
DFL-MAT-J041ZD,0,62786,DFL-OBJ-002GHL,16,Julian Niehues,2.7664381877991775
DFL-MAT-J041ZD,0,64746,DFL-OBJ-002GHL,16,Julian Niehues,4.562212615674249
DFL-MAT-J041ZD,0,69308,DFL-OBJ-002GHL,16,Julian Niehues,3.214145048852296
DFL-MAT-J041ZD,0,69343,DFL-OBJ-0001K8,6,Patrick Mainka,6.926855235732166
DFL-MAT-J041ZD,0,80624,DFL-OBJ-0027BI,30,Niklas Bernd Dorsch,4.033294918702893
DFL-MAT-J041ZD,0,103325,DFL-OBJ-002651,5,Benedikt Steffen Gimber,5.794955767361734
DFL-MAT-J041ZD,0,116112,DFL-OBJ-002G8E,8,Eren Sami Dinkçi,5.769777794895493
DFL-MAT-J041ZD,0,116185,DFL-OBJ-002GHL,16,Julian Niehues,5.974766796420172
DFL-MAT-J041ZD,0,123651,DFL-OBJ-0027BI,30,Niklas Bernd Dorsch,4.729548043033082
DFL-MAT-J041ZD,0,149066,DFL-OBJ-J01AUU,21,Adrian Beck,2.121586001201416
DFL-MAT-J041ZD,0,153395,DFL-OBJ-J01AUU,21,Adrian Beck,3.5915855022194703
DFL-MAT-J041ZD,0,159417,DFL-OBJ-J01AUU,21,Adrian Beck,5.143885858803156
DFL-MAT-J041ZD,0,159431,DFL-OBJ-J01AUU,21,Adrian Beck,5.360352393059413
DFL-MAT-J041ZD,0,159649,DFL-OBJ-J01AUU,21,Adrian Beck,3.615764693807889
DFL-MAT-J041ZD,0,160283,DFL-OBJ-J01AUU,21,Adrian Beck,6.86850865261966
DFL-MAT-J041ZD,0,160789,DFL-OBJ-0027BI,30,Niklas Bernd Dorsch,2.9810440212767935
DFL-MAT-J041ZD,0,176219,DFL-OBJ-0028QV,17,Mathias Honsak,8.530390479245078
DFL-MAT-J041ZD,1,16162,DFL-OBJ-J01IZ9,21,Nicolai Remberg,1.949509909923232
DFL-MAT-J041ZD,1,16317,DFL-OBJ-J01FRO,20,Fábio Daniel Ferreira Vieira,2.954686589049032
DFL-MAT-J041ZD,1,43382,DFL-OBJ-J01IZ9,21,Nicolai Remberg,3.2825263155602706
DFL-MAT-J041ZD,1,101199,DFL-OBJ-J020IH,44,Luka Vušković,0.9735242075655061
DFL-MAT-J041ZD,1,101347,DFL-OBJ-J01IZ9,21,Nicolai Remberg,1.8675675736035176
DFL-MAT-J041ZD,1,109403,DFL-OBJ-J01FRO,20,Fábio Daniel Ferreira Vieira,8.23211431971395
DFL-MAT-J041ZD,1,124517,DFL-OBJ-J01IZ9,21,Nicolai Remberg,3.797814348695908
DFL-MAT-J041ZD,1,130105,DFL-OBJ-J01IZ9,21,Nicolai Remberg,5.335094269476173
DFL-MAT-J041ZD,1,130833,DFL-OBJ-J01IZ9,21,Nicolai Remberg,1.8125641751090875
DFL-MAT-J041ZD,1,131992,DFL-OBJ-J01QPG,19,Damion Lamar Downs,3.920671553713571
DFL-MAT-J041ZD,1,132477,DFL-OBJ-J01G5F,17,Warmed Omari,2.262585923612275
DFL-MAT-J041ZD,1,132482,DFL-OBJ-J01G5F,17,Warmed Omari,2.101785543088492
DFL-MAT-J041ZD,1,132588,DFL-OBJ-J01IZ9,21,Nicolai Remberg,3.5810766365079667
DFL-MAT-J041ZD,1,133503,DFL-OBJ-J020IH,44,Luka Vušković,1.6200964001191434
DFL-MAT-J041ZD,1,140968,DFL-OBJ-J020IH,44,Luka Vušković,1.6412476434592358
DFL-MAT-J041ZD,1,141649,DFL-OBJ-J01QPG,19,Damion Lamar Downs,0.8311267081127088
DFL-MAT-J041ZD,1,145775,DFL-OBJ-J020IH,44,Luka Vušković,0.7954508000553085
DFL-MAT-J041ZD,1,146274,DFL-OBJ-J01IZ9,21,Nicolai Remberg,0.974119418744596
DFL-MAT-J041ZD,1,146946,DFL-OBJ-J01HP7,28,Miro Max Maria Muheim,0.7972328686861746
DFL-MAT-J041ZD,1,148145,DFL-OBJ-J01IZ9,21,Nicolai Remberg,3.9727792927171244
DFL-MAT-J041ZD,1,170983,DFL-OBJ-J01HP7,28,Miro Max Maria Muheim,3.9854496160377333
DFL-MAT-J041ZD,1,170989,DFL-OBJ-J01HP7,28,Miro Max Maria Muheim,3.3869438862917245
DFL-MAT-J041ZN,0,31118,DFL-OBJ-J01FRO,20,Fábio Daniel Ferreira Vieira,2.2415341417524757
DFL-MAT-J041ZN,0,51259,DFL-OBJ-J01H5G,24,Nicolas Capaldo Taboas,5.373085418414662
DFL-MAT-J041ZN,0,67170,DFL-OBJ-J01HP7,28,Miro Max Maria Muheim,1.7303396512367084
DFL-MAT-J041ZN,0,67734,DFL-OBJ-J01FRO,20,Fábio Daniel Ferreira Vieira,1.4198947970071225
DFL-MAT-J041ZN,0,78189,DFL-OBJ-J01FRO,20,Fábio Daniel Ferreira Vieira,7.246075140258456
DFL-MAT-J041ZN,0,79355,DFL-OBJ-J01FRO,20,Fábio Daniel Ferreira Vieira,11.389597864111483
DFL-MAT-J041ZN,0,125804,DFL-OBJ-J01IZ9,21,Nicolai Remberg,4.518875911791878
DFL-MAT-J041ZN,0,128089,DFL-OBJ-J01FRO,20,Fábio Daniel Ferreira Vieira,6.67697027840962
DFL-MAT-J041ZN,0,131350,DFL-OBJ-J01IZ9,21,Nicolai Remberg,6.993853032979287
DFL-MAT-J041ZN,0,134355,DFL-OBJ-J01IZ9,21,Nicolai Remberg,3.321871033091714
DFL-MAT-J041ZN,0,138161,DFL-OBJ-J01IZ9,21,Nicolai Remberg,1.7225447726625764
DFL-MAT-J041ZN,0,145983,DFL-OBJ-J01IZ9,21,Nicolai Remberg,6.293642686998123
DFL-MAT-J041ZN,0,157206,DFL-OBJ-J01IZ9,21,Nicolai Remberg,5.493725489418486
DFL-MAT-J041ZN,0,163071,DFL-OBJ-J01IZ9,21,Nicolai Remberg,5.320368617137557
DFL-MAT-J041ZN,0,164688,DFL-OBJ-J01IZ9,21,Nicolai Remberg,4.707123312230431
DFL-MAT-J041ZN,0,175207,DFL-OBJ-J020IH,44,Luka Vušković,5.341916241930652
DFL-MAT-J041ZN,1,13099,DFL-OBJ-J020KQ,14,Leopold Querfeld,3.4961186591722466
DFL-MAT-J041ZN,1,14178,DFL-OBJ-J020KQ,14,Leopold Querfeld,2.2564765497902046
DFL-MAT-J041ZN,1,14862,DFL-OBJ-J01ND9,6,Aljoscha Kemlein,2.9495931922894023
DFL-MAT-J041ZN,1,21814,DFL-OBJ-J01ND9,6,Aljoscha Kemlein,5.042445149569775
DFL-MAT-J041ZN,1,21819,DFL-OBJ-J01ND9,6,Aljoscha Kemlein,4.986367836164001
DFL-MAT-J041ZN,1,21844,DFL-OBJ-J01ND9,6,Aljoscha Kemlein,5.7847618045864655
DFL-MAT-J041ZN,1,26292,DFL-OBJ-0001EA,8,Rani Khedira,3.2190674211219013
DFL-MAT-J041ZN,1,28195,DFL-OBJ-J01WS3,10,Ilyas Ansah,5.316259011423649
DFL-MAT-J041ZN,1,32690,DFL-OBJ-J01ND9,6,Aljoscha Kemlein,3.6708326501870103
DFL-MAT-J041ZN,1,61221,DFL-OBJ-0001EA,8,Rani Khedira,5.980803963463667
DFL-MAT-J041ZN,1,74880,DFL-OBJ-0001EA,8,Rani Khedira,5.327016282041548
DFL-MAT-J041ZN,1,80139,DFL-OBJ-J01ND9,6,Aljoscha Kemlein,5.912500776498785
DFL-MAT-J041ZN,1,113391,DFL-OBJ-0001EA,8,Rani Khedira,5.21986861856328
DFL-MAT-J041ZN,1,116043,DFL-OBJ-J01ND9,6,Aljoscha Kemlein,3.0209296664077905
DFL-MAT-J041ZN,1,119258,DFL-OBJ-0001EA,8,Rani Khedira,2.8157513305609125
DFL-MAT-J041ZN,1,119359,DFL-OBJ-0001EA,8,Rani Khedira,4.258119042227183
DFL-MAT-J041ZN,1,121639,DFL-OBJ-J020KQ,14,Leopold Querfeld,3.6205287452334547
DFL-MAT-J041ZN,1,141989,DFL-OBJ-J01ND9,6,Aljoscha Kemlein,10.523675835297274
DFL-MAT-J041ZN,1,150276,DFL-OBJ-J01BVQ,33,Alex Král,6.0709518850113975
DFL-MAT-J041ZN,1,150973,DFL-OBJ-J01BVQ,33,Alex Král,4.545449630749306
DFL-MAT-J041ZN,1,154319,DFL-OBJ-J01ND9,6,Aljoscha Kemlein,3.0271140964764482
DFL-MAT-J041ZN,1,154382,DFL-OBJ-J01ND9,6,Aljoscha Kemlein,2.258307024583672
DFL-MAT-J041ZN,1,159212,DFL-OBJ-J01BVQ,33,Alex Král,4.75013203195318
DFL-MAT-J041ZN,1,172072,DFL-OBJ-J021ZE,23,Andrej Ilić,8.470793467869974
DFL-MAT-J041ZN,1,173545,DFL-OBJ-J01GUA,13,András Schäfer,11.797395872933828
DFL-MAT-J041ZN,1,176725,DFL-OBJ-J01VYC,9,Livan Baha Burcu,11.196646378423177
DFL-MAT-J041ZQ,0,15091,DFL-OBJ-0028RJ,7,Jae-sung Lee,5.681171523246172
DFL-MAT-J041ZQ,0,36390,DFL-OBJ-00015H,31,Dominik Kohr,4.61721657374753
DFL-MAT-J041ZQ,0,38505,DFL-OBJ-J021EE,6,Kaishu Sano,3.1814673608102964
DFL-MAT-J041ZQ,0,40283,DFL-OBJ-00015H,31,Dominik Kohr,3.2480430955603508
DFL-MAT-J041ZQ,0,40318,DFL-OBJ-J021EE,6,Kaishu Sano,2.235505300959334
DFL-MAT-J041ZQ,0,43405,DFL-OBJ-00278Q,2,Phillipp Mwene,4.210808696265274
DFL-MAT-J041ZQ,0,47655,DFL-OBJ-0027UK,4,Stefan Posch,5.905134823520173
DFL-MAT-J041ZQ,0,47830,DFL-OBJ-J021EE,6,Kaishu Sano,9.674697685645887
DFL-MAT-J041ZQ,0,48033,DFL-OBJ-J021EE,6,Kaishu Sano,0.3244843963225191
DFL-MAT-J041ZQ,0,76003,DFL-OBJ-J021EE,6,Kaishu Sano,5.110033944464582
DFL-MAT-J041ZQ,0,81007,DFL-OBJ-0026VB,20,Phillip Tietz,5.239318233850241
DFL-MAT-J041ZQ,0,108889,DFL-OBJ-J021EE,6,Kaishu Sano,10.952828711804244
DFL-MAT-J041ZQ,0,113996,DFL-OBJ-J021EE,6,Kaishu Sano,2.0298981303880987
DFL-MAT-J041ZQ,0,117351,DFL-OBJ-J021EE,6,Kaishu Sano,2.5283308308295926
DFL-MAT-J041ZQ,0,127455,DFL-OBJ-J021B9,22,Nikolas Konrad Veratschnig,0.8735298054374875
DFL-MAT-J041ZQ,0,140370,DFL-OBJ-J021EE,6,Kaishu Sano,5.956629774596112
DFL-MAT-J041ZQ,0,159172,DFL-OBJ-J021EE,6,Kaishu Sano,0.5206987233456828
DFL-MAT-J041ZQ,0,160512,DFL-OBJ-J021B9,22,Nikolas Konrad Veratschnig,1.992302470962296
DFL-MAT-J041ZQ,0,160561,DFL-OBJ-0000NB,21,Danny Vieira da Costa,3.513893763720816
DFL-MAT-J041ZQ,1,10904,DFL-OBJ-J01FRO,20,Fábio Daniel Ferreira Vieira,4.343680666024498
DFL-MAT-J041ZQ,1,12250,DFL-OBJ-J01IZ9,21,Nicolai Remberg,5.381644730005878
DFL-MAT-J041ZQ,1,49046,DFL-OBJ-J01IZ9,21,Nicolai Remberg,0.5810006268456704
DFL-MAT-J041ZQ,1,52458,DFL-OBJ-J01IZ9,21,Nicolai Remberg,0.8459963809279635
DFL-MAT-J041ZQ,1,53900,DFL-OBJ-J01IZ9,21,Nicolai Remberg,4.616017470065584
DFL-MAT-J041ZQ,1,64066,DFL-OBJ-J01IZ9,21,Nicolai Remberg,11.149204533436233
DFL-MAT-J041ZQ,1,72836,DFL-OBJ-002G8B,11,Ransford-Yeboah Königsdörffer,3.1760144680455333
DFL-MAT-J041ZQ,1,102183,DFL-OBJ-J01FRO,20,Fábio Daniel Ferreira Vieira,5.469213611742021
DFL-MAT-J041ZQ,1,111520,DFL-OBJ-0027JU,25,Jordan Torunarigha,3.086507875285198
DFL-MAT-J041ZQ,1,120190,DFL-OBJ-J01IZ9,21,Nicolai Remberg,5.010247769926091
DFL-MAT-J041ZQ,1,122407,DFL-OBJ-J01FRO,20,Fábio Daniel Ferreira Vieira,3.6386344270656203
DFL-MAT-J041ZQ,1,135642,DFL-OBJ-J01H5G,24,Nicolas Capaldo Taboas,8.22374197666521
DFL-MAT-J041ZQ,1,139741,DFL-OBJ-J01IZ9,21,Nicolai Remberg,8.777704641045522
DFL-MAT-J041ZQ,1,148577,DFL-OBJ-J01IZ9,21,Nicolai Remberg,2.084132883609687
DFL-MAT-J041ZQ,1,151800,DFL-OBJ-J01W6J,14,Rayan Philippe,2.6241379536906955
DFL-MAT-J041ZQ,1,164476,DFL-OBJ-J01G5F,17,Warmed Omari,6.82101554656048
DFL-MAT-J041ZQ,1,166378,DFL-OBJ-J01FRO,20,Fábio Daniel Ferreira Vieira,4.962700380007685
DFL-MAT-J041ZQ,1,171893,DFL-OBJ-J01G5F,17,Warmed Omari,2.1488061572032455
DFL-MAT-J041ZQ,1,173377,DFL-OBJ-J01G5F,17,Warmed Omari,1.7661106742161556
DFL-MAT-J041ZQ,1,174203,DFL-OBJ-0002F6,15,Yussuf Yurary Poulsen,3.1089996803386253
DFL-MAT-J041ZQ,1,174272,DFL-OBJ-J01OYX,8,Daniel Elfadli,4.757267604594935
DFL-MAT-J04205,0,21218,DFL-OBJ-J01IZ9,21,Nicolai Remberg,5.026335090743998
DFL-MAT-J04205,0,35189,DFL-OBJ-J020IH,44,Luka Vušković,7.798193602161345
DFL-MAT-J04205,0,45707,DFL-OBJ-J01IZ9,21,Nicolai Remberg,0.8592682790075752
DFL-MAT-J04205,0,47490,DFL-OBJ-J01IZ9,21,Nicolai Remberg,6.083725507399453
DFL-MAT-J04205,0,49319,DFL-OBJ-J01IZ9,21,Nicolai Remberg,7.8428312001832525
DFL-MAT-J04205,0,49819,DFL-OBJ-J01G5F,17,Warmed Omari,4.116554354443341
DFL-MAT-J04205,0,52527,DFL-OBJ-J01FRO,20,Fábio Daniel Ferreira Vieira,7.177756879914538
DFL-MAT-J04205,0,54960,DFL-OBJ-J020IH,44,Luka Vušković,6.925112023874408
DFL-MAT-J04205,0,55151,DFL-OBJ-J01IZ9,21,Nicolai Remberg,2.03081264522358
DFL-MAT-J04205,0,60717,DFL-OBJ-J020IH,44,Luka Vušković,6.579655325131468
DFL-MAT-J04205,0,62688,DFL-OBJ-J01IZ9,21,Nicolai Remberg,4.116588693218669
DFL-MAT-J04205,0,74029,DFL-OBJ-J020IH,44,Luka Vušković,5.298886093053946
DFL-MAT-J04205,0,74211,DFL-OBJ-J01IZ9,21,Nicolai Remberg,4.436004903758879
DFL-MAT-J04205,0,75353,DFL-OBJ-J01IZ9,21,Nicolai Remberg,1.6680664492196775
DFL-MAT-J04205,0,106962,DFL-OBJ-J020IH,44,Luka Vušković,6.504009874257914
DFL-MAT-J04205,0,113446,DFL-OBJ-J01FRO,20,Fábio Daniel Ferreira Vieira,7.212252006991001
DFL-MAT-J04205,0,125334,DFL-OBJ-J01G5F,17,Warmed Omari,7.135333918146843
DFL-MAT-J04205,0,143075,DFL-OBJ-0002F6,15,Yussuf Yurary Poulsen,5.779205058752554
DFL-MAT-J04205,0,148322,DFL-OBJ-J01IZ9,21,Nicolai Remberg,1.2007451390236394
DFL-MAT-J04205,0,148484,DFL-OBJ-J01IZ9,21,Nicolai Remberg,3.533803253167719
DFL-MAT-J04205,0,148495,DFL-OBJ-J01IZ9,21,Nicolai Remberg,4.196938625612772
DFL-MAT-J04205,1,15320,DFL-OBJ-J01FO9,13,Nicolas Seiwald,4.11127477151717
DFL-MAT-J04205,1,22090,DFL-OBJ-0000HO,4,Willi Thomas Orbán,3.8248702067868177
DFL-MAT-J04205,1,25494,DFL-OBJ-J01FO9,13,Nicolas Seiwald,4.625765869187849
DFL-MAT-J04205,1,42368,DFL-OBJ-0028KN,14,Christoph Baumgartner,1.7630742650828781
DFL-MAT-J04205,1,66177,DFL-OBJ-J01ND7,10,Brajan Gruda,6.422928546318345
DFL-MAT-J04205,1,68647,DFL-OBJ-0028KN,14,Christoph Baumgartner,4.2059119179707505
DFL-MAT-J04205,1,165303,DFL-OBJ-J01FO9,13,Nicolas Seiwald,0.4148612738533333
DFL-MAT-J04205,1,171862,DFL-OBJ-0028KN,14,Christoph Baumgartner,10.505245544518097
DFL-MAT-J04205,1,173797,DFL-OBJ-0027IT,22,David Raum,0.6689673265194767
DFL-MAT-J0420A,0,21446,DFL-OBJ-0001V4,31,Yannick Gerhardt,5.780901933132391
DFL-MAT-J0420A,0,32523,DFL-OBJ-J02471,5,Vinicius de Souza Costa,5.319820961435488
DFL-MAT-J0420A,0,45528,DFL-OBJ-0001V4,31,Yannick Gerhardt,3.7786273554503915
DFL-MAT-J0420A,0,45646,DFL-OBJ-0001V4,31,Yannick Gerhardt,7.0993861671708824
DFL-MAT-J0420A,0,58134,DFL-OBJ-J00W7B,24,Christian Dannemann Eriksen,0.2784835478439489
DFL-MAT-J0420A,0,61572,DFL-OBJ-0001V4,31,Yannick Gerhardt,0.06581868097608078
DFL-MAT-J0420A,0,73929,DFL-OBJ-0001V4,31,Yannick Gerhardt,3.920223286661608
DFL-MAT-J0420A,0,78188,DFL-OBJ-0001V4,31,Yannick Gerhardt,2.456486751540462
DFL-MAT-J0420A,0,82084,DFL-OBJ-J02471,5,Vinicius de Souza Costa,4.748445619617972
DFL-MAT-J0420A,0,83180,DFL-OBJ-0001V4,31,Yannick Gerhardt,3.737651107643561
DFL-MAT-J0420A,0,108541,DFL-OBJ-J02471,5,Vinicius de Souza Costa,4.886650497674222
DFL-MAT-J0420A,0,115744,DFL-OBJ-J00W7B,24,Christian Dannemann Eriksen,5.64558212506595
DFL-MAT-J0420A,0,119310,DFL-OBJ-J00W7B,24,Christian Dannemann Eriksen,3.6871597352949395
DFL-MAT-J0420A,0,164652,DFL-OBJ-J00W7B,24,Christian Dannemann Eriksen,5.789394411708447
DFL-MAT-J0420A,0,166000,DFL-OBJ-0000Y4,27,Maximilian Arnold,3.84548492663639
DFL-MAT-J0420A,0,167037,DFL-OBJ-J02471,5,Vinicius de Souza Costa,0.1633635648514899
DFL-MAT-J0420A,1,18432,DFL-OBJ-J01A3I,6,Albert-Mboyo Sambi Lokonga,6.063410705429417
DFL-MAT-J0420A,1,28855,DFL-OBJ-J01A3I,6,Albert-Mboyo Sambi Lokonga,7.082470535688016
DFL-MAT-J0420A,1,29431,DFL-OBJ-J01A3I,6,Albert-Mboyo Sambi Lokonga,3.5236751297123132
DFL-MAT-J0420A,1,29490,DFL-OBJ-J01A3I,6,Albert-Mboyo Sambi Lokonga,3.2721137503243587
DFL-MAT-J0420A,1,37416,DFL-OBJ-J01IZ9,21,Nicolai Remberg,3.5730572723656335
DFL-MAT-J0420A,1,39439,DFL-OBJ-J01IZ9,21,Nicolai Remberg,6.973096271021813
DFL-MAT-J0420A,1,42785,DFL-OBJ-J024Z8,27,Philip Porwei Otele,4.56571468855467
DFL-MAT-J0420A,1,64677,DFL-OBJ-J01IZ9,21,Nicolai Remberg,7.33976855691893
DFL-MAT-J0420A,1,76141,DFL-OBJ-J01A3I,6,Albert-Mboyo Sambi Lokonga,2.2635555991884297
DFL-MAT-J0420A,1,85752,DFL-OBJ-J01A3I,6,Albert-Mboyo Sambi Lokonga,1.1775723091215575
DFL-MAT-J0420A,1,101593,DFL-OBJ-J01G5F,17,Warmed Omari,4.459262243139155
DFL-MAT-J0420A,1,126845,DFL-OBJ-J01IZ9,21,Nicolai Remberg,0.9748472498262643
DFL-MAT-J0420A,1,127688,DFL-OBJ-J01A3I,6,Albert-Mboyo Sambi Lokonga,6.5229184750461755
DFL-MAT-J0420A,1,129212,DFL-OBJ-J01IZ9,21,Nicolai Remberg,4.320002572015695
DFL-MAT-J0420A,1,159791,DFL-OBJ-J01IZ9,21,Nicolai Remberg,2.8831218076981586
DFL-MAT-J0420A,1,162929,DFL-OBJ-J01IZ9,21,Nicolai Remberg,2.634150834193811
DFL-MAT-J0420A,1,173280,DFL-OBJ-J020IH,44,Luka Vušković,0.9260702850429378
DFL-MAT-J0420A,1,173921,DFL-OBJ-J01IZ9,21,Nicolai Remberg,3.4531073857156525
DFL-MAT-J0420A,1,173934,DFL-OBJ-J01IZ9,21,Nicolai Remberg,2.8848931768741974
DFL-MAT-J0420A,1,177226,DFL-OBJ-J020IH,44,Luka Vušković,0.6241656158820199
DFL-MAT-J0420N,0,47841,DFL-OBJ-J01IZ9,21,Nicolai Remberg,8.594547223403254
DFL-MAT-J0420N,0,49007,DFL-OBJ-J01HP7,28,Miro Max Maria Muheim,1.1590172508010068
DFL-MAT-J0420N,0,49133,DFL-OBJ-J01IZ9,21,Nicolai Remberg,2.24621382401807
DFL-MAT-J0420N,0,50109,DFL-OBJ-J01IZ9,21,Nicolai Remberg,6.2727019794867305
DFL-MAT-J0420N,0,51925,DFL-OBJ-J01FRO,20,Fábio Daniel Ferreira Vieira,4.4635485246716815
DFL-MAT-J0420N,0,51950,DFL-OBJ-J01FRO,20,Fábio Daniel Ferreira Vieira,5.0487080611201645
DFL-MAT-J0420N,0,52767,DFL-OBJ-J01HP7,28,Miro Max Maria Muheim,9.095296369518845
DFL-MAT-J0420N,0,75993,DFL-OBJ-J01A3I,6,Albert-Mboyo Sambi Lokonga,7.438518536959583
DFL-MAT-J0420N,0,76709,DFL-OBJ-J01QPG,19,Damion Lamar Downs,0.8401770830391608
DFL-MAT-J0420N,0,113091,DFL-OBJ-J01QPG,19,Damion Lamar Downs,3.3078432793126478
DFL-MAT-J0420N,0,128562,DFL-OBJ-J01IZ9,21,Nicolai Remberg,2.149270619891981
DFL-MAT-J0420N,0,178005,DFL-OBJ-J01QSK,49,Otto Emerson Stange,1.6412224441284973
DFL-MAT-J0420N,1,26938,DFL-OBJ-J01LB6,38,Youssoupha Niang,2.9455809127539236
DFL-MAT-J0420N,1,37342,DFL-OBJ-002GKO,6,Eric Martel,3.1830385746800527
DFL-MAT-J0420N,1,67385,DFL-OBJ-J01GSF,18,Ísak Bergmann Jóhannesson,1.7663976035499946
DFL-MAT-J0420N,1,78288,DFL-OBJ-J01GSF,18,Ísak Bergmann Jóhannesson,7.440538361645017
DFL-MAT-J0420N,1,106018,DFL-OBJ-002GKO,6,Eric Martel,3.3496513546234703
DFL-MAT-J0420N,1,116229,DFL-OBJ-002GKO,6,Eric Martel,1.8672224701642866
DFL-MAT-J0420N,1,123499,DFL-OBJ-002GKO,6,Eric Martel,4.6192811155732185
DFL-MAT-J0420N,1,133973,DFL-OBJ-J01GSF,18,Ísak Bergmann Jóhannesson,5.582382450814394
DFL-MAT-J0420N,1,139202,DFL-OBJ-J01FYE,16,Jakub Piotr Kamiński,5.8298102588609995
DFL-MAT-J0420N,1,141378,DFL-OBJ-002GKO,6,Eric Martel,10.49423269005821
DFL-MAT-J0420N,1,145431,DFL-OBJ-002GKO,6,Eric Martel,6.686358509940729
DFL-MAT-J0420N,1,145826,DFL-OBJ-002GKO,6,Eric Martel,2.5700009607530485
DFL-MAT-J0420N,1,163371,DFL-OBJ-J01NAG,27,Felipe Marlon Chávez Somocursio,2.0210478885719785
DFL-MAT-J0420N,1,172958,DFL-OBJ-J01GSF,18,Ísak Bergmann Jóhannesson,4.785129872974668
DFL-MAT-J0420N,1,173156,DFL-OBJ-002GKO,6,Eric Martel,5.057878587161729
DFL-MAT-J0420N,1,173221,DFL-OBJ-002GKO,6,Eric Martel,4.889196581226456
DFL-MAT-J0420N,1,174086,DFL-OBJ-0027AX,11,Florian Kainz,1.7670244221973774
DFL-MAT-J0420P,0,10946,DFL-OBJ-J01UP1,7,Jobe Samuel Patrick Bellingham,5.616376077767013
DFL-MAT-J0420P,0,37568,DFL-OBJ-J01UP1,7,Jobe Samuel Patrick Bellingham,2.994506286724832
DFL-MAT-J0420P,0,45299,DFL-OBJ-J01UP1,7,Jobe Samuel Patrick Bellingham,9.592313344998797
DFL-MAT-J0420P,0,65446,DFL-OBJ-J020ID,49,Luca Reggiani,12.042753981410987
DFL-MAT-J0420P,0,65664,DFL-OBJ-J01BSN,8,Felix Kalu Nmecha,5.233016385778587
DFL-MAT-J0420P,0,100846,DFL-OBJ-J01UP1,7,Jobe Samuel Patrick Bellingham,2.574891343746133
DFL-MAT-J0420P,0,173340,DFL-OBJ-J01UP1,7,Jobe Samuel Patrick Bellingham,6.567590929502534
DFL-MAT-J0420P,1,20031,DFL-OBJ-J01A3I,6,Albert-Mboyo Sambi Lokonga,8.852469837408213
DFL-MAT-J0420P,1,21170,DFL-OBJ-J01FRO,20,Fábio Daniel Ferreira Vieira,8.890675376031641
DFL-MAT-J0420P,1,50759,DFL-OBJ-J01A3I,6,Albert-Mboyo Sambi Lokonga,4.961923412409476
DFL-MAT-J0420P,1,51187,DFL-OBJ-J01IZ9,21,Nicolai Remberg,3.933416508850641
DFL-MAT-J0420P,1,57373,DFL-OBJ-J01IZ9,21,Nicolai Remberg,5.074882349788766
DFL-MAT-J0420P,1,58800,DFL-OBJ-J01IZ9,21,Nicolai Remberg,1.7674931679543882
DFL-MAT-J0420P,1,63050,DFL-OBJ-J01FRO,20,Fábio Daniel Ferreira Vieira,6.284923858029985
DFL-MAT-J0420P,1,63102,DFL-OBJ-J01FRO,20,Fábio Daniel Ferreira Vieira,5.529756318163728
DFL-MAT-J0420P,1,73266,DFL-OBJ-J01A3I,6,Albert-Mboyo Sambi Lokonga,2.5303261879220043
DFL-MAT-J0420P,1,76777,DFL-OBJ-J01IZ9,21,Nicolai Remberg,4.4481519258626445
DFL-MAT-J0420P,1,105672,DFL-OBJ-J020IH,44,Luka Vušković,1.5007508408859085
DFL-MAT-J0420P,1,109374,DFL-OBJ-J020IH,44,Luka Vušković,13.123056705049729
DFL-MAT-J0420P,1,114892,DFL-OBJ-J01IZ9,21,Nicolai Remberg,2.70527993120358
DFL-MAT-J0420P,1,116311,DFL-OBJ-J01G5F,17,Warmed Omari,11.263727043637923
DFL-MAT-J0420P,1,118630,DFL-OBJ-J01IZ9,21,Nicolai Remberg,2.5367793326807218
DFL-MAT-J0420P,1,122778,DFL-OBJ-J01A3I,6,Albert-Mboyo Sambi Lokonga,4.364427613681061
DFL-MAT-J0420P,1,131123,DFL-OBJ-J01IZ9,21,Nicolai Remberg,3.5417560337308864
DFL-MAT-J0420P,1,135214,DFL-OBJ-J01A3I,6,Albert-Mboyo Sambi Lokonga,3.6679610509934477
DFL-MAT-J0420P,1,136498,DFL-OBJ-J01A3I,6,Albert-Mboyo Sambi Lokonga,5.878888993888992
DFL-MAT-J0420P,1,141401,DFL-OBJ-J01IZ9,21,Nicolai Remberg,6.720987673596939
DFL-MAT-J0420P,1,148627,DFL-OBJ-J01IZ9,21,Nicolai Remberg,4.285241540651868
DFL-MAT-J0420P,1,148632,DFL-OBJ-J01IZ9,21,Nicolai Remberg,4.277867964417282
DFL-MAT-J0420P,1,150986,DFL-OBJ-J01QSK,49,Otto Emerson Stange,5.577802678120603
DFL-MAT-J0420P,1,152600,DFL-OBJ-J01A3I,6,Albert-Mboyo Sambi Lokonga,0.07669886602410063
DFL-MAT-J0420P,1,155002,DFL-OBJ-J01A3I,6,Albert-Mboyo Sambi Lokonga,1.8525024782976034
DFL-MAT-J0420P,1,157787,DFL-OBJ-J01N5U,2,William Mikelbrencis,6.207290417000613
DFL-MAT-J0420P,1,171587,DFL-OBJ-0027JU,25,Jordan Torunarigha,3.470340112125492
DFL-MAT-J04215,0,15595,DFL-OBJ-J020IH,44,Luka Vušković,10.00054276304819
DFL-MAT-J04215,0,18844,DFL-OBJ-J01FRO,20,Fábio Daniel Ferreira Vieira,2.0095881280611847
DFL-MAT-J04215,0,19533,DFL-OBJ-J01A3I,6,Albert-Mboyo Sambi Lokonga,5.640538674914825
DFL-MAT-J04215,0,19908,DFL-OBJ-J01FRO,20,Fábio Daniel Ferreira Vieira,5.610714837492125
DFL-MAT-J04215,0,24828,DFL-OBJ-J024Z8,27,Philip Porwei Otele,6.513098104096108
DFL-MAT-J04215,0,24888,DFL-OBJ-J01A3I,6,Albert-Mboyo Sambi Lokonga,7.608328931887894
DFL-MAT-J04215,0,42787,DFL-OBJ-J01A3I,6,Albert-Mboyo Sambi Lokonga,1.520924020634558
DFL-MAT-J04215,0,48893,DFL-OBJ-J01G5F,17,Warmed Omari,11.847188393855575
DFL-MAT-J04215,0,60884,DFL-OBJ-J01HP7,28,Miro Max Maria Muheim,8.641188547079206
DFL-MAT-J04215,0,66477,DFL-OBJ-J01A3I,6,Albert-Mboyo Sambi Lokonga,9.400993511982955
DFL-MAT-J04215,0,73007,DFL-OBJ-J020IH,44,Luka Vušković,2.8598094126258147
DFL-MAT-J04215,0,76840,DFL-OBJ-J01A3I,6,Albert-Mboyo Sambi Lokonga,2.2636485898371257
DFL-MAT-J04215,0,101913,DFL-OBJ-J01A3I,6,Albert-Mboyo Sambi Lokonga,0.5230407297125872
DFL-MAT-J04215,0,110389,DFL-OBJ-J01A3I,6,Albert-Mboyo Sambi Lokonga,8.421265337022888
DFL-MAT-J04215,0,110550,DFL-OBJ-J01G5F,17,Warmed Omari,6.051633184317345
DFL-MAT-J04215,0,113423,DFL-OBJ-J01FRO,20,Fábio Daniel Ferreira Vieira,8.708985001312518
DFL-MAT-J04215,0,131153,DFL-OBJ-J020IH,44,Luka Vušković,0.6032852766312152
DFL-MAT-J04215,0,134510,DFL-OBJ-J01VXC,16,Giorgi Gocholeishvili,7.071884141620256
DFL-MAT-J04215,0,136771,DFL-OBJ-J020IH,44,Luka Vušković,4.792483861475172
DFL-MAT-J04215,0,138991,DFL-OBJ-J01A3I,6,Albert-Mboyo Sambi Lokonga,1.271324358690569
DFL-MAT-J04215,0,140649,DFL-OBJ-0027JU,25,Jordan Torunarigha,4.678382800177852
DFL-MAT-J04215,0,141756,DFL-OBJ-J02594,23,Albert Grønbæk Erlykke,4.491924003141637
DFL-MAT-J04215,0,141913,DFL-OBJ-J01FRO,20,Fábio Daniel Ferreira Vieira,7.511010459651885
DFL-MAT-J04215,0,142171,DFL-OBJ-J01FRO,20,Fábio Daniel Ferreira Vieira,0.9785528217730496
DFL-MAT-J04215,0,148573,DFL-OBJ-J02594,23,Albert Grønbæk Erlykke,1.3815373004374494
DFL-MAT-J04215,0,149612,DFL-OBJ-J01A3I,6,Albert-Mboyo Sambi Lokonga,1.0868949466254791
DFL-MAT-J04215,0,150293,DFL-OBJ-J020IH,44,Luka Vušković,3.271748863375676
DFL-MAT-J04215,0,167631,DFL-OBJ-J01A3I,6,Albert-Mboyo Sambi Lokonga,1.0614884891038623
DFL-MAT-J04215,1,11121,DFL-OBJ-0028C6,19,Robin Salvatore Fellhauer,5.089276064844346
DFL-MAT-J04215,1,13739,DFL-OBJ-0028C6,19,Robin Salvatore Fellhauer,1.6693685506875608
DFL-MAT-J04215,1,27057,DFL-OBJ-J01FUR,20,Alexis Julian Claude-Maurice,10.070049774908554
DFL-MAT-J04215,1,35367,DFL-OBJ-J01FUR,20,Alexis Julian Claude-Maurice,5.574525944524148
DFL-MAT-J04215,1,37208,DFL-OBJ-00018O,38,Michael Gregoritsch,0.36430383466361926
DFL-MAT-J04215,1,38267,DFL-OBJ-J01G82,32,Fabian Rieder,7.0136826592343375
DFL-MAT-J04215,1,46561,DFL-OBJ-J01G82,32,Fabian Rieder,6.503075530702736
DFL-MAT-J04215,1,46650,DFL-OBJ-J01G82,32,Fabian Rieder,4.885036992669869
DFL-MAT-J04215,1,59521,DFL-OBJ-J01G82,32,Fabian Rieder,5.462506321153501
DFL-MAT-J04215,1,59770,DFL-OBJ-J01G82,32,Fabian Rieder,2.6180027256679725
DFL-MAT-J04215,1,64193,DFL-OBJ-J017LG,16,Cédric Adrian Zesiger,0.8238931969618395
DFL-MAT-J04215,1,64497,DFL-OBJ-00018O,38,Michael Gregoritsch,4.063955532224886
DFL-MAT-J04215,1,67747,DFL-OBJ-J017LG,16,Cédric Adrian Zesiger,7.494932279650247
DFL-MAT-J04215,1,75624,DFL-OBJ-J01G82,32,Fabian Rieder,5.869578927838304
DFL-MAT-J04215,1,106157,DFL-OBJ-0028C6,19,Robin Salvatore Fellhauer,2.448765120889294
DFL-MAT-J04215,1,121793,DFL-OBJ-J01G82,32,Fabian Rieder,1.9200594769594312
DFL-MAT-J04215,1,122264,DFL-OBJ-0028C6,19,Robin Salvatore Fellhauer,5.843581051561862
DFL-MAT-J04215,1,125447,DFL-OBJ-00018O,38,Michael Gregoritsch,0.521035294176679
DFL-MAT-J04215,1,126896,DFL-OBJ-J01K2X,30,Anton Kade,0.7834720129409389
DFL-MAT-J04215,1,133993,DFL-OBJ-J01G82,32,Fabian Rieder,6.631215742397635
DFL-MAT-J04215,1,147106,DFL-OBJ-J01G82,32,Fabian Rieder,5.825987332209173
DFL-MAT-J04215,1,156667,DFL-OBJ-J01BKL,4,Han-Noah Massengo,6.3142060095362895
DFL-MAT-J04215,1,158803,DFL-OBJ-00018O,38,Michael Gregoritsch,3.0291004246667117
DFL-MAT-J04215,1,164473,DFL-OBJ-J017LG,16,Cédric Adrian Zesiger,1.0647320418714092
DFL-MAT-J04215,1,170930,DFL-OBJ-J017LG,16,Cédric Adrian Zesiger,0.3779607400083407
DFL-MAT-J04219,0,32450,DFL-OBJ-002GCQ,6,Angelo Stiller,4.194210295156885
DFL-MAT-J04219,0,51204,DFL-OBJ-J024FD,30,José María Andrés Baixauli,10.673024551944954
DFL-MAT-J04219,0,52482,DFL-OBJ-J01D1W,24,Julian Jeffrey Gaston Chabot,2.7579248326805486
DFL-MAT-J04219,0,54058,DFL-OBJ-002GCQ,6,Angelo Stiller,6.263366842005255
DFL-MAT-J04219,0,60066,DFL-OBJ-J024FD,30,José María Andrés Baixauli,8.88114621119883
DFL-MAT-J04219,0,66704,DFL-OBJ-0028I9,10,Chris Jan Führich,2.4538993912184375
DFL-MAT-J04219,0,69694,DFL-OBJ-002GCQ,6,Angelo Stiller,2.861640943390504
DFL-MAT-J04219,0,109097,DFL-OBJ-J024FD,30,José María Andrés Baixauli,5.411998216126649
DFL-MAT-J04219,0,112117,DFL-OBJ-002GEY,9,Ermedin Demirović,2.1598519610906486
DFL-MAT-J04219,0,141240,DFL-OBJ-J01D1W,24,Julian Jeffrey Gaston Chabot,8.648838214993727
DFL-MAT-J04219,0,157169,DFL-OBJ-00286V,28,Nikolas Terkelsen Nartey,8.113090549944879
DFL-MAT-J04219,0,168937,DFL-OBJ-00286V,28,Nikolas Terkelsen Nartey,4.626811423714745
DFL-MAT-J04219,1,10430,DFL-OBJ-J01IZ9,21,Nicolai Remberg,3.6927242444676276
DFL-MAT-J04219,1,17511,DFL-OBJ-J02594,23,Albert Grønbæk Erlykke,1.9043426655028044
DFL-MAT-J04219,1,22542,DFL-OBJ-J02594,23,Albert Grønbæk Erlykke,11.334411277712912
DFL-MAT-J04219,1,24024,DFL-OBJ-J01OYX,8,Daniel Elfadli,5.0220954998761735
DFL-MAT-J04219,1,41439,DFL-OBJ-J01IZ9,21,Nicolai Remberg,2.9097999591843315
DFL-MAT-J04219,1,54314,DFL-OBJ-J01IZ9,21,Nicolai Remberg,10.625255784865942
DFL-MAT-J04219,1,57012,DFL-OBJ-J01FRO,20,Fábio Daniel Ferreira Vieira,6.541207839535449
DFL-MAT-J04219,1,68172,DFL-OBJ-J02594,23,Albert Grønbæk Erlykke,4.852762100082797
DFL-MAT-J04219,1,69457,DFL-OBJ-J01FRO,20,Fábio Daniel Ferreira Vieira,3.428835061145869
DFL-MAT-J04219,1,70370,DFL-OBJ-J01IZ9,21,Nicolai Remberg,9.312640884674636
DFL-MAT-J04219,1,72706,DFL-OBJ-J01IZ9,21,Nicolai Remberg,2.8784482273493937
DFL-MAT-J04219,1,74737,DFL-OBJ-J02594,23,Albert Grønbæk Erlykke,4.712338676545769
DFL-MAT-J04219,1,77581,DFL-OBJ-J02594,23,Albert Grønbæk Erlykke,6.328297803234275
DFL-MAT-J04219,1,78707,DFL-OBJ-J01IZ9,21,Nicolai Remberg,0.9265714046425345
DFL-MAT-J04219,1,104373,DFL-OBJ-J01FRO,20,Fábio Daniel Ferreira Vieira,3.6776109394853367
DFL-MAT-J04219,1,106822,DFL-OBJ-002G8B,11,Ransford-Yeboah Königsdörffer,0.5040331166858519
DFL-MAT-J04219,1,108702,DFL-OBJ-J01IZ9,21,Nicolai Remberg,3.2314492410574602
DFL-MAT-J04219,1,110584,DFL-OBJ-J01IZ9,21,Nicolai Remberg,2.0925231388015173
DFL-MAT-J04219,1,114142,DFL-OBJ-J02594,23,Albert Grønbæk Erlykke,6.195490693905656
DFL-MAT-J04219,1,115611,DFL-OBJ-J01IZ9,21,Nicolai Remberg,3.173552941358455
DFL-MAT-J04219,1,120412,DFL-OBJ-002G8B,11,Ransford-Yeboah Königsdörffer,1.401128733698323
DFL-MAT-J04219,1,125603,DFL-OBJ-J01FRO,20,Fábio Daniel Ferreira Vieira,5.7831625548485555
DFL-MAT-J04219,1,125707,DFL-OBJ-J01N5U,2,William Mikelbrencis,8.326345885349054
DFL-MAT-J04219,1,146015,DFL-OBJ-J01FRO,20,Fábio Daniel Ferreira Vieira,5.759749330107958
DFL-MAT-J04219,1,155343,DFL-OBJ-J01H5G,24,Nicolas Capaldo Taboas,1.8712338307605276
DFL-MAT-J04219,1,159841,DFL-OBJ-J01FRO,20,Fábio Daniel Ferreira Vieira,4.292804343992684
DFL-MAT-J04219,1,160372,DFL-OBJ-J01IZ9,21,Nicolai Remberg,4.212268970109004
DFL-MAT-J0421J,0,16635,DFL-OBJ-J01VZA,19,Jovan Milošević,1.123298713610943
DFL-MAT-J0421J,0,21175,DFL-OBJ-J01QJA,14,Senne Maaike Lynen,8.755798431487529
DFL-MAT-J0421J,0,41267,DFL-OBJ-J01C07,6,Jens Dalsgaard Stage,2.123743491986047
DFL-MAT-J0421J,0,48070,DFL-OBJ-J0208Z,18,Cameron Mitchel Puertas Castro,11.842053385923478
DFL-MAT-J0421J,0,49085,DFL-OBJ-J01QJA,14,Senne Maaike Lynen,15.504697217374776
DFL-MAT-J0421J,0,61331,DFL-OBJ-J0208Z,18,Cameron Mitchel Puertas Castro,6.720668415464142
DFL-MAT-J0421J,0,67813,DFL-OBJ-J01C07,6,Jens Dalsgaard Stage,3.623338103509753
DFL-MAT-J0421J,0,70374,DFL-OBJ-J01C07,6,Jens Dalsgaard Stage,11.559128614259278
DFL-MAT-J0421J,0,103708,DFL-OBJ-J0208Z,18,Cameron Mitchel Puertas Castro,5.216343026287784
DFL-MAT-J0421J,0,103746,DFL-OBJ-J01C07,6,Jens Dalsgaard Stage,6.739645739306932
DFL-MAT-J0421J,0,109499,DFL-OBJ-J0208Z,18,Cameron Mitchel Puertas Castro,5.307950826383818
DFL-MAT-J0421J,0,120116,DFL-OBJ-J0208Z,18,Cameron Mitchel Puertas Castro,3.652806801743583
DFL-MAT-J0421J,0,136418,DFL-OBJ-J0208Z,18,Cameron Mitchel Puertas Castro,6.798451984291427
DFL-MAT-J0421J,0,139815,DFL-OBJ-J01TR0,2,Olivier Deman,1.1195248110109628
DFL-MAT-J0421J,0,143392,DFL-OBJ-002FX2,20,Romano Christian Schmid,0.25072979898441733
DFL-MAT-J0421J,0,175713,DFL-OBJ-J01QJA,14,Senne Maaike Lynen,6.616077406357456
DFL-MAT-J0421J,0,175746,DFL-OBJ-J01QJA,14,Senne Maaike Lynen,5.939916863532604
DFL-MAT-J0421J,0,177840,DFL-OBJ-J01QJA,14,Senne Maaike Lynen,5.981616487411169
DFL-MAT-J0421J,0,177926,DFL-OBJ-J0208Z,18,Cameron Mitchel Puertas Castro,7.081276389793151
DFL-MAT-J0421J,1,19204,DFL-OBJ-0027JU,25,Jordan Torunarigha,2.0749728542029175
DFL-MAT-J0421J,1,20641,DFL-OBJ-J01IZ9,21,Nicolai Remberg,4.472573761200895
DFL-MAT-J0421J,1,20666,DFL-OBJ-J01IZ9,21,Nicolai Remberg,2.0152370200335192
DFL-MAT-J0421J,1,25508,DFL-OBJ-J01IZ9,21,Nicolai Remberg,3.04386450275158
DFL-MAT-J0421J,1,25559,DFL-OBJ-J01IZ9,21,Nicolai Remberg,6.111828745742469
DFL-MAT-J0421J,1,45506,DFL-OBJ-J01FRO,20,Fábio Daniel Ferreira Vieira,7.944112347371122
DFL-MAT-J0421J,1,57157,DFL-OBJ-J01IZ9,21,Nicolai Remberg,1.8084400890147159
DFL-MAT-J0421J,1,57552,DFL-OBJ-J01FRO,20,Fábio Daniel Ferreira Vieira,5.08175628238705
DFL-MAT-J0421J,1,65290,DFL-OBJ-J01IZ9,21,Nicolai Remberg,3.650802211860221
DFL-MAT-J0421J,1,76161,DFL-OBJ-J01H5G,24,Nicolas Capaldo Taboas,1.5663423620210641
DFL-MAT-J0421J,1,105576,DFL-OBJ-J01N5U,2,William Mikelbrencis,7.055217577206843
DFL-MAT-J0421J,1,113803,DFL-OBJ-J01IZ9,21,Nicolai Remberg,4.07893292751431
DFL-MAT-J0421J,1,116512,DFL-OBJ-J01IZ9,21,Nicolai Remberg,0.6405485689124607
DFL-MAT-J0421J,1,119926,DFL-OBJ-0027JU,25,Jordan Torunarigha,3.1961365566710214
DFL-MAT-J0421J,1,121233,DFL-OBJ-J01IZ9,21,Nicolai Remberg,4.91864128583956
DFL-MAT-J0421J,1,121600,DFL-OBJ-J01IZ9,21,Nicolai Remberg,3.6464975585408577
DFL-MAT-J0421J,1,121660,DFL-OBJ-J01IZ9,21,Nicolai Remberg,3.1943437665294288
DFL-MAT-J0421J,1,133933,DFL-OBJ-J01H5G,24,Nicolas Capaldo Taboas,7.057145402680032
DFL-MAT-J0421J,1,157101,DFL-OBJ-J01QPG,19,Damion Lamar Downs,6.3632859288656825
DFL-MAT-J0421J,1,157950,DFL-OBJ-J01QPG,19,Damion Lamar Downs,3.8588536591195033
DFL-MAT-J0421J,1,166767,DFL-OBJ-J01IZ9,21,Nicolai Remberg,2.00959767428707
DFL-MAT-J0421J,1,167886,DFL-OBJ-J01QPG,19,Damion Lamar Downs,1.5019201252063976
DFL-MAT-J0421J,1,174115,DFL-OBJ-0027HO,9,Robert-Nesta Glatzel,4.207275320798486
DFL-MAT-J0421J,1,175397,DFL-OBJ-J01IZ9,21,Nicolai Remberg,9.450541816478037
DFL-MAT-J0421J,1,182890,DFL-OBJ-J01QPG,19,Damion Lamar Downs,2.0475843236604465
DFL-MAT-J0421J,1,184469,DFL-OBJ-J01QPG,19,Damion Lamar Downs,6.958525795741514
DFL-MAT-J0421W,0,34090,DFL-OBJ-J01IZ9,21,Nicolai Remberg,2.8984749076235707
DFL-MAT-J0421W,0,34193,DFL-OBJ-J01IZ9,21,Nicolai Remberg,3.707190377337961
DFL-MAT-J0421W,0,37030,DFL-OBJ-J02594,23,Albert Grønbæk Erlykke,1.2264739180288093
DFL-MAT-J0421W,0,40946,DFL-OBJ-J01IZ9,21,Nicolai Remberg,2.6248172187980567
DFL-MAT-J0421W,0,62729,DFL-OBJ-J02594,23,Albert Grønbæk Erlykke,3.7725535773302314
DFL-MAT-J0421W,0,67625,DFL-OBJ-J01IZ9,21,Nicolai Remberg,2.4986052899691313
DFL-MAT-J0421W,0,75226,DFL-OBJ-J01H5G,24,Nicolas Capaldo Taboas,1.0602818167186447
DFL-MAT-J0421W,0,76948,DFL-OBJ-0027JU,25,Jordan Torunarigha,2.356421224580681
DFL-MAT-J0421W,0,100785,DFL-OBJ-0027JU,25,Jordan Torunarigha,3.7039286783523533
DFL-MAT-J0421W,0,112956,DFL-OBJ-0027JU,25,Jordan Torunarigha,3.4988804205818282
DFL-MAT-J0421W,0,114478,DFL-OBJ-0027JU,25,Jordan Torunarigha,5.48727934115817
DFL-MAT-J0421W,0,119722,DFL-OBJ-J01H5G,24,Nicolas Capaldo Taboas,2.167181705166843
DFL-MAT-J0421W,0,128547,DFL-OBJ-J02594,23,Albert Grønbæk Erlykke,5.440131171258082
DFL-MAT-J0421W,0,130039,DFL-OBJ-J01FRO,20,Fábio Daniel Ferreira Vieira,3.235326800521523
DFL-MAT-J0421W,0,147167,DFL-OBJ-J01A3I,6,Albert-Mboyo Sambi Lokonga,5.810846605409999
DFL-MAT-J0421W,0,149050,DFL-OBJ-J01A3I,6,Albert-Mboyo Sambi Lokonga,3.7904175801748763
DFL-MAT-J0421W,0,162639,DFL-OBJ-002G8B,11,Ransford-Yeboah Königsdörffer,4.1723146904977355
DFL-MAT-J0421W,0,172084,DFL-OBJ-002G8B,11,Ransford-Yeboah Königsdörffer,3.4171101789829152
DFL-MAT-J0421W,0,172862,DFL-OBJ-J01IZ9,21,Nicolai Remberg,0.7234621834375311
DFL-MAT-J0421W,1,12489,DFL-OBJ-J0244Y,7,Leon Avdullahu,5.426891091000468
DFL-MAT-J0421W,1,18273,DFL-OBJ-002GN3,11,Fisnik Asllani,7.84001291256181
DFL-MAT-J0421W,1,39813,DFL-OBJ-J01D90,18,Wouter Burger,8.113603878747998
DFL-MAT-J0421W,1,43438,DFL-OBJ-J01D90,18,Wouter Burger,2.7132334588953317
DFL-MAT-J0421W,1,60762,DFL-OBJ-0026TU,27,Andrej Kramarić,1.3655013098347777
DFL-MAT-J0421W,1,68211,DFL-OBJ-J01D90,18,Wouter Burger,5.117403976313589
DFL-MAT-J0421W,1,104011,DFL-OBJ-J01D90,18,Wouter Burger,5.554087028130672
DFL-MAT-J0421W,1,115737,DFL-OBJ-J0244Y,7,Leon Avdullahu,2.417304385845349
DFL-MAT-J0421W,1,121458,DFL-OBJ-J01D90,18,Wouter Burger,11.721965505351138
DFL-MAT-J0421W,1,122453,DFL-OBJ-J0244Y,7,Leon Avdullahu,3.9132016193368058
DFL-MAT-J0421W,1,122483,DFL-OBJ-J0244Y,7,Leon Avdullahu,3.875692212167628
DFL-MAT-J0421W,1,142710,DFL-OBJ-J02110,21,Albian Hajdari,0.4317778349631182
DFL-MAT-J0421W,1,156271,DFL-OBJ-J01D90,18,Wouter Burger,4.236105391617268
DFL-MAT-J0421W,1,156509,DFL-OBJ-J01D90,18,Wouter Burger,6.335427529007704
DFL-MAT-J0421W,1,156532,DFL-OBJ-J01D90,18,Wouter Burger,5.203201412425972
DFL-MAT-J0421W,1,160895,DFL-OBJ-0025J3,6,Grischa Prömel,2.3600340026845292
DFL-MAT-J0421W,1,167499,DFL-OBJ-J01D90,18,Wouter Burger,4.689658836205467
DFL-MAT-J0421W,1,173057,DFL-OBJ-J0244Y,7,Leon Avdullahu,6.668900088849863
DFL-MAT-J0421W,1,173847,DFL-OBJ-0025J3,6,Grischa Prömel,6.05429273274981
DFL-MAT-J0421Z,0,16239,DFL-OBJ-J01VX4,16,Hugo Emanuel Larsson,5.7342559550498535
DFL-MAT-J0421Z,0,19674,DFL-OBJ-J01OBQ,6,Oscar Winther Höjlund,7.2167101187640625
DFL-MAT-J0421Z,0,39503,DFL-OBJ-J01VX4,16,Hugo Emanuel Larsson,8.695938103860495
DFL-MAT-J0421Z,0,48790,DFL-OBJ-J01OBQ,6,Oscar Winther Höjlund,3.1210169678456134
DFL-MAT-J0421Z,0,49060,DFL-OBJ-0025W7,4,Robin Leon Koch,2.9114387008216362
DFL-MAT-J0421Z,0,55960,DFL-OBJ-J01VX4,16,Hugo Emanuel Larsson,0.7959193767719084
DFL-MAT-J0421Z,0,60006,DFL-OBJ-0025W7,4,Robin Leon Koch,0.8827258568047026
DFL-MAT-J0421Z,0,65133,DFL-OBJ-0025W7,4,Robin Leon Koch,2.938238323289053
DFL-MAT-J0421Z,0,107627,DFL-OBJ-002GKG,7,Ansgar Knauff,0.8553426863609164
DFL-MAT-J0421Z,0,111877,DFL-OBJ-J01KLQ,5,Aurèle Florian Amenda,0.7986485498470811
DFL-MAT-J0421Z,0,114657,DFL-OBJ-J01LMN,42,Can Yılmaz Uzun,3.301060435678207
DFL-MAT-J0421Z,0,116712,DFL-OBJ-002G4A,15,Ellyes Joris Skhiri,3.0158941102019168
DFL-MAT-J0421Z,0,120022,DFL-OBJ-J01OBQ,6,Oscar Winther Höjlund,8.77947444924457
DFL-MAT-J0421Z,0,128839,DFL-OBJ-J01VX4,16,Hugo Emanuel Larsson,7.640295789633173
DFL-MAT-J0421Z,0,174802,DFL-OBJ-0025W7,4,Robin Leon Koch,3.4198133657833023
DFL-MAT-J0421Z,1,32197,DFL-OBJ-0027JU,25,Jordan Torunarigha,3.5406306545725417
DFL-MAT-J0421Z,1,42346,DFL-OBJ-J01IZ9,21,Nicolai Remberg,0.3674570605635768
DFL-MAT-J0421Z,1,53649,DFL-OBJ-J01IZ9,21,Nicolai Remberg,6.279648098971276
DFL-MAT-J0421Z,1,63480,DFL-OBJ-J01IZ9,21,Nicolai Remberg,3.4393139209606316
DFL-MAT-J0421Z,1,66015,DFL-OBJ-J01H5G,24,Nicolas Capaldo Taboas,15.265670717958509
DFL-MAT-J0421Z,1,67499,DFL-OBJ-J01H5G,24,Nicolas Capaldo Taboas,4.688637434015801
DFL-MAT-J0421Z,1,73404,DFL-OBJ-J01H5G,24,Nicolas Capaldo Taboas,8.22835477007537
DFL-MAT-J0421Z,1,104373,DFL-OBJ-J01A3I,6,Albert-Mboyo Sambi Lokonga,5.372493730930625
DFL-MAT-J0421Z,1,119041,DFL-OBJ-J01IZ9,21,Nicolai Remberg,8.837432452114077
DFL-MAT-J0421Z,1,143301,DFL-OBJ-002G8B,11,Ransford-Yeboah Königsdörffer,3.099009200485109
DFL-MAT-J0421Z,1,166589,DFL-OBJ-J01IZ9,21,Nicolai Remberg,2.019962106966427
DFL-MAT-J0421Z,1,170769,DFL-OBJ-J01QPG,19,Damion Lamar Downs,4.995777105605188
DFL-MAT-J0421Z,1,175798,DFL-OBJ-0002F6,15,Yussuf Yurary Poulsen,5.178081178521439
DFL-MAT-J0421Z,1,176709,DFL-OBJ-J01QPG,19,Damion Lamar Downs,4.394450484614475
DFL-MAT-J0421Z,1,178938,DFL-OBJ-0002F6,15,Yussuf Yurary Poulsen,8.442583493776223
DFL-MAT-J0422E,0,32719,DFL-OBJ-J01IZ9,21,Nicolai Remberg,2.993382000759195
DFL-MAT-J0422E,0,62037,DFL-OBJ-J01IZ9,21,Nicolai Remberg,6.242138067547126
DFL-MAT-J0422E,0,67457,DFL-OBJ-J01IZ9,21,Nicolai Remberg,1.5493706408461607
DFL-MAT-J0422E,0,106423,DFL-OBJ-J01IZ9,21,Nicolai Remberg,2.985156074667363
DFL-MAT-J0422E,0,121234,DFL-OBJ-J01IZ9,21,Nicolai Remberg,1.6998449457248086
DFL-MAT-J0422E,0,141294,DFL-OBJ-J01H5G,24,Nicolas Capaldo Taboas,4.107904154579301
DFL-MAT-J0422E,0,146572,DFL-OBJ-J01IZ9,21,Nicolai Remberg,4.837383488245035
DFL-MAT-J0422E,0,152966,DFL-OBJ-J020IH,44,Luka Vušković,8.005128757225151
DFL-MAT-J0422E,0,161473,DFL-OBJ-J01H5G,24,Nicolas Capaldo Taboas,3.691714112227507
DFL-MAT-J0422E,0,172987,DFL-OBJ-002G8B,11,Ransford-Yeboah Königsdörffer,3.864470960231055
DFL-MAT-J0422E,1,30452,DFL-OBJ-00012Y,17,Lukas Kübler,1.5774655403095785
DFL-MAT-J0422E,1,38301,DFL-OBJ-0027B9,9,Lucas Höler,4.729803195863962
DFL-MAT-J0422E,1,38558,DFL-OBJ-J01XA7,43,Bruno Ifechukwu Ogbus,2.8872826731319368
DFL-MAT-J0422E,1,40748,DFL-OBJ-J01XA7,43,Bruno Ifechukwu Ogbus,1.1458933654307741
DFL-MAT-J0422E,1,41558,DFL-OBJ-J01WX3,44,Johan Manzambi,10.943958816072966
DFL-MAT-J0422E,1,52638,DFL-OBJ-0027B9,9,Lucas Höler,0.2476157915943848
DFL-MAT-J0422E,1,54369,DFL-OBJ-J01XA7,43,Bruno Ifechukwu Ogbus,0.33636583552530824
DFL-MAT-J0422E,1,62737,DFL-OBJ-00258B,8,Maximilian Eggestein,1.2557428572190998
DFL-MAT-J0422E,1,102178,DFL-OBJ-00258B,8,Maximilian Eggestein,6.650277725566091
DFL-MAT-J0422E,1,109034,DFL-OBJ-J01WX3,44,Johan Manzambi,2.851938911610056
DFL-MAT-J0422E,1,109157,DFL-OBJ-J01WX3,44,Johan Manzambi,5.064135088791654
DFL-MAT-J0422E,1,116731,DFL-OBJ-00258B,8,Maximilian Eggestein,5.569570987756084
DFL-MAT-J0422E,1,127366,DFL-OBJ-J01IB2,33,Jordy Makengo Basambundu,0.1866302874603445
DFL-MAT-J0422E,1,132326,DFL-OBJ-00012Y,17,Lukas Kübler,8.188108963311477
DFL-MAT-J0422E,1,139389,DFL-OBJ-0027B9,9,Lucas Höler,8.768320784660883
DFL-MAT-J0422E,1,139431,DFL-OBJ-0027B9,9,Lucas Höler,8.309105521528853
DFL-MAT-J0422E,1,168988,DFL-OBJ-002GMV,31,Igor Matanović,2.542255244540774
DFL-MAT-J0422E,1,174297,DFL-OBJ-00019U,5,Anthony Jung,7.389591695898955
DFL-MAT-J0422G,0,16056,DFL-OBJ-002GCU,10,Malik Leon Tillman,4.635870075619537
DFL-MAT-J0422G,0,23986,DFL-OBJ-J01860,24,Aleix García Serrano,4.231018031189054
DFL-MAT-J0422G,0,34637,DFL-OBJ-002G8H,25,Exequiel Alejandro Palacios,4.884268523775662
DFL-MAT-J0422G,0,38840,DFL-OBJ-J01860,24,Aleix García Serrano,2.6617874343529038
DFL-MAT-J0422G,0,38871,DFL-OBJ-J01860,24,Aleix García Serrano,2.7145429099346634
DFL-MAT-J0422G,0,54828,DFL-OBJ-002G8H,25,Exequiel Alejandro Palacios,1.8977738745731356
DFL-MAT-J0422G,0,61866,DFL-OBJ-J01KO9,4,Jarell Amorin Quansah,4.8694899218260455
DFL-MAT-J0422G,0,69430,DFL-OBJ-J01860,24,Aleix García Serrano,4.632983866383832
DFL-MAT-J0422G,0,70304,DFL-OBJ-002GCU,10,Malik Leon Tillman,5.309675538202657
DFL-MAT-J0422G,0,72174,DFL-OBJ-002G8H,25,Exequiel Alejandro Palacios,0.5309727853340821
DFL-MAT-J0422G,0,72321,DFL-OBJ-002G8H,25,Exequiel Alejandro Palacios,1.891663648227317
DFL-MAT-J0422G,0,112864,DFL-OBJ-J01KO9,4,Jarell Amorin Quansah,7.884693172201007
DFL-MAT-J0422G,0,114312,DFL-OBJ-J01KO9,4,Jarell Amorin Quansah,0.5799414614988648
DFL-MAT-J0422G,0,123345,DFL-OBJ-002G8H,25,Exequiel Alejandro Palacios,4.814845356028497
DFL-MAT-J0422G,0,129555,DFL-OBJ-002G8H,25,Exequiel Alejandro Palacios,5.422645816787316
DFL-MAT-J0422G,0,159054,DFL-OBJ-J0164X,21,Lucas Vázquez Iglesias,0.9703155907636503
DFL-MAT-J0422G,0,160989,DFL-OBJ-J01QPQ,30,Ibrahim Maza,3.5448829404831415
DFL-MAT-J0422G,0,170763,DFL-OBJ-J016J2,20,Alejandro Grimaldo Garcia,9.355158146745424
DFL-MAT-J0422G,0,174402,DFL-OBJ-J0164X,21,Lucas Vázquez Iglesias,8.887274922919595
DFL-MAT-J0422G,1,18959,DFL-OBJ-J01IZ9,21,Nicolai Remberg,6.935799863972895
DFL-MAT-J0422G,1,49796,DFL-OBJ-J01A3I,6,Albert-Mboyo Sambi Lokonga,4.834216139045953
DFL-MAT-J0422G,1,101993,DFL-OBJ-J01A3I,6,Albert-Mboyo Sambi Lokonga,10.069474467388192
DFL-MAT-J0422G,1,130869,DFL-OBJ-J01A3I,6,Albert-Mboyo Sambi Lokonga,2.316729548840161
DFL-MAT-J0422G,1,133041,DFL-OBJ-J01IZ9,21,Nicolai Remberg,2.3678218359736376
DFL-MAT-J0422G,1,134252,DFL-OBJ-J01IZ9,21,Nicolai Remberg,2.098925357015105
DFL-MAT-J0422G,1,141802,DFL-OBJ-J01IZ9,21,Nicolai Remberg,6.11208042817614
DFL-MAT-J0422G,1,174700,DFL-OBJ-J021LJ,45,Fabio Amado Uri Baldé,5.194850845658803
