match_id,team,is_hsv,frame,compass_sync
DFL-MAT-J041UB,0,False,11671,1.0
DFL-MAT-J041UB,0,False,11881,1.0
DFL-MAT-J041UB,0,False,12032,1.0
DFL-MAT-J041UB,0,False,28605,0.6
DFL-MAT-J041UB,0,False,28726,1.0
DFL-MAT-J041UB,0,False,124063,1.0
DFL-MAT-J041UB,0,False,132540,1.0
DFL-MAT-J041UB,0,False,144131,1.0
DFL-MAT-J041UB,0,False,149983,0.8
DFL-MAT-J041UB,0,False,150665,1.0
DFL-MAT-J041UB,0,False,150777,0.6
DFL-MAT-J041UB,0,False,150838,0.5
DFL-MAT-J041UB,0,False,152153,0.9
DFL-MAT-J041UB,0,False,152369,0.9
DFL-MAT-J041UB,0,False,165058,0.6
DFL-MAT-J041UB,0,False,170877,1.0
DFL-MAT-J041UB,1,True,26980,0.9
DFL-MAT-J041UB,1,True,33302,0.7
DFL-MAT-J041UB,1,True,38239,0.8
DFL-MAT-J041UB,1,True,46624,0.8
DFL-MAT-J041UB,1,True,47606,0.4
DFL-MAT-J041UB,1,True,50828,1.0
DFL-MAT-J041UB,1,True,60385,0.4
DFL-MAT-J041UB,1,True,66312,0.6
DFL-MAT-J041UB,1,True,74710,1.0
DFL-MAT-J041UB,1,True,74831,0.6
DFL-MAT-J041UB,1,True,115072,0.9
DFL-MAT-J041UB,1,True,122150,0.6
DFL-MAT-J041UB,1,True,122773,0.7
DFL-MAT-J041UB,1,True,126837,0.8
DFL-MAT-J041UB,1,True,128069,0.7
DFL-MAT-J041UB,1,True,129467,1.0
DFL-MAT-J041UB,1,True,129952,0.8
DFL-MAT-J041UB,1,True,131743,0.9
DFL-MAT-J041UB,1,True,131846,0.9
DFL-MAT-J041UB,1,True,136794,1.0
DFL-MAT-J041UB,1,True,137100,0.9
DFL-MAT-J041UB,1,True,137189,0.5
DFL-MAT-J041UB,1,True,141124,0.6
DFL-MAT-J041UB,1,True,152235,0.5
DFL-MAT-J041UB,1,True,169715,0.7
DFL-MAT-J041UN,0,True,36396,0.5
DFL-MAT-J041UN,0,True,36407,0.3
DFL-MAT-J041UN,0,True,37339,0.8
DFL-MAT-J041UN,0,True,70706,1.0
DFL-MAT-J041UN,0,True,76717,1.0
DFL-MAT-J041UN,0,True,111985,1.0
DFL-MAT-J041UN,0,True,116349,1.0
DFL-MAT-J041UN,0,True,116397,0.8
DFL-MAT-J041UN,0,True,116502,1.0
DFL-MAT-J041UN,0,True,116562,0.9
DFL-MAT-J041UN,0,True,121093,1.0
DFL-MAT-J041UN,0,True,125115,1.0
DFL-MAT-J041UN,0,True,141878,0.7
DFL-MAT-J041UN,0,True,144802,1.0
DFL-MAT-J041UN,0,True,148779,0.5555555555555556
DFL-MAT-J041UN,0,True,151574,0.4444444444444444
DFL-MAT-J041UN,0,True,153883,1.0
DFL-MAT-J041UN,0,True,162115,0.8888888888888888
DFL-MAT-J041UN,0,True,163561,1.0
DFL-MAT-J041UN,0,True,174928,0.3333333333333333
DFL-MAT-J041UN,0,True,175074,0.7777777777777778
DFL-MAT-J041UN,0,True,178390,1.0
DFL-MAT-J041UN,1,False,14267,0.5
DFL-MAT-J041UN,1,False,14472,0.8
DFL-MAT-J041UN,1,False,15324,1.0
DFL-MAT-J041UN,1,False,19073,0.9
DFL-MAT-J041UN,1,False,31140,0.5
DFL-MAT-J041UN,1,False,70327,1.0
DFL-MAT-J041UN,1,False,108769,0.9
DFL-MAT-J041UN,1,False,110823,1.0
DFL-MAT-J041UN,1,False,114809,1.0
DFL-MAT-J041UN,1,False,118814,1.0
DFL-MAT-J041UN,1,False,134500,0.9
DFL-MAT-J041UN,1,False,157409,0.8
DFL-MAT-J041UN,1,False,164156,1.0
DFL-MAT-J041UO,0,False,36224,1.0
DFL-MAT-J041UO,0,False,50154,1.0
DFL-MAT-J041UO,0,False,51526,0.6
DFL-MAT-J041UO,0,False,55270,0.9
DFL-MAT-J041UO,0,False,62553,0.6
DFL-MAT-J041UO,0,False,102641,1.0
DFL-MAT-J041UO,0,False,139491,1.0
DFL-MAT-J041UO,0,False,154416,0.7
DFL-MAT-J041UO,0,False,169645,1.0
DFL-MAT-J041UO,1,True,13902,1.0
DFL-MAT-J041UO,1,True,28577,0.8
DFL-MAT-J041UO,1,True,106612,0.8
DFL-MAT-J041UO,1,True,116223,1.0
DFL-MAT-J041UO,1,True,152853,0.9
DFL-MAT-J041UO,1,True,159626,0.7
DFL-MAT-J041UO,1,True,165511,0.8
DFL-MAT-J041UO,1,True,167548,1.0
DFL-MAT-J041UO,1,True,167563,0.9
DFL-MAT-J041V5,0,True,25910,0.6
DFL-MAT-J041V5,0,True,27332,1.0
DFL-MAT-J041V5,0,True,28136,0.9
DFL-MAT-J041V5,0,True,36863,1.0
DFL-MAT-J041V5,0,True,58747,1.0
DFL-MAT-J041V5,0,True,59712,0.7
DFL-MAT-J041V5,0,True,62528,1.0
DFL-MAT-J041V5,0,True,73565,0.9
DFL-MAT-J041V5,0,True,78332,1.0
DFL-MAT-J041V5,0,True,104464,0.6
DFL-MAT-J041V5,0,True,112550,0.7
DFL-MAT-J041V5,0,True,113444,1.0
DFL-MAT-J041V5,0,True,113463,0.8
DFL-MAT-J041V5,0,True,124590,0.6
DFL-MAT-J041V5,0,True,126600,0.9
DFL-MAT-J041V5,0,True,134686,0.9
DFL-MAT-J041V5,0,True,134881,1.0
DFL-MAT-J041V5,0,True,136108,0.6
DFL-MAT-J041V5,0,True,156775,0.5
DFL-MAT-J041V5,0,True,158335,1.0
DFL-MAT-J041V5,0,True,162064,0.9
DFL-MAT-J041V5,0,True,170921,0.7
DFL-MAT-J041V5,0,True,171641,0.4
DFL-MAT-J041V5,0,True,171660,0.9
DFL-MAT-J041V5,0,True,180645,0.9
DFL-MAT-J041V5,1,False,17826,0.9
DFL-MAT-J041V5,1,False,35095,0.6
DFL-MAT-J041V5,1,False,38492,1.0
DFL-MAT-J041V5,1,False,38770,0.9
DFL-MAT-J041V5,1,False,39839,1.0
DFL-MAT-J041V5,1,False,47271,0.7
DFL-MAT-J041V5,1,False,49086,0.7
DFL-MAT-J041V5,1,False,50381,0.7
DFL-MAT-J041V5,1,False,52193,0.8
DFL-MAT-J041V5,1,False,52944,0.5
DFL-MAT-J041V5,1,False,60813,0.9
DFL-MAT-J041V5,1,False,71358,1.0
DFL-MAT-J041V5,1,False,71408,0.7
DFL-MAT-J041V5,1,False,71499,0.8
DFL-MAT-J041V5,1,False,104322,0.6
DFL-MAT-J041V5,1,False,109813,0.9
DFL-MAT-J041V5,1,False,109877,0.9
DFL-MAT-J041V5,1,False,110087,0.4
DFL-MAT-J041V5,1,False,120520,0.9
DFL-MAT-J041V5,1,False,122504,0.9
DFL-MAT-J041V5,1,False,122993,0.6
DFL-MAT-J041V5,1,False,124987,1.0
DFL-MAT-J041V5,1,False,130166,1.0
DFL-MAT-J041V5,1,False,132875,0.8
DFL-MAT-J041V5,1,False,139538,0.9
DFL-MAT-J041V5,1,False,147090,0.6
DFL-MAT-J041V5,1,False,172787,0.9
DFL-MAT-J041V5,1,False,172895,0.9
DFL-MAT-J041V5,1,False,173295,0.8
DFL-MAT-J041V5,1,False,176180,0.5
DFL-MAT-J041V5,1,False,176442,1.0
DFL-MAT-J041V5,1,False,180860,1.0
DFL-MAT-J041VB,0,False,15574,0.7
DFL-MAT-J041VB,0,False,29172,1.0
DFL-MAT-J041VB,0,False,36727,1.0
DFL-MAT-J041VB,0,False,37024,0.8
DFL-MAT-J041VB,0,False,52502,0.7
DFL-MAT-J041VB,0,False,52563,0.8
DFL-MAT-J041VB,0,False,68134,1.0
DFL-MAT-J041VB,0,False,76525,0.6
DFL-MAT-J041VB,0,False,77197,0.6
DFL-MAT-J041VB,0,False,78607,1.0
DFL-MAT-J041VB,0,False,106752,0.8
DFL-MAT-J041VB,0,False,109561,0.8
DFL-MAT-J041VB,0,False,110858,0.4
DFL-MAT-J041VB,0,False,111914,0.9
DFL-MAT-J041VB,0,False,112282,0.4
DFL-MAT-J041VB,0,False,114137,0.5
DFL-MAT-J041VB,0,False,125535,0.5
DFL-MAT-J041VB,0,False,140353,0.9
DFL-MAT-J041VB,0,False,159808,0.6
DFL-MAT-J041VB,0,False,166168,0.9
DFL-MAT-J041VB,0,False,172208,0.9
DFL-MAT-J041VB,0,False,173941,0.7
DFL-MAT-J041VB,0,False,177094,1.0
DFL-MAT-J041VB,0,False,177377,0.5
DFL-MAT-J041VB,1,True,21307,0.9
DFL-MAT-J041VB,1,True,21912,0.6
DFL-MAT-J041VB,1,True,22024,0.6
DFL-MAT-J041VB,1,True,24135,1.0
DFL-MAT-J041VB,1,True,67920,0.6
DFL-MAT-J041VB,1,True,68694,0.8
DFL-MAT-J041VB,1,True,70109,0.7
DFL-MAT-J041VB,1,True,105985,0.9
DFL-MAT-J041VB,1,True,139237,0.8
DFL-MAT-J041VB,1,True,139356,0.8
DFL-MAT-J041VB,1,True,146620,0.6
DFL-MAT-J041VB,1,True,150843,0.8
DFL-MAT-J041VB,1,True,160345,0.7
DFL-MAT-J041VB,1,True,175621,0.4
DFL-MAT-J041VN,0,True,21255,0.6
DFL-MAT-J041VN,0,True,26035,0.7
DFL-MAT-J041VN,0,True,26133,0.7
DFL-MAT-J041VN,0,True,37377,1.0
DFL-MAT-J041VN,0,True,42757,0.8
DFL-MAT-J041VN,0,True,53821,0.8
DFL-MAT-J041VN,0,True,62347,0.9
DFL-MAT-J041VN,0,True,62542,0.8
DFL-MAT-J041VN,0,True,65318,1.0
DFL-MAT-J041VN,0,True,77711,0.8
DFL-MAT-J041VN,0,True,80082,0.5
DFL-MAT-J041VN,0,True,116018,0.6
DFL-MAT-J041VN,0,True,121467,0.8
DFL-MAT-J041VN,0,True,126521,0.5
DFL-MAT-J041VN,0,True,148009,0.9
DFL-MAT-J041VN,0,True,155023,0.7
DFL-MAT-J041VN,0,True,161326,1.0
DFL-MAT-J041VN,0,True,163116,1.0
DFL-MAT-J041VN,0,True,164172,0.6
DFL-MAT-J041VN,0,True,168482,0.7
DFL-MAT-J041VN,1,False,18792,1.0
DFL-MAT-J041VN,1,False,18854,0.9
DFL-MAT-J041VN,1,False,23528,0.7
DFL-MAT-J041VN,1,False,25833,0.9
DFL-MAT-J041VN,1,False,32937,0.9
DFL-MAT-J041VN,1,False,34110,1.0
DFL-MAT-J041VN,1,False,34706,0.9
DFL-MAT-J041VN,1,False,41573,0.8
DFL-MAT-J041VN,1,False,63765,0.8
DFL-MAT-J041VN,1,False,71508,0.7
DFL-MAT-J041VN,1,False,104930,0.8
DFL-MAT-J041VN,1,False,104994,0.6
DFL-MAT-J041VN,1,False,108029,1.0
DFL-MAT-J041VN,1,False,109269,1.0
DFL-MAT-J041VN,1,False,111722,1.0
DFL-MAT-J041VN,1,False,111766,0.8
DFL-MAT-J041VN,1,False,111772,0.8
DFL-MAT-J041VN,1,False,119001,0.5
DFL-MAT-J041VN,1,False,122803,1.0
DFL-MAT-J041VN,1,False,139837,1.0
DFL-MAT-J041VN,1,False,159394,1.0
DFL-MAT-J041VN,1,False,159405,1.0
DFL-MAT-J041VN,1,False,166034,0.4
DFL-MAT-J041VN,1,False,169985,1.0
DFL-MAT-J041VN,1,False,170036,0.9
DFL-MAT-J041VR,0,False,11688,0.8
DFL-MAT-J041VR,0,False,23016,0.7
DFL-MAT-J041VR,0,False,43611,0.5
DFL-MAT-J041VR,0,False,51499,1.0
DFL-MAT-J041VR,0,False,57508,0.8
DFL-MAT-J041VR,0,False,58844,0.8
DFL-MAT-J041VR,0,False,65508,1.0
DFL-MAT-J041VR,0,False,103978,0.7
DFL-MAT-J041VR,0,False,115164,0.6
DFL-MAT-J041VR,0,False,117389,1.0
DFL-MAT-J041VR,0,False,117583,1.0
DFL-MAT-J041VR,0,False,121168,1.0
DFL-MAT-J041VR,0,False,133927,1.0
DFL-MAT-J041VR,0,False,138113,0.9
DFL-MAT-J041VR,0,False,145118,0.9
DFL-MAT-J041VR,0,False,147629,1.0
DFL-MAT-J041VR,0,False,148549,0.9
DFL-MAT-J041VR,0,False,151510,0.8
DFL-MAT-J041VR,0,False,152059,0.9
DFL-MAT-J041VR,0,False,156655,0.9
DFL-MAT-J041VR,0,False,157165,1.0
DFL-MAT-J041VR,0,False,160401,0.7
DFL-MAT-J041VR,0,False,160681,0.9
DFL-MAT-J041VR,0,False,165756,0.6
DFL-MAT-J041VR,0,False,169260,0.7
DFL-MAT-J041VR,0,False,172938,0.5
DFL-MAT-J041VR,1,True,12275,0.6
DFL-MAT-J041VR,1,True,17591,1.0
DFL-MAT-J041VR,1,True,26253,1.0
DFL-MAT-J041VR,1,True,38067,0.7
DFL-MAT-J041VR,1,True,39604,0.7
DFL-MAT-J041VR,1,True,46540,1.0
DFL-MAT-J041VR,1,True,47677,0.5
DFL-MAT-J041VR,1,True,55114,1.0
DFL-MAT-J041VR,1,True,55371,0.5
DFL-MAT-J041VR,1,True,76767,0.5
DFL-MAT-J041VR,1,True,76929,0.7
DFL-MAT-J041VR,1,True,107009,0.8
DFL-MAT-J041VR,1,True,139363,0.9
DFL-MAT-J041VR,1,True,143971,1.0
DFL-MAT-J041VR,1,True,144001,1.0
DFL-MAT-J041VR,1,True,151178,0.5
DFL-MAT-J041VR,1,True,154824,1.0
DFL-MAT-J041VR,1,True,160861,0.9
DFL-MAT-J041VR,1,True,169982,1.0
DFL-MAT-J041VR,1,True,174633,0.6
DFL-MAT-J041W5,0,True,10513,0.9
DFL-MAT-J041W5,0,True,31687,1.0
DFL-MAT-J041W5,0,True,31692,1.0
DFL-MAT-J041W5,0,True,56708,0.6
DFL-MAT-J041W5,0,True,57764,1.0
DFL-MAT-J041W5,0,True,103211,0.6
DFL-MAT-J041W5,0,True,106746,0.7
DFL-MAT-J041W5,0,True,114323,0.9
DFL-MAT-J041W5,0,True,134297,0.8
DFL-MAT-J041W5,0,True,158095,1.0
DFL-MAT-J041W5,0,True,172826,1.0
DFL-MAT-J041W5,1,False,13416,0.9
DFL-MAT-J041W5,1,False,30323,0.8
DFL-MAT-J041W5,1,False,36712,0.7
DFL-MAT-J041W5,1,False,36792,0.5
DFL-MAT-J041W5,1,False,36888,0.8
DFL-MAT-J041W5,1,False,52600,0.9
DFL-MAT-J041W5,1,False,70747,0.9
DFL-MAT-J041W5,1,False,77776,1.0
DFL-MAT-J041W5,1,False,77817,1.0
DFL-MAT-J041W5,1,False,81617,0.6
DFL-MAT-J041W5,1,False,81674,0.6
DFL-MAT-J041W5,1,False,101783,0.8
DFL-MAT-J041W5,1,False,101805,0.6
DFL-MAT-J041W5,1,False,103600,0.7
DFL-MAT-J041W5,1,False,105301,0.7
DFL-MAT-J041W5,1,False,105362,0.9
DFL-MAT-J041W5,1,False,108985,0.7
DFL-MAT-J041W5,1,False,118592,1.0
DFL-MAT-J041W5,1,False,118673,0.5
DFL-MAT-J041W5,1,False,123566,0.9
DFL-MAT-J041W5,1,False,125508,0.8
DFL-MAT-J041W5,1,False,129300,1.0
DFL-MAT-J041W5,1,False,130823,1.0
DFL-MAT-J041W5,1,False,130866,0.6
DFL-MAT-J041W5,1,False,133967,1.0
DFL-MAT-J041W5,1,False,134158,0.8
DFL-MAT-J041W5,1,False,137897,0.9
DFL-MAT-J041W5,1,False,142392,0.7
DFL-MAT-J041W5,1,False,152479,1.0
DFL-MAT-J041W5,1,False,152495,1.0
DFL-MAT-J041W5,1,False,161018,0.5
DFL-MAT-J041W5,1,False,162184,0.9
DFL-MAT-J041W5,1,False,165195,0.9
DFL-MAT-J041W5,1,False,171680,0.8
DFL-MAT-J041W5,1,False,172521,0.9
DFL-MAT-J041W5,1,False,173525,0.8
DFL-MAT-J041W5,1,False,175216,0.6
DFL-MAT-J041WE,0,False,58068,1.0
DFL-MAT-J041WE,0,False,58338,1.0
DFL-MAT-J041WE,0,False,59622,0.9
DFL-MAT-J041WE,0,False,76784,1.0
DFL-MAT-J041WE,0,False,77848,1.0
DFL-MAT-J041WE,0,False,78733,1.0
DFL-MAT-J041WE,0,False,100877,1.0
DFL-MAT-J041WE,0,False,118280,0.9
DFL-MAT-J041WE,0,False,118496,0.9
DFL-MAT-J041WE,0,False,122794,0.8
DFL-MAT-J041WE,0,False,139027,0.8
DFL-MAT-J041WE,0,False,139167,0.5
DFL-MAT-J041WE,0,False,145199,0.7
DFL-MAT-J041WE,0,False,155601,0.7
DFL-MAT-J041WE,0,False,172412,0.7
DFL-MAT-J041WE,0,False,182180,0.9
DFL-MAT-J041WE,1,True,19040,1.0
DFL-MAT-J041WE,1,True,25482,1.0
DFL-MAT-J041WE,1,True,45870,1.0
DFL-MAT-J041WE,1,True,45936,0.8
DFL-MAT-J041WE,1,True,45960,0.8
DFL-MAT-J041WE,1,True,54574,0.8
DFL-MAT-J041WE,1,True,55509,1.0
DFL-MAT-J041WE,1,True,62239,0.9
DFL-MAT-J041WE,1,True,65280,0.8
DFL-MAT-J041WE,1,True,66680,0.6
DFL-MAT-J041WE,1,True,68767,0.6
DFL-MAT-J041WE,1,True,72141,0.4
DFL-MAT-J041WE,1,True,78017,0.8
DFL-MAT-J041WE,1,True,78114,1.0
DFL-MAT-J041WE,1,True,81822,0.9
DFL-MAT-J041WE,1,True,104364,1.0
DFL-MAT-J041WE,1,True,117469,0.7
DFL-MAT-J041WE,1,True,141061,1.0
DFL-MAT-J041WE,1,True,143936,0.7
DFL-MAT-J041WE,1,True,160331,1.0
DFL-MAT-J041WE,1,True,160332,1.0
DFL-MAT-J041WE,1,True,167098,0.5
DFL-MAT-J041WE,1,True,172826,1.0
DFL-MAT-J041WE,1,True,176062,1.0
DFL-MAT-J041WE,1,True,179549,0.875
DFL-MAT-J041WE,1,True,181690,0.75
DFL-MAT-J041WE,1,True,184180,0.75
DFL-MAT-J041WN,0,True,17317,0.5
DFL-MAT-J041WN,0,True,17431,0.6
DFL-MAT-J041WN,0,True,22254,0.9
DFL-MAT-J041WN,0,True,36050,0.9
DFL-MAT-J041WN,0,True,41753,0.8
DFL-MAT-J041WN,0,True,41820,0.6
DFL-MAT-J041WN,0,True,45001,0.9
DFL-MAT-J041WN,0,True,46986,0.9
DFL-MAT-J041WN,0,True,58406,1.0
DFL-MAT-J041WN,0,True,62144,1.0
DFL-MAT-J041WN,0,True,62338,0.9
DFL-MAT-J041WN,0,True,71382,0.5
DFL-MAT-J041WN,0,True,73524,0.6
DFL-MAT-J041WN,0,True,113314,1.0
DFL-MAT-J041WN,0,True,117259,0.9
DFL-MAT-J041WN,0,True,117329,0.6
DFL-MAT-J041WN,0,True,119687,0.5
DFL-MAT-J041WN,0,True,127831,1.0
DFL-MAT-J041WN,0,True,128072,0.9
DFL-MAT-J041WN,0,True,138753,0.5
DFL-MAT-J041WN,0,True,139245,0.4
DFL-MAT-J041WN,0,True,149810,1.0
DFL-MAT-J041WN,1,False,28588,0.8
DFL-MAT-J041WN,1,False,39543,1.0
DFL-MAT-J041WN,1,False,48147,0.7
DFL-MAT-J041WN,1,False,54199,0.4
DFL-MAT-J041WN,1,False,54585,0.9
DFL-MAT-J041WN,1,False,67454,0.6
DFL-MAT-J041WN,1,False,113272,0.4
DFL-MAT-J041WN,1,False,143657,1.0
DFL-MAT-J041WN,1,False,146256,0.7
DFL-MAT-J041WN,1,False,175911,0.9
DFL-MAT-J041WN,1,False,176101,0.7
DFL-MAT-J041WN,1,False,176152,0.8
DFL-MAT-J041WN,1,False,177008,1.0
DFL-MAT-J041WN,1,False,179638,1.0
DFL-MAT-J041WT,0,False,23764,0.6
DFL-MAT-J041WT,0,False,26081,0.7
DFL-MAT-J041WT,0,False,32943,1.0
DFL-MAT-J041WT,0,False,44218,0.8
DFL-MAT-J041WT,0,False,73857,0.8
DFL-MAT-J041WT,0,False,73884,0.6
DFL-MAT-J041WT,0,False,75114,0.6
DFL-MAT-J041WT,0,False,76901,0.5
DFL-MAT-J041WT,0,False,80246,0.9
DFL-MAT-J041WT,0,False,101195,1.0
DFL-MAT-J041WT,0,False,125374,1.0
DFL-MAT-J041WT,0,False,140667,1.0
DFL-MAT-J041WT,0,False,142951,0.8
DFL-MAT-J041WT,0,False,143533,0.8
DFL-MAT-J041WT,0,False,151166,0.5
DFL-MAT-J041WT,0,False,154943,0.8888888888888888
DFL-MAT-J041WT,0,False,158011,0.5555555555555556
DFL-MAT-J041WT,0,False,159297,0.6666666666666666
DFL-MAT-J041WT,0,False,163044,0.8888888888888888
DFL-MAT-J041WT,0,False,167815,0.4444444444444444
DFL-MAT-J041WT,0,False,173501,0.8888888888888888
DFL-MAT-J041WT,1,True,10138,1.0
DFL-MAT-J041WT,1,True,12240,0.8
DFL-MAT-J041WT,1,True,16977,0.7
DFL-MAT-J041WT,1,True,17893,0.9
DFL-MAT-J041WT,1,True,18747,0.9
DFL-MAT-J041WT,1,True,38633,1.0
DFL-MAT-J041WT,1,True,38674,0.5
DFL-MAT-J041WT,1,True,43016,1.0
DFL-MAT-J041WT,1,True,43043,1.0
DFL-MAT-J041WT,1,True,44099,0.9
DFL-MAT-J041WT,1,True,45641,0.5
DFL-MAT-J041WT,1,True,47889,0.9
DFL-MAT-J041WT,1,True,47915,0.8
DFL-MAT-J041WT,1,True,65000,0.6
DFL-MAT-J041WT,1,True,110029,1.0
DFL-MAT-J041WT,1,True,116764,0.6
DFL-MAT-J041WT,1,True,119802,0.5
DFL-MAT-J041WT,1,True,128921,0.8
DFL-MAT-J041WT,1,True,145786,1.0
DFL-MAT-J041WT,1,True,148165,0.6
DFL-MAT-J041WT,1,True,151323,0.7
DFL-MAT-J041WT,1,True,152442,1.0
DFL-MAT-J041X5,0,True,17435,1.0
DFL-MAT-J041X5,0,True,17505,0.6
DFL-MAT-J041X5,0,True,26790,0.5
DFL-MAT-J041X5,0,True,26815,1.0
DFL-MAT-J041X5,0,True,37996,0.9
DFL-MAT-J041X5,0,True,38561,0.8
DFL-MAT-J041X5,0,True,38852,0.8
DFL-MAT-J041X5,0,True,39142,0.5
DFL-MAT-J041X5,0,True,48170,0.8
DFL-MAT-J041X5,0,True,66289,0.7
DFL-MAT-J041X5,0,True,75512,0.7
DFL-MAT-J041X5,0,True,80898,0.9
DFL-MAT-J041X5,0,True,80982,0.8
DFL-MAT-J041X5,0,True,105873,0.5
DFL-MAT-J041X5,0,True,112641,1.0
DFL-MAT-J041X5,0,True,113117,0.8
DFL-MAT-J041X5,0,True,113128,0.9
DFL-MAT-J041X5,0,True,116974,1.0
DFL-MAT-J041X5,0,True,124414,0.9
DFL-MAT-J041X5,0,True,152150,1.0
DFL-MAT-J041X5,0,True,160911,0.8888888888888888
DFL-MAT-J041X5,0,True,164357,1.0
DFL-MAT-J041X5,0,True,168359,0.8888888888888888
DFL-MAT-J041X5,1,False,35043,1.0
DFL-MAT-J041X5,1,False,35166,1.0
DFL-MAT-J041X5,1,False,46342,1.0
DFL-MAT-J041X5,1,False,60434,1.0
DFL-MAT-J041X5,1,False,100413,0.9
DFL-MAT-J041X5,1,False,100431,1.0
DFL-MAT-J041X5,1,False,100634,1.0
DFL-MAT-J041X5,1,False,100912,0.8
DFL-MAT-J041X5,1,False,135779,0.6
DFL-MAT-J041X5,1,False,135813,0.8
DFL-MAT-J041X5,1,False,141357,0.7
DFL-MAT-J041X5,1,False,147793,0.8
DFL-MAT-J041X5,1,False,172366,0.9
DFL-MAT-J041X5,1,False,172579,0.9
DFL-MAT-J041XE,0,True,13661,1.0
DFL-MAT-J041XE,0,True,13838,0.8
DFL-MAT-J041XE,0,True,15125,0.7
DFL-MAT-J041XE,0,True,19000,0.8
DFL-MAT-J041XE,0,True,34314,1.0
DFL-MAT-J041XE,0,True,77383,0.9
DFL-MAT-J041XE,0,True,79421,0.7
DFL-MAT-J041XE,0,True,118609,0.8
DFL-MAT-J041XE,0,True,119046,0.8
DFL-MAT-J041XE,0,True,120162,0.9
DFL-MAT-J041XE,0,True,147907,0.9
DFL-MAT-J041XE,0,True,148187,1.0
DFL-MAT-J041XE,0,True,153112,0.9
DFL-MAT-J041XE,0,True,156764,0.5
DFL-MAT-J041XE,0,True,166460,1.0
DFL-MAT-J041XE,1,False,10638,1.0
DFL-MAT-J041XE,1,False,17806,0.9
DFL-MAT-J041XE,1,False,27033,0.8
DFL-MAT-J041XE,1,False,28981,0.9
DFL-MAT-J041XE,1,False,34082,0.7
DFL-MAT-J041XE,1,False,36572,1.0
DFL-MAT-J041XE,1,False,42939,0.8
DFL-MAT-J041XE,1,False,48483,0.9
DFL-MAT-J041XE,1,False,53634,0.9
DFL-MAT-J041XE,1,False,67240,0.7
DFL-MAT-J041XE,1,False,70423,0.6
DFL-MAT-J041XE,1,False,108085,0.5
DFL-MAT-J041XE,1,False,112189,1.0
DFL-MAT-J041XE,1,False,112335,0.6
DFL-MAT-J041XE,1,False,112639,0.7
DFL-MAT-J041XE,1,False,126633,0.5
DFL-MAT-J041XE,1,False,126640,0.5
DFL-MAT-J041XE,1,False,129190,0.8
DFL-MAT-J041XE,1,False,131748,0.7
DFL-MAT-J041XE,1,False,140293,1.0
DFL-MAT-J041XE,1,False,143742,0.8
DFL-MAT-J041XE,1,False,146839,0.7
DFL-MAT-J041XE,1,False,151571,0.7
DFL-MAT-J041XE,1,False,151812,0.5
DFL-MAT-J041XE,1,False,153474,0.8
DFL-MAT-J041XE,1,False,158042,0.9
DFL-MAT-J041XE,1,False,158168,0.9
DFL-MAT-J041XE,1,False,175709,0.9
DFL-MAT-J041XN,0,False,14553,1.0
DFL-MAT-J041XN,0,False,30525,0.6
DFL-MAT-J041XN,0,False,43507,0.9
DFL-MAT-J041XN,0,False,49483,1.0
DFL-MAT-J041XN,0,False,57320,0.7
DFL-MAT-J041XN,0,False,60656,0.7
DFL-MAT-J041XN,0,False,61113,0.6
DFL-MAT-J041XN,0,False,64488,0.8
DFL-MAT-J041XN,0,False,65184,0.9
DFL-MAT-J041XN,0,False,68736,1.0
DFL-MAT-J041XN,0,False,72646,1.0
DFL-MAT-J041XN,0,False,101583,0.8
DFL-MAT-J041XN,0,False,103265,1.0
DFL-MAT-J041XN,0,False,105895,1.0
DFL-MAT-J041XN,0,False,109481,0.9
DFL-MAT-J041XN,0,False,110240,0.8
DFL-MAT-J041XN,0,False,137284,1.0
DFL-MAT-J041XN,0,False,154515,1.0
DFL-MAT-J041XN,0,False,162650,1.0
DFL-MAT-J041XN,0,False,162925,0.8
DFL-MAT-J041XN,0,False,168087,1.0
DFL-MAT-J041XN,0,False,175087,0.9
DFL-MAT-J041XN,1,True,20007,0.9
DFL-MAT-J041XN,1,True,21490,1.0
DFL-MAT-J041XN,1,True,26847,0.6
DFL-MAT-J041XN,1,True,31382,0.7
DFL-MAT-J041XN,1,True,43187,1.0
DFL-MAT-J041XN,1,True,55063,0.8
DFL-MAT-J041XN,1,True,68498,0.9
DFL-MAT-J041XN,1,True,68532,0.6
DFL-MAT-J041XN,1,True,72374,0.6
DFL-MAT-J041XN,1,True,74203,0.8
DFL-MAT-J041XN,1,True,74268,1.0
DFL-MAT-J041XN,1,True,107149,1.0
DFL-MAT-J041XN,1,True,107180,0.9
DFL-MAT-J041XN,1,True,119543,0.6
DFL-MAT-J041XN,1,True,121571,1.0
DFL-MAT-J041XN,1,True,122655,1.0
DFL-MAT-J041XN,1,True,129083,0.9
DFL-MAT-J041XN,1,True,136460,1.0
DFL-MAT-J041XN,1,True,139606,1.0
DFL-MAT-J041XN,1,True,139678,1.0
DFL-MAT-J041XN,1,True,153561,0.7
DFL-MAT-J041XN,1,True,170201,0.9
DFL-MAT-J041XN,1,True,172031,0.9
DFL-MAT-J041XW,0,True,48812,1.0
DFL-MAT-J041XW,0,True,79680,0.9
DFL-MAT-J041XW,0,True,116974,0.7
DFL-MAT-J041XW,0,True,120850,0.4
DFL-MAT-J041XW,0,True,141919,1.0
DFL-MAT-J041XW,0,True,142530,1.0
DFL-MAT-J041XW,0,True,147808,1.0
DFL-MAT-J041XW,0,True,147855,0.7
DFL-MAT-J041XW,0,True,177011,0.5
DFL-MAT-J041XW,1,False,10942,1.0
DFL-MAT-J041XW,1,False,29022,1.0
DFL-MAT-J041XW,1,False,37223,0.7
DFL-MAT-J041XW,1,False,49973,1.0
DFL-MAT-J041XW,1,False,50190,1.0
DFL-MAT-J041XW,1,False,50233,0.9
DFL-MAT-J041XW,1,False,56044,1.0
DFL-MAT-J041XW,1,False,71796,0.7
DFL-MAT-J041XW,1,False,76644,0.7
DFL-MAT-J041XW,1,False,81820,0.8
DFL-MAT-J041XW,1,False,137036,0.7
DFL-MAT-J041XW,1,False,140807,0.4
DFL-MAT-J041Y0,0,False,57579,0.9
DFL-MAT-J041Y0,0,False,70950,0.9
DFL-MAT-J041Y0,0,False,72693,0.9
DFL-MAT-J041Y0,0,False,76056,0.8
DFL-MAT-J041Y0,0,False,77639,1.0
DFL-MAT-J041Y0,0,False,77711,0.6
DFL-MAT-J041Y0,0,False,102393,0.7
DFL-MAT-J041Y0,0,False,104090,0.4
DFL-MAT-J041Y0,0,False,123761,1.0
DFL-MAT-J041Y0,0,False,141214,1.0
DFL-MAT-J041Y0,0,False,154582,1.0
DFL-MAT-J041Y0,0,False,166122,1.0
DFL-MAT-J041Y0,0,False,168390,0.9
DFL-MAT-J041Y0,0,False,169307,1.0
DFL-MAT-J041Y0,0,False,173829,1.0
DFL-MAT-J041Y0,0,False,177499,0.8
DFL-MAT-J041Y0,0,False,180527,0.8
DFL-MAT-J041Y0,1,True,23287,1.0
DFL-MAT-J041Y0,1,True,28951,0.9
DFL-MAT-J041Y0,1,True,30577,1.0
DFL-MAT-J041Y0,1,True,37006,1.0
DFL-MAT-J041Y0,1,True,43483,1.0
DFL-MAT-J041Y0,1,True,43592,0.9
DFL-MAT-J041Y0,1,True,47958,0.9
DFL-MAT-J041Y0,1,True,50076,0.6
DFL-MAT-J041Y0,1,True,50128,0.7
DFL-MAT-J041Y0,1,True,61184,0.8
DFL-MAT-J041Y0,1,True,61916,0.6
DFL-MAT-J041Y0,1,True,111346,0.7777777777777778
DFL-MAT-J041Y0,1,True,114941,1.0
DFL-MAT-J041Y0,1,True,116030,0.7777777777777778
DFL-MAT-J041Y0,1,True,135111,0.6666666666666666
DFL-MAT-J041Y0,1,True,139861,0.5555555555555556
DFL-MAT-J041Y0,1,True,144474,1.0
DFL-MAT-J041Y0,1,True,145919,0.8888888888888888
DFL-MAT-J041Y0,1,True,146151,0.6666666666666666
DFL-MAT-J041Y0,1,True,146324,0.6666666666666666
DFL-MAT-J041Y0,1,True,155889,0.5555555555555556
DFL-MAT-J041Y0,1,True,155933,0.6666666666666666
DFL-MAT-J041YE,0,True,34895,0.7
DFL-MAT-J041YE,0,True,59578,0.9
DFL-MAT-J041YE,0,True,120188,1.0
DFL-MAT-J041YE,0,True,126507,1.0
DFL-MAT-J041YE,0,True,129772,1.0
DFL-MAT-J041YE,0,True,136029,0.9
DFL-MAT-J041YE,0,True,161431,1.0
DFL-MAT-J041YE,0,True,172001,0.9
DFL-MAT-J041YE,0,True,178121,0.6
DFL-MAT-J041YE,1,False,37797,1.0
DFL-MAT-J041YE,1,False,39518,0.9
DFL-MAT-J041YE,1,False,53883,0.5
DFL-MAT-J041YE,1,False,114126,0.5
DFL-MAT-J041YE,1,False,168294,0.9
DFL-MAT-J041YE,1,False,168758,0.6
DFL-MAT-J041YE,1,False,175766,1.0
DFL-MAT-J041YE,1,False,178581,0.9
DFL-MAT-J041YE,1,False,178605,0.7
DFL-MAT-J041YN,0,True,11186,0.7
DFL-MAT-J041YN,0,True,49361,1.0
DFL-MAT-J041YN,0,True,104922,0.3
DFL-MAT-J041YN,0,True,137444,0.9
DFL-MAT-J041YN,0,True,139789,1.0
DFL-MAT-J041YN,0,True,142030,0.9
DFL-MAT-J041YN,0,True,142479,0.8
DFL-MAT-J041YN,0,True,143188,1.0
DFL-MAT-J041YN,0,True,158981,1.0
DFL-MAT-J041YN,0,True,175032,0.5
DFL-MAT-J041YN,1,False,13185,0.7
DFL-MAT-J041YN,1,False,15657,1.0
DFL-MAT-J041YN,1,False,15741,1.0
DFL-MAT-J041YN,1,False,21948,0.7
DFL-MAT-J041YN,1,False,27972,0.6
DFL-MAT-J041YN,1,False,31295,0.9
DFL-MAT-J041YN,1,False,35071,0.8
DFL-MAT-J041YN,1,False,37657,0.9
DFL-MAT-J041YN,1,False,37913,0.6
DFL-MAT-J041YN,1,False,40711,0.9
DFL-MAT-J041YN,1,False,40998,0.6
DFL-MAT-J041YN,1,False,41033,0.9
DFL-MAT-J041YN,1,False,41329,1.0
DFL-MAT-J041YN,1,False,46609,0.7
DFL-MAT-J041YN,1,False,46894,0.5
DFL-MAT-J041YN,1,False,57207,1.0
DFL-MAT-J041YN,1,False,62412,0.7
DFL-MAT-J041YN,1,False,100179,0.9
DFL-MAT-J041YN,1,False,109049,0.5
DFL-MAT-J041YN,1,False,111982,0.9
DFL-MAT-J041YN,1,False,114835,0.9
DFL-MAT-J041YN,1,False,116527,0.9
DFL-MAT-J041YN,1,False,117388,1.0
DFL-MAT-J041YN,1,False,117749,0.5
DFL-MAT-J041YN,1,False,118558,0.8
DFL-MAT-J041YN,1,False,128691,0.7
DFL-MAT-J041YN,1,False,134798,0.8
DFL-MAT-J041YN,1,False,136299,0.8
DFL-MAT-J041YN,1,False,137935,0.9
DFL-MAT-J041YN,1,False,167664,0.4
DFL-MAT-J041YN,1,False,168520,1.0
DFL-MAT-J041YN,1,False,179280,1.0
DFL-MAT-J041YV,0,False,80829,1.0
DFL-MAT-J041YV,0,False,105124,1.0
DFL-MAT-J041YV,0,False,111911,1.0
DFL-MAT-J041YV,0,False,112682,0.8
DFL-MAT-J041YV,0,False,132797,1.0
DFL-MAT-J041YV,0,False,159206,1.0
DFL-MAT-J041YV,1,True,33747,1.0
DFL-MAT-J041YV,1,True,47528,0.9
DFL-MAT-J041YV,1,True,84099,0.6
DFL-MAT-J041YV,1,True,126564,0.7
DFL-MAT-J041YV,1,True,126660,1.0
DFL-MAT-J041YV,1,True,146290,0.9
DFL-MAT-J041YV,1,True,150692,0.8
DFL-MAT-J041YV,1,True,150749,0.9
DFL-MAT-J041YV,1,True,153189,0.6
DFL-MAT-J041Z5,0,True,29545,0.9
DFL-MAT-J041Z5,0,True,63120,0.9
DFL-MAT-J041Z5,0,True,70909,0.9
DFL-MAT-J041Z5,0,True,78234,0.7
DFL-MAT-J041Z5,0,True,80039,1.0
DFL-MAT-J041Z5,0,True,114004,0.9
DFL-MAT-J041Z5,0,True,125128,1.0
DFL-MAT-J041Z5,0,True,148415,0.9
DFL-MAT-J041Z5,0,True,166816,0.7
DFL-MAT-J041Z5,0,True,178306,0.9
DFL-MAT-J041Z5,0,True,179699,0.5
DFL-MAT-J041Z5,1,False,17045,1.0
DFL-MAT-J041Z5,1,False,18105,0.6
DFL-MAT-J041Z5,1,False,20148,1.0
DFL-MAT-J041Z5,1,False,20659,0.8
DFL-MAT-J041Z5,1,False,45563,1.0
DFL-MAT-J041Z5,1,False,45698,0.6
DFL-MAT-J041Z5,1,False,56196,0.8
DFL-MAT-J041Z5,1,False,60328,1.0
DFL-MAT-J041Z5,1,False,84419,0.7
DFL-MAT-J041Z5,1,False,106138,0.9
DFL-MAT-J041Z5,1,False,110834,1.0
DFL-MAT-J041Z5,1,False,119704,0.9
DFL-MAT-J041Z5,1,False,119820,0.8
DFL-MAT-J041Z5,1,False,143464,1.0
DFL-MAT-J041ZD,0,False,23119,0.9
DFL-MAT-J041ZD,0,False,23212,1.0
DFL-MAT-J041ZD,0,False,23984,0.9
DFL-MAT-J041ZD,0,False,26141,0.8
DFL-MAT-J041ZD,0,False,35285,0.4
DFL-MAT-J041ZD,0,False,37810,0.8
DFL-MAT-J041ZD,0,False,46346,0.7
DFL-MAT-J041ZD,0,False,58190,1.0
DFL-MAT-J041ZD,0,False,60330,0.7
DFL-MAT-J041ZD,0,False,62413,0.9
DFL-MAT-J041ZD,0,False,62786,0.8
DFL-MAT-J041ZD,0,False,64746,0.7
DFL-MAT-J041ZD,0,False,69308,0.8
DFL-MAT-J041ZD,0,False,69343,0.6
DFL-MAT-J041ZD,0,False,80624,1.0
DFL-MAT-J041ZD,0,False,103325,0.8
DFL-MAT-J041ZD,0,False,116112,0.9
DFL-MAT-J041ZD,0,False,116185,0.4
DFL-MAT-J041ZD,0,False,123651,0.8
DFL-MAT-J041ZD,0,False,149066,1.0
DFL-MAT-J041ZD,0,False,153395,0.9
DFL-MAT-J041ZD,0,False,159417,0.9
DFL-MAT-J041ZD,0,False,159431,0.7
DFL-MAT-J041ZD,0,False,159649,0.8
DFL-MAT-J041ZD,0,False,160283,0.7
DFL-MAT-J041ZD,0,False,160789,0.7
DFL-MAT-J041ZD,0,False,176219,1.0
DFL-MAT-J041ZD,1,True,16162,0.8
DFL-MAT-J041ZD,1,True,16317,0.7
DFL-MAT-J041ZD,1,True,43382,0.5
DFL-MAT-J041ZD,1,True,101199,0.5
DFL-MAT-J041ZD,1,True,101347,0.7
DFL-MAT-J041ZD,1,True,109403,1.0
DFL-MAT-J041ZD,1,True,124517,0.8
DFL-MAT-J041ZD,1,True,130105,0.5
DFL-MAT-J041ZD,1,True,130833,0.4
DFL-MAT-J041ZD,1,True,131992,0.5
DFL-MAT-J041ZD,1,True,132477,0.7
DFL-MAT-J041ZD,1,True,132482,0.8
DFL-MAT-J041ZD,1,True,132588,0.6
DFL-MAT-J041ZD,1,True,133503,0.8
DFL-MAT-J041ZD,1,True,140968,0.7
DFL-MAT-J041ZD,1,True,141649,0.6
DFL-MAT-J041ZD,1,True,145775,0.8
DFL-MAT-J041ZD,1,True,146274,0.6
DFL-MAT-J041ZD,1,True,146946,0.8
DFL-MAT-J041ZD,1,True,148145,1.0
DFL-MAT-J041ZD,1,True,170983,0.5
DFL-MAT-J041ZD,1,True,170989,0.6
DFL-MAT-J041ZN,0,True,31118,0.6
DFL-MAT-J041ZN,0,True,51259,0.9
DFL-MAT-J041ZN,0,True,67170,0.5
DFL-MAT-J041ZN,0,True,67734,1.0
DFL-MAT-J041ZN,0,True,78189,0.5
DFL-MAT-J041ZN,0,True,79355,1.0
DFL-MAT-J041ZN,0,True,125804,0.8
DFL-MAT-J041ZN,0,True,128089,1.0
DFL-MAT-J041ZN,0,True,131350,0.9
DFL-MAT-J041ZN,0,True,134355,0.7
DFL-MAT-J041ZN,0,True,138161,0.9
DFL-MAT-J041ZN,0,True,145983,1.0
DFL-MAT-J041ZN,0,True,157206,1.0
DFL-MAT-J041ZN,0,True,163071,0.4
DFL-MAT-J041ZN,0,True,164688,1.0
DFL-MAT-J041ZN,0,True,175207,1.0
DFL-MAT-J041ZN,1,False,13099,1.0
DFL-MAT-J041ZN,1,False,14178,0.6
DFL-MAT-J041ZN,1,False,14862,0.6
DFL-MAT-J041ZN,1,False,21814,1.0
DFL-MAT-J041ZN,1,False,21819,1.0
DFL-MAT-J041ZN,1,False,21844,0.9
DFL-MAT-J041ZN,1,False,26292,0.9
DFL-MAT-J041ZN,1,False,28195,0.9
DFL-MAT-J041ZN,1,False,32690,0.7
DFL-MAT-J041ZN,1,False,61221,1.0
DFL-MAT-J041ZN,1,False,74880,0.9
DFL-MAT-J041ZN,1,False,80139,0.9
DFL-MAT-J041ZN,1,False,113391,1.0
DFL-MAT-J041ZN,1,False,116043,0.8
DFL-MAT-J041ZN,1,False,119258,1.0
DFL-MAT-J041ZN,1,False,119359,0.6
DFL-MAT-J041ZN,1,False,121639,0.7
DFL-MAT-J041ZN,1,False,141989,0.5
DFL-MAT-J041ZN,1,False,150276,0.7
DFL-MAT-J041ZN,1,False,150973,0.8
DFL-MAT-J041ZN,1,False,154319,1.0
DFL-MAT-J041ZN,1,False,154382,1.0
DFL-MAT-J041ZN,1,False,159212,0.9
DFL-MAT-J041ZN,1,False,172072,0.9
DFL-MAT-J041ZN,1,False,173545,0.5
DFL-MAT-J041ZN,1,False,176725,1.0
DFL-MAT-J041ZQ,0,False,15091,0.6
DFL-MAT-J041ZQ,0,False,36390,0.8
DFL-MAT-J041ZQ,0,False,38505,0.8
DFL-MAT-J041ZQ,0,False,40283,1.0
DFL-MAT-J041ZQ,0,False,40318,1.0
DFL-MAT-J041ZQ,0,False,43405,0.6
DFL-MAT-J041ZQ,0,False,47655,0.7
DFL-MAT-J041ZQ,0,False,47830,1.0
DFL-MAT-J041ZQ,0,False,48033,0.5
DFL-MAT-J041ZQ,0,False,76003,0.8
DFL-MAT-J041ZQ,0,False,81007,0.4
DFL-MAT-J041ZQ,0,False,108889,0.6
DFL-MAT-J041ZQ,0,False,113996,1.0
DFL-MAT-J041ZQ,0,False,117351,0.9
DFL-MAT-J041ZQ,0,False,127455,0.9
DFL-MAT-J041ZQ,0,False,140370,0.8
DFL-MAT-J041ZQ,0,False,159172,0.6
DFL-MAT-J041ZQ,0,False,160512,0.9
DFL-MAT-J041ZQ,0,False,160561,0.7
DFL-MAT-J041ZQ,1,True,10904,1.0
DFL-MAT-J041ZQ,1,True,12250,1.0
DFL-MAT-J041ZQ,1,True,49046,1.0
DFL-MAT-J041ZQ,1,True,52458,0.7
DFL-MAT-J041ZQ,1,True,53900,1.0
DFL-MAT-J041ZQ,1,True,64066,1.0
DFL-MAT-J041ZQ,1,True,72836,0.9
DFL-MAT-J041ZQ,1,True,102183,0.8
DFL-MAT-J041ZQ,1,True,111520,0.6
DFL-MAT-J041ZQ,1,True,120190,0.9
DFL-MAT-J041ZQ,1,True,122407,1.0
DFL-MAT-J041ZQ,1,True,135642,0.9
DFL-MAT-J041ZQ,1,True,139741,0.5
DFL-MAT-J041ZQ,1,True,148577,0.5
DFL-MAT-J041ZQ,1,True,151800,1.0
DFL-MAT-J041ZQ,1,True,164476,1.0
DFL-MAT-J041ZQ,1,True,166378,0.6
DFL-MAT-J041ZQ,1,True,171893,1.0
DFL-MAT-J041ZQ,1,True,173377,0.9
DFL-MAT-J041ZQ,1,True,174203,0.7
DFL-MAT-J041ZQ,1,True,174272,0.8
DFL-MAT-J04205,0,True,21218,0.9
DFL-MAT-J04205,0,True,35189,1.0
DFL-MAT-J04205,0,True,45707,0.9
DFL-MAT-J04205,0,True,47490,1.0
DFL-MAT-J04205,0,True,49319,1.0
DFL-MAT-J04205,0,True,49819,1.0
DFL-MAT-J04205,0,True,52527,0.6
DFL-MAT-J04205,0,True,54960,1.0
DFL-MAT-J04205,0,True,55151,0.9
DFL-MAT-J04205,0,True,60717,0.8
DFL-MAT-J04205,0,True,62688,0.9
DFL-MAT-J04205,0,True,74029,1.0
DFL-MAT-J04205,0,True,74211,0.9
DFL-MAT-J04205,0,True,75353,0.5
DFL-MAT-J04205,0,True,106962,0.9
DFL-MAT-J04205,0,True,113446,1.0
DFL-MAT-J04205,0,True,125334,1.0
DFL-MAT-J04205,0,True,143075,1.0
DFL-MAT-J04205,0,True,148322,1.0
DFL-MAT-J04205,0,True,148484,0.7
DFL-MAT-J04205,0,True,148495,0.6
DFL-MAT-J04205,1,False,15320,0.4
DFL-MAT-J04205,1,False,22090,1.0
DFL-MAT-J04205,1,False,25494,1.0
DFL-MAT-J04205,1,False,42368,0.9
DFL-MAT-J04205,1,False,66177,1.0
DFL-MAT-J04205,1,False,68647,1.0
DFL-MAT-J04205,1,False,165303,0.9
DFL-MAT-J04205,1,False,171862,1.0
DFL-MAT-J04205,1,False,173797,0.9
DFL-MAT-J0420A,0,False,21446,1.0
DFL-MAT-J0420A,0,False,32523,0.9
DFL-MAT-J0420A,0,False,45528,0.8
DFL-MAT-J0420A,0,False,45646,0.9
DFL-MAT-J0420A,0,False,58134,0.9
DFL-MAT-J0420A,0,False,61572,0.8
DFL-MAT-J0420A,0,False,73929,0.6
DFL-MAT-J0420A,0,False,78188,0.8
DFL-MAT-J0420A,0,False,82084,0.7
DFL-MAT-J0420A,0,False,83180,0.4
DFL-MAT-J0420A,0,False,108541,0.3
DFL-MAT-J0420A,0,False,115744,0.7
DFL-MAT-J0420A,0,False,119310,0.9
DFL-MAT-J0420A,0,False,164652,1.0
DFL-MAT-J0420A,0,False,166000,0.7
DFL-MAT-J0420A,0,False,167037,0.6
DFL-MAT-J0420A,1,True,18432,0.8
DFL-MAT-J0420A,1,True,28855,1.0
DFL-MAT-J0420A,1,True,29431,1.0
DFL-MAT-J0420A,1,True,29490,1.0
DFL-MAT-J0420A,1,True,37416,0.9
DFL-MAT-J0420A,1,True,39439,1.0
DFL-MAT-J0420A,1,True,42785,1.0
DFL-MAT-J0420A,1,True,64677,0.9
DFL-MAT-J0420A,1,True,76141,0.9
DFL-MAT-J0420A,1,True,85752,0.9
DFL-MAT-J0420A,1,True,101593,0.7
DFL-MAT-J0420A,1,True,126845,0.6
DFL-MAT-J0420A,1,True,127688,0.9
DFL-MAT-J0420A,1,True,129212,0.9
DFL-MAT-J0420A,1,True,159791,1.0
DFL-MAT-J0420A,1,True,162929,1.0
DFL-MAT-J0420A,1,True,173280,1.0
DFL-MAT-J0420A,1,True,173921,0.9
DFL-MAT-J0420A,1,True,173934,1.0
DFL-MAT-J0420A,1,True,177226,0.7
DFL-MAT-J0420N,0,True,47841,0.7
DFL-MAT-J0420N,0,True,49007,0.4
DFL-MAT-J0420N,0,True,49133,1.0
DFL-MAT-J0420N,0,True,50109,1.0
DFL-MAT-J0420N,0,True,51925,0.7
DFL-MAT-J0420N,0,True,51950,0.5
DFL-MAT-J0420N,0,True,52767,0.6
DFL-MAT-J0420N,0,True,75993,0.7
DFL-MAT-J0420N,0,True,76709,0.4
DFL-MAT-J0420N,0,True,113091,0.9
DFL-MAT-J0420N,0,True,128562,1.0
DFL-MAT-J0420N,0,True,178005,0.5
DFL-MAT-J0420N,1,False,26938,0.5
DFL-MAT-J0420N,1,False,37342,1.0
DFL-MAT-J0420N,1,False,67385,1.0
DFL-MAT-J0420N,1,False,78288,0.8
DFL-MAT-J0420N,1,False,106018,1.0
DFL-MAT-J0420N,1,False,116229,0.9
DFL-MAT-J0420N,1,False,123499,0.9
DFL-MAT-J0420N,1,False,133973,0.6
DFL-MAT-J0420N,1,False,139202,0.8
DFL-MAT-J0420N,1,False,141378,0.6
DFL-MAT-J0420N,1,False,145431,0.9
DFL-MAT-J0420N,1,False,145826,0.9
DFL-MAT-J0420N,1,False,163371,0.8
DFL-MAT-J0420N,1,False,172958,0.6
DFL-MAT-J0420N,1,False,173156,1.0
DFL-MAT-J0420N,1,False,173221,0.6
DFL-MAT-J0420N,1,False,174086,0.8
DFL-MAT-J0420P,0,False,10946,0.9
DFL-MAT-J0420P,0,False,37568,1.0
DFL-MAT-J0420P,0,False,45299,0.9
DFL-MAT-J0420P,0,False,65446,0.9
DFL-MAT-J0420P,0,False,65664,0.5
DFL-MAT-J0420P,0,False,100846,1.0
DFL-MAT-J0420P,0,False,173340,0.5
DFL-MAT-J0420P,1,True,20031,1.0
DFL-MAT-J0420P,1,True,21170,0.7
DFL-MAT-J0420P,1,True,50759,1.0
DFL-MAT-J0420P,1,True,51187,0.9
DFL-MAT-J0420P,1,True,57373,0.9
DFL-MAT-J0420P,1,True,58800,0.9
DFL-MAT-J0420P,1,True,63050,0.7
DFL-MAT-J0420P,1,True,63102,0.8
DFL-MAT-J0420P,1,True,73266,1.0
DFL-MAT-J0420P,1,True,76777,0.9
DFL-MAT-J0420P,1,True,105672,0.8
DFL-MAT-J0420P,1,True,109374,0.5
DFL-MAT-J0420P,1,True,114892,0.8
DFL-MAT-J0420P,1,True,116311,1.0
DFL-MAT-J0420P,1,True,118630,0.9
DFL-MAT-J0420P,1,True,122778,0.8
DFL-MAT-J0420P,1,True,131123,0.7
DFL-MAT-J0420P,1,True,135214,0.5
DFL-MAT-J0420P,1,True,136498,0.8
DFL-MAT-J0420P,1,True,141401,0.8
DFL-MAT-J0420P,1,True,148627,0.9
DFL-MAT-J0420P,1,True,148632,0.9
DFL-MAT-J0420P,1,True,150986,0.8
DFL-MAT-J0420P,1,True,152600,0.4
DFL-MAT-J0420P,1,True,155002,0.8
DFL-MAT-J0420P,1,True,157787,0.8
DFL-MAT-J0420P,1,True,171587,1.0
DFL-MAT-J04215,0,True,15595,1.0
DFL-MAT-J04215,0,True,18844,0.9
DFL-MAT-J04215,0,True,19533,0.7
DFL-MAT-J04215,0,True,19908,0.9
DFL-MAT-J04215,0,True,24828,1.0
DFL-MAT-J04215,0,True,24888,0.8
DFL-MAT-J04215,0,True,42787,0.7
DFL-MAT-J04215,0,True,48893,0.7
DFL-MAT-J04215,0,True,60884,1.0
DFL-MAT-J04215,0,True,66477,1.0
DFL-MAT-J04215,0,True,73007,0.7
DFL-MAT-J04215,0,True,76840,0.7
DFL-MAT-J04215,0,True,101913,0.9
DFL-MAT-J04215,0,True,110389,0.7
DFL-MAT-J04215,0,True,110550,1.0
DFL-MAT-J04215,0,True,113423,0.8
DFL-MAT-J04215,0,True,131153,1.0
DFL-MAT-J04215,0,True,134510,0.4444444444444444
DFL-MAT-J04215,0,True,136771,0.4444444444444444
DFL-MAT-J04215,0,True,138991,0.7777777777777778
DFL-MAT-J04215,0,True,140649,0.8888888888888888
DFL-MAT-J04215,0,True,141756,0.2222222222222222
DFL-MAT-J04215,0,True,141913,1.0
DFL-MAT-J04215,0,True,142171,1.0
DFL-MAT-J04215,0,True,148573,0.6666666666666666
DFL-MAT-J04215,0,True,149612,0.8888888888888888
DFL-MAT-J04215,0,True,150293,0.6666666666666666
DFL-MAT-J04215,0,True,167631,0.8888888888888888
DFL-MAT-J04215,1,False,11121,1.0
DFL-MAT-J04215,1,False,13739,0.7
DFL-MAT-J04215,1,False,27057,0.6
DFL-MAT-J04215,1,False,35367,0.7
DFL-MAT-J04215,1,False,37208,0.9
DFL-MAT-J04215,1,False,38267,0.9
DFL-MAT-J04215,1,False,46561,0.7
DFL-MAT-J04215,1,False,46650,0.9
DFL-MAT-J04215,1,False,59521,1.0
DFL-MAT-J04215,1,False,59770,0.8
DFL-MAT-J04215,1,False,64193,0.9
DFL-MAT-J04215,1,False,64497,0.7
DFL-MAT-J04215,1,False,67747,0.9
DFL-MAT-J04215,1,False,75624,1.0
DFL-MAT-J04215,1,False,106157,0.9
DFL-MAT-J04215,1,False,121793,1.0
DFL-MAT-J04215,1,False,122264,0.9
DFL-MAT-J04215,1,False,125447,0.4
DFL-MAT-J04215,1,False,126896,0.4
DFL-MAT-J04215,1,False,133993,1.0
DFL-MAT-J04215,1,False,147106,0.9
DFL-MAT-J04215,1,False,156667,1.0
DFL-MAT-J04215,1,False,158803,0.7
DFL-MAT-J04215,1,False,164473,0.9
DFL-MAT-J04215,1,False,170930,0.5
DFL-MAT-J04219,0,False,32450,1.0
DFL-MAT-J04219,0,False,51204,1.0
DFL-MAT-J04219,0,False,52482,0.8
DFL-MAT-J04219,0,False,54058,1.0
DFL-MAT-J04219,0,False,60066,0.5
DFL-MAT-J04219,0,False,66704,0.4
DFL-MAT-J04219,0,False,69694,0.7
DFL-MAT-J04219,0,False,109097,1.0
DFL-MAT-J04219,0,False,112117,0.7
DFL-MAT-J04219,0,False,141240,1.0
DFL-MAT-J04219,0,False,157169,1.0
DFL-MAT-J04219,0,False,168937,1.0
DFL-MAT-J04219,1,True,10430,0.6
DFL-MAT-J04219,1,True,17511,0.8
DFL-MAT-J04219,1,True,22542,0.9
DFL-MAT-J04219,1,True,24024,1.0
DFL-MAT-J04219,1,True,41439,1.0
DFL-MAT-J04219,1,True,54314,0.7
DFL-MAT-J04219,1,True,57012,0.9
DFL-MAT-J04219,1,True,68172,1.0
DFL-MAT-J04219,1,True,69457,0.7
DFL-MAT-J04219,1,True,70370,0.8
DFL-MAT-J04219,1,True,72706,0.9
DFL-MAT-J04219,1,True,74737,1.0
DFL-MAT-J04219,1,True,77581,1.0
DFL-MAT-J04219,1,True,78707,0.7
DFL-MAT-J04219,1,True,104373,0.8
DFL-MAT-J04219,1,True,106822,0.7
DFL-MAT-J04219,1,True,108702,1.0
DFL-MAT-J04219,1,True,110584,1.0
DFL-MAT-J04219,1,True,114142,0.8
DFL-MAT-J04219,1,True,115611,0.8
DFL-MAT-J04219,1,True,120412,1.0
DFL-MAT-J04219,1,True,125603,1.0
DFL-MAT-J04219,1,True,125707,0.5
DFL-MAT-J04219,1,True,146015,0.7
DFL-MAT-J04219,1,True,155343,0.8
DFL-MAT-J04219,1,True,159841,0.8
DFL-MAT-J04219,1,True,160372,0.5
DFL-MAT-J0421J,0,False,16635,0.7
DFL-MAT-J0421J,0,False,21175,0.8
DFL-MAT-J0421J,0,False,41267,0.7
DFL-MAT-J0421J,0,False,48070,1.0
DFL-MAT-J0421J,0,False,49085,0.8
DFL-MAT-J0421J,0,False,61331,1.0
DFL-MAT-J0421J,0,False,67813,1.0
DFL-MAT-J0421J,0,False,70374,1.0
DFL-MAT-J0421J,0,False,103708,1.0
DFL-MAT-J0421J,0,False,103746,0.8
DFL-MAT-J0421J,0,False,109499,0.8
DFL-MAT-J0421J,0,False,120116,0.8
DFL-MAT-J0421J,0,False,136418,0.5
DFL-MAT-J0421J,0,False,139815,1.0
DFL-MAT-J0421J,0,False,143392,0.9
DFL-MAT-J0421J,0,False,175713,0.9
DFL-MAT-J0421J,0,False,175746,0.8
DFL-MAT-J0421J,0,False,177840,0.9
DFL-MAT-J0421J,0,False,177926,0.7
DFL-MAT-J0421J,1,True,19204,1.0
DFL-MAT-J0421J,1,True,20641,0.7
DFL-MAT-J0421J,1,True,20666,0.6
DFL-MAT-J0421J,1,True,25508,0.9
DFL-MAT-J0421J,1,True,25559,0.8
DFL-MAT-J0421J,1,True,45506,0.8
DFL-MAT-J0421J,1,True,57157,0.9
DFL-MAT-J0421J,1,True,57552,0.7
DFL-MAT-J0421J,1,True,65290,0.8
DFL-MAT-J0421J,1,True,76161,0.6
DFL-MAT-J0421J,1,True,105576,0.8
DFL-MAT-J0421J,1,True,113803,0.6
DFL-MAT-J0421J,1,True,116512,0.9
DFL-MAT-J0421J,1,True,119926,1.0
DFL-MAT-J0421J,1,True,121233,1.0
DFL-MAT-J0421J,1,True,121600,0.9
DFL-MAT-J0421J,1,True,121660,0.6
DFL-MAT-J0421J,1,True,133933,0.7
DFL-MAT-J0421J,1,True,157101,1.0
DFL-MAT-J0421J,1,True,157950,0.7777777777777778
DFL-MAT-J0421J,1,True,166767,1.0
DFL-MAT-J0421J,1,True,167886,0.8888888888888888
DFL-MAT-J0421J,1,True,174115,0.7777777777777778
DFL-MAT-J0421J,1,True,175397,1.0
DFL-MAT-J0421J,1,True,182890,1.0
DFL-MAT-J0421J,1,True,184469,0.5555555555555556
DFL-MAT-J0421W,0,True,34090,0.5
DFL-MAT-J0421W,0,True,34193,0.9
DFL-MAT-J0421W,0,True,37030,0.7
DFL-MAT-J0421W,0,True,40946,1.0
DFL-MAT-J0421W,0,True,62729,0.8
DFL-MAT-J0421W,0,True,67625,0.8
DFL-MAT-J0421W,0,True,75226,0.6
DFL-MAT-J0421W,0,True,76948,0.7
DFL-MAT-J0421W,0,True,100785,1.0
DFL-MAT-J0421W,0,True,112956,1.0
DFL-MAT-J0421W,0,True,114478,1.0
DFL-MAT-J0421W,0,True,119722,1.0
DFL-MAT-J0421W,0,True,128547,0.8
DFL-MAT-J0421W,0,True,130039,0.6
DFL-MAT-J0421W,0,True,147167,1.0
DFL-MAT-J0421W,0,True,149050,0.7
DFL-MAT-J0421W,0,True,162639,0.9
DFL-MAT-J0421W,0,True,172084,0.8
DFL-MAT-J0421W,0,True,172862,0.7
DFL-MAT-J0421W,1,False,12489,1.0
DFL-MAT-J0421W,1,False,18273,0.5
DFL-MAT-J0421W,1,False,39813,1.0
DFL-MAT-J0421W,1,False,43438,0.5
DFL-MAT-J0421W,1,False,60762,0.7
DFL-MAT-J0421W,1,False,68211,0.6
DFL-MAT-J0421W,1,False,104011,0.5
DFL-MAT-J0421W,1,False,115737,1.0
DFL-MAT-J0421W,1,False,121458,0.9
DFL-MAT-J0421W,1,False,122453,0.8
DFL-MAT-J0421W,1,False,122483,0.8
DFL-MAT-J0421W,1,False,142710,0.6
DFL-MAT-J0421W,1,False,156271,1.0
DFL-MAT-J0421W,1,False,156509,0.7
DFL-MAT-J0421W,1,False,156532,0.4
DFL-MAT-J0421W,1,False,160895,0.9
DFL-MAT-J0421W,1,False,167499,0.7
DFL-MAT-J0421W,1,False,173057,0.8
DFL-MAT-J0421W,1,False,173847,0.8
DFL-MAT-J0421Z,0,False,16239,1.0
DFL-MAT-J0421Z,0,False,19674,0.8
DFL-MAT-J0421Z,0,False,39503,0.8
DFL-MAT-J0421Z,0,False,48790,0.6
DFL-MAT-J0421Z,0,False,49060,0.6
DFL-MAT-J0421Z,0,False,55960,0.7
DFL-MAT-J0421Z,0,False,60006,0.9
DFL-MAT-J0421Z,0,False,65133,0.6
DFL-MAT-J0421Z,0,False,107627,0.6
DFL-MAT-J0421Z,0,False,111877,0.8
DFL-MAT-J0421Z,0,False,114657,0.7
DFL-MAT-J0421Z,0,False,116712,0.9
DFL-MAT-J0421Z,0,False,120022,0.8
DFL-MAT-J0421Z,0,False,128839,0.8
DFL-MAT-J0421Z,0,False,174802,1.0
DFL-MAT-J0421Z,1,True,32197,0.4
DFL-MAT-J0421Z,1,True,42346,0.6
DFL-MAT-J0421Z,1,True,53649,0.9
DFL-MAT-J0421Z,1,True,63480,1.0
DFL-MAT-J0421Z,1,True,66015,1.0
DFL-MAT-J0421Z,1,True,67499,0.8
DFL-MAT-J0421Z,1,True,73404,0.8
DFL-MAT-J0421Z,1,True,104373,0.9
DFL-MAT-J0421Z,1,True,119041,1.0
DFL-MAT-J0421Z,1,True,143301,0.8
DFL-MAT-J0421Z,1,True,166589,1.0
DFL-MAT-J0421Z,1,True,170769,0.5
DFL-MAT-J0421Z,1,True,175798,1.0
DFL-MAT-J0421Z,1,True,176709,0.9
DFL-MAT-J0421Z,1,True,178938,1.0
DFL-MAT-J0422E,0,True,32719,1.0
DFL-MAT-J0422E,0,True,62037,1.0
DFL-MAT-J0422E,0,True,67457,0.7
DFL-MAT-J0422E,0,True,106423,1.0
DFL-MAT-J0422E,0,True,121234,0.8
DFL-MAT-J0422E,0,True,141294,0.6
DFL-MAT-J0422E,0,True,146572,0.9
DFL-MAT-J0422E,0,True,152966,1.0
DFL-MAT-J0422E,0,True,161473,0.6
DFL-MAT-J0422E,0,True,172987,0.8
DFL-MAT-J0422E,1,False,30452,0.6
DFL-MAT-J0422E,1,False,38301,1.0
DFL-MAT-J0422E,1,False,38558,0.7
DFL-MAT-J0422E,1,False,40748,0.7
DFL-MAT-J0422E,1,False,41558,0.9
DFL-MAT-J0422E,1,False,52638,1.0
DFL-MAT-J0422E,1,False,54369,0.9
DFL-MAT-J0422E,1,False,62737,0.7
DFL-MAT-J0422E,1,False,102178,1.0
DFL-MAT-J0422E,1,False,109034,1.0
DFL-MAT-J0422E,1,False,109157,1.0
DFL-MAT-J0422E,1,False,116731,0.8
DFL-MAT-J0422E,1,False,127366,1.0
DFL-MAT-J0422E,1,False,132326,1.0
DFL-MAT-J0422E,1,False,139389,0.6
DFL-MAT-J0422E,1,False,139431,0.8
DFL-MAT-J0422E,1,False,168988,1.0
DFL-MAT-J0422E,1,False,174297,1.0
DFL-MAT-J0422G,0,False,16056,1.0
DFL-MAT-J0422G,0,False,23986,0.7
DFL-MAT-J0422G,0,False,34637,1.0
DFL-MAT-J0422G,0,False,38840,0.7
DFL-MAT-J0422G,0,False,38871,0.7
DFL-MAT-J0422G,0,False,54828,1.0
DFL-MAT-J0422G,0,False,61866,0.7
DFL-MAT-J0422G,0,False,69430,0.9
DFL-MAT-J0422G,0,False,70304,0.9
DFL-MAT-J0422G,0,False,72174,0.8
DFL-MAT-J0422G,0,False,72321,0.7
DFL-MAT-J0422G,0,False,112864,0.7
DFL-MAT-J0422G,0,False,114312,0.6
DFL-MAT-J0422G,0,False,123345,0.7
DFL-MAT-J0422G,0,False,129555,1.0
DFL-MAT-J0422G,0,False,159054,1.0
DFL-MAT-J0422G,0,False,160989,0.8
DFL-MAT-J0422G,0,False,170763,1.0
DFL-MAT-J0422G,0,False,174402,1.0
DFL-MAT-J0422G,1,True,18959,0.4
DFL-MAT-J0422G,1,True,49796,0.4
DFL-MAT-J0422G,1,True,101993,0.8
DFL-MAT-J0422G,1,True,130869,0.5
DFL-MAT-J0422G,1,True,133041,1.0
DFL-MAT-J0422G,1,True,134252,1.0
DFL-MAT-J0422G,1,True,141802,1.0
DFL-MAT-J0422G,1,True,174700,0.9
