match_id,pressing_team,frame,window_mean_tpr,team_baseline_median_tpr,is_missed_trigger,is_hsv_pressing
DFL-MAT-J041UB,0,18378,0.2289494418870685,0.35554578668604386,True,False
DFL-MAT-J041UB,0,18598,0.32032616817265397,0.35554578668604386,True,False
DFL-MAT-J041UB,0,25271,0.34483459495118685,0.35554578668604386,True,False
DFL-MAT-J041UB,0,25532,0.4131711825018812,0.35554578668604386,False,False
DFL-MAT-J041UB,1,35668,0.3111264262528017,0.35549642495509814,True,True
DFL-MAT-J041UB,0,55922,0.4028128850369411,0.35554578668604386,False,False
DFL-MAT-J041UB,1,67126,0.23997796103306707,0.35549642495509814,True,True
DFL-MAT-J041UB,0,78022,0.2686827203939573,0.35554578668604386,True,False
DFL-MAT-J041UB,1,101963,0.3191975113190712,0.35549642495509814,True,True
DFL-MAT-J041UB,0,105931,0.2392302037530047,0.35554578668604386,True,False
DFL-MAT-J041UB,1,119178,0.23454825515238628,0.35549642495509814,True,True
DFL-MAT-J041UB,1,143743,0.34309363764990736,0.35549642495509814,True,True
DFL-MAT-J041UB,0,151582,0.29094072437362856,0.35554578668604386,True,False
DFL-MAT-J041UB,1,154455,0.3721163670186576,0.35549642495509814,False,True
DFL-MAT-J041UB,0,158784,0.37009894689689177,0.35554578668604386,False,False
DFL-MAT-J041UB,0,162216,0.389703084806387,0.35554578668604386,False,False
DFL-MAT-J041UB,0,162419,0.29422326455875436,0.35554578668604386,True,False
DFL-MAT-J041UB,0,162601,0.36330862401922276,0.35554578668604386,False,False
DFL-MAT-J041UN,0,22973,0.3252248959741781,0.3540383897946805,True,True
DFL-MAT-J041UN,1,23730,0.31915622777867036,0.346869783125819,True,False
DFL-MAT-J041UN,1,23902,0.3052028410658242,0.346869783125819,True,False
DFL-MAT-J041UN,1,27384,0.25052225607880346,0.346869783125819,True,False
DFL-MAT-J041UN,0,33135,0.3267660137374071,0.3540383897946805,True,True
DFL-MAT-J041UN,0,45853,0.31527048242876865,0.3540383897946805,True,True
DFL-MAT-J041UN,0,45969,0.34395103371412256,0.3540383897946805,True,True
DFL-MAT-J041UN,1,49575,0.25211354567946404,0.346869783125819,True,False
DFL-MAT-J041UN,1,51057,0.3461661427200266,0.346869783125819,True,False
DFL-MAT-J041UN,1,66860,0.2569328571608023,0.346869783125819,True,False
DFL-MAT-J041UN,1,73309,0.3190066814866568,0.346869783125819,True,False
DFL-MAT-J041UN,1,102764,0.390733263996799,0.346869783125819,False,False
DFL-MAT-J041UN,1,126869,0.2933463414644386,0.346869783125819,True,False
DFL-MAT-J041UN,0,131306,0.2830345876125445,0.3540383897946805,True,True
DFL-MAT-J041UN,1,131693,0.27358440132124134,0.346869783125819,True,False
DFL-MAT-J041UN,1,137123,0.37669891697436025,0.346869783125819,False,False
DFL-MAT-J041UN,0,140584,0.3494373318117599,0.3540383897946805,True,True
DFL-MAT-J041UN,1,145173,0.31317585278548404,0.346869783125819,True,False
DFL-MAT-J041UN,0,149104,0.205234572961297,0.3540383897946805,True,True
DFL-MAT-J041UN,0,149742,0.3627808629247145,0.3540383897946805,False,True
DFL-MAT-J041UN,1,150019,0.3960732364329094,0.346869783125819,False,False
DFL-MAT-J041UN,1,153518,0.3012485532626047,0.346869783125819,True,False
DFL-MAT-J041UN,0,158085,0.28821985454859406,0.3540383897946805,True,True
DFL-MAT-J041UN,1,171554,0.3293937271248689,0.346869783125819,True,False
DFL-MAT-J041UO,0,59296,0.42929929023752145,0.34781368196249735,False,False
DFL-MAT-J041UO,0,72201,0.28602794718127644,0.34781368196249735,True,False
DFL-MAT-J041UO,0,72604,0.3201891420114143,0.34781368196249735,True,False
DFL-MAT-J041UO,0,79267,0.33913789949787565,0.34781368196249735,True,False
DFL-MAT-J041UO,0,108609,0.45908636248918067,0.34781368196249735,False,False
DFL-MAT-J041UO,0,109755,0.2887153692426984,0.34781368196249735,True,False
DFL-MAT-J041UO,0,110486,0.2736898690044187,0.34781368196249735,True,False
DFL-MAT-J041UO,0,142678,0.41417572719586565,0.34781368196249735,False,False
DFL-MAT-J041UO,0,151016,0.3622143763761552,0.34781368196249735,False,False
DFL-MAT-J041UO,0,155781,0.32478109862495375,0.34781368196249735,True,False
DFL-MAT-J041V5,0,21160,0.2487296290788672,0.34457678430365624,True,True
DFL-MAT-J041V5,0,23696,0.3367749426156875,0.34457678430365624,True,True
DFL-MAT-J041V5,1,43330,0.24554457394427576,0.3421315255992752,True,False
DFL-MAT-J041V5,1,45113,0.2888628485662025,0.3421315255992752,True,False
DFL-MAT-J041V5,1,46836,0.25115760098211537,0.3421315255992752,True,False
DFL-MAT-J041V5,1,51671,0.25043228723126953,0.3421315255992752,True,False
DFL-MAT-J041V5,0,76493,0.2692456467034203,0.34457678430365624,True,True
DFL-MAT-J041V5,1,109181,0.36548689835104864,0.3421315255992752,False,False
DFL-MAT-J041V5,1,125743,0.37197129902743603,0.3421315255992752,False,False
DFL-MAT-J041V5,1,132130,0.2730138408609934,0.3421315255992752,True,False
DFL-MAT-J041V5,0,138141,0.2649803822370982,0.34457678430365624,True,True
DFL-MAT-J041V5,0,144296,0.3213618750185134,0.34457678430365624,True,True
DFL-MAT-J041V5,1,145166,0.277261657016737,0.3421315255992752,True,False
DFL-MAT-J041V5,1,145886,0.4463936002305432,0.3421315255992752,False,False
DFL-MAT-J041V5,1,146210,0.2769061392598888,0.3421315255992752,True,False
DFL-MAT-J041V5,1,154715,0.3207703235349369,0.3421315255992752,True,False
DFL-MAT-J041V5,0,155250,0.37011033134599924,0.34457678430365624,False,True
DFL-MAT-J041VB,0,30167,0.29642762613530954,0.34652335114483523,True,False
DFL-MAT-J041VB,1,46113,0.3076242752610677,0.3627896139776439,True,True
DFL-MAT-J041VB,0,47685,0.3144283546227385,0.34652335114483523,True,False
DFL-MAT-J041VB,1,50305,0.2664713915058519,0.3627896139776439,True,True
DFL-MAT-J041VB,1,50974,0.3583256073747544,0.3627896139776439,True,True
DFL-MAT-J041VB,0,58988,0.3027921890941153,0.34652335114483523,True,False
DFL-MAT-J041VB,0,61304,0.254412836944754,0.34652335114483523,True,False
DFL-MAT-J041VB,1,61908,0.4296807767813551,0.3627896139776439,False,True
DFL-MAT-J041VB,0,62194,0.3591048858708998,0.34652335114483523,False,False
DFL-MAT-J041VB,0,77429,0.3582564731408247,0.34652335114483523,False,False
DFL-MAT-J041VB,0,105455,0.3327014873865442,0.34652335114483523,True,False
DFL-MAT-J041VB,1,127221,0.2721774241716485,0.3627896139776439,True,True
DFL-MAT-J041VB,0,127871,0.43296383082328205,0.34652335114483523,False,False
DFL-MAT-J041VB,1,147748,0.2207071250687275,0.3627896139776439,True,True
DFL-MAT-J041VB,0,166527,0.31119000887823195,0.34652335114483523,True,False
DFL-MAT-J041VB,0,166698,0.3324238805069186,0.34652335114483523,True,False
DFL-MAT-J041VB,0,167394,0.3260776899681259,0.34652335114483523,True,False
DFL-MAT-J041VN,0,14799,0.24247804357000927,0.3501025328758875,True,True
DFL-MAT-J041VN,0,17390,0.3506301938168114,0.3501025328758875,False,True
DFL-MAT-J041VN,0,18096,0.3864921803918834,0.3501025328758875,False,True
DFL-MAT-J041VN,1,32028,0.3084974003749964,0.3653812563966881,True,False
DFL-MAT-J041VN,1,38951,0.38584049794892866,0.3653812563966881,False,False
DFL-MAT-J041VN,0,41144,0.3349777752095415,0.3501025328758875,True,True
DFL-MAT-J041VN,0,42496,0.3017376208010072,0.3501025328758875,True,True
DFL-MAT-J041VN,1,47696,0.3660294632792976,0.3653812563966881,False,False
DFL-MAT-J041VN,1,68252,0.33306988727453335,0.3653812563966881,True,False
DFL-MAT-J041VN,0,73783,0.3787503442334142,0.3501025328758875,False,True
DFL-MAT-J041VN,1,104227,0.33413638207169516,0.3653812563966881,True,False
DFL-MAT-J041VN,0,104497,0.2890270578984008,0.3501025328758875,True,True
DFL-MAT-J041VN,0,117934,0.37286166263595044,0.3501025328758875,False,True
DFL-MAT-J041VN,1,126669,0.35667412901461804,0.3653812563966881,True,False
DFL-MAT-J041VN,1,139346,0.34107300000667645,0.3653812563966881,True,False
DFL-MAT-J041VN,1,140516,0.3155862060215794,0.3653812563966881,True,False
DFL-MAT-J041VN,1,140664,0.33676336719876515,0.3653812563966881,True,False
DFL-MAT-J041VN,1,140786,0.3890334749943136,0.3653812563966881,False,False
DFL-MAT-J041VN,1,145998,0.2986959286114693,0.3653812563966881,True,False
DFL-MAT-J041VN,0,147164,0.3445339345368284,0.3501025328758875,True,True
DFL-MAT-J041VN,1,159207,0.35058043773890546,0.3653812563966881,True,False
DFL-MAT-J041VR,0,20047,0.2866517478515839,0.3556813408104022,True,False
DFL-MAT-J041VR,0,20320,0.4051741162863558,0.3556813408104022,False,False
DFL-MAT-J041VR,0,24026,0.2901225530976574,0.3556813408104022,True,False
DFL-MAT-J041VR,0,28677,0.32461527126757767,0.3556813408104022,True,False
DFL-MAT-J041VR,0,28868,0.33808891187275114,0.3556813408104022,True,False
DFL-MAT-J041VR,0,29158,0.327976988285026,0.3556813408104022,True,False
DFL-MAT-J041VR,0,29316,0.2309688483762581,0.3556813408104022,True,False
DFL-MAT-J041VR,0,29729,0.3162974560076074,0.3556813408104022,True,False
DFL-MAT-J041VR,0,31576,0.38811023367411873,0.3556813408104022,False,False
DFL-MAT-J041VR,0,34557,0.3636268109521993,0.3556813408104022,False,False
DFL-MAT-J041VR,0,34666,0.4132513391697078,0.3556813408104022,False,False
DFL-MAT-J041VR,1,72545,0.24020194015789972,0.3425082897051583,True,True
DFL-MAT-J041VR,0,101404,0.3123120836126853,0.3556813408104022,True,False
DFL-MAT-J041VR,0,118380,0.2571624035729807,0.3556813408104022,True,False
DFL-MAT-J041VR,0,129510,0.38871716945546375,0.3556813408104022,False,False
DFL-MAT-J041VR,0,135652,0.45372884954955356,0.3556813408104022,False,False
DFL-MAT-J041VR,0,142682,0.2347313541185801,0.3556813408104022,True,False
DFL-MAT-J041VR,0,144172,0.3101071720359075,0.3556813408104022,True,False
DFL-MAT-J041VR,1,151165,0.4248062884881593,0.3425082897051583,False,True
DFL-MAT-J041W5,0,18652,0.30514098007415813,0.34703925344725384,True,True
DFL-MAT-J041W5,0,19557,0.3793695161481639,0.34703925344725384,False,True
DFL-MAT-J041W5,1,28011,0.25856476921673016,0.3611602092518861,True,False
DFL-MAT-J041W5,0,31350,0.3408111708910397,0.34703925344725384,True,True
DFL-MAT-J041W5,0,37690,0.333413041283056,0.34703925344725384,True,True
DFL-MAT-J041W5,1,39232,0.24173736040062463,0.3611602092518861,True,False
DFL-MAT-J041W5,1,39577,0.2997441430786407,0.3611602092518861,True,False
DFL-MAT-J041W5,1,40227,0.35857571450223424,0.3611602092518861,True,False
DFL-MAT-J041W5,1,55304,0.28259037541013216,0.3611602092518861,True,False
DFL-MAT-J041W5,1,61012,0.2382066901405981,0.3611602092518861,True,False
DFL-MAT-J041W5,1,61499,0.33133508186849486,0.3611602092518861,True,False
DFL-MAT-J041W5,1,62222,0.3913557709557732,0.3611602092518861,False,False
DFL-MAT-J041W5,1,62448,0.30235215874890226,0.3611602092518861,True,False
DFL-MAT-J041W5,1,63536,0.2723790976039031,0.3611602092518861,True,False
DFL-MAT-J041W5,0,64082,0.2516974061291741,0.34703925344725384,True,True
DFL-MAT-J041W5,1,78889,0.3019818952610023,0.3611602092518861,True,False
DFL-MAT-J041W5,1,104305,0.28657170026298184,0.3611602092518861,True,False
DFL-MAT-J041W5,1,113921,0.3268744036614264,0.3611602092518861,True,False
DFL-MAT-J041W5,1,134577,0.25290483154985816,0.3611602092518861,True,False
DFL-MAT-J041W5,1,143524,0.25325979538768245,0.3611602092518861,True,False
DFL-MAT-J041W5,1,164917,0.34805810122946895,0.3611602092518861,True,False
DFL-MAT-J041WE,0,11990,0.3275229657695309,0.34916726393679964,True,False
DFL-MAT-J041WE,0,13506,0.2743335584519517,0.34916726393679964,True,False
DFL-MAT-J041WE,0,14098,0.3409024134828675,0.34916726393679964,True,False
DFL-MAT-J041WE,0,16987,0.28028864769816797,0.34916726393679964,True,False
DFL-MAT-J041WE,1,29662,0.24043919505401115,0.355949349784538,True,True
DFL-MAT-J041WE,0,37770,0.2741420529189686,0.34916726393679964,True,False
DFL-MAT-J041WE,0,38888,0.2947681954827532,0.34916726393679964,True,False
DFL-MAT-J041WE,1,40036,0.28510793263915185,0.355949349784538,True,True
DFL-MAT-J041WE,0,51265,0.26821692707423594,0.34916726393679964,True,False
DFL-MAT-J041WE,0,51423,0.30183188817997053,0.34916726393679964,True,False
DFL-MAT-J041WE,0,51903,0.332076133714469,0.34916726393679964,True,False
DFL-MAT-J041WE,0,52304,0.29907367157074843,0.34916726393679964,True,False
DFL-MAT-J041WE,0,52464,0.26103111878450536,0.34916726393679964,True,False
DFL-MAT-J041WE,0,52728,0.2086716399262427,0.34916726393679964,True,False
DFL-MAT-J041WE,1,53050,0.371107034887297,0.355949349784538,False,True
DFL-MAT-J041WE,0,57028,0.28884887949839816,0.34916726393679964,True,False
DFL-MAT-J041WE,1,62945,0.2275507781926181,0.355949349784538,True,True
DFL-MAT-J041WE,1,63942,0.28188318685894814,0.355949349784538,True,True
DFL-MAT-J041WE,1,64215,0.33946688315487006,0.355949349784538,True,True
DFL-MAT-J041WE,1,71441,0.3280966432096466,0.355949349784538,True,True
DFL-MAT-J041WE,1,74637,0.28041941939865345,0.355949349784538,True,True
DFL-MAT-J041WE,0,121034,0.3059450709202907,0.34916726393679964,True,False
DFL-MAT-J041WE,0,121188,0.20210039245342476,0.34916726393679964,True,False
DFL-MAT-J041WE,0,126560,0.2006533447450112,0.34916726393679964,True,False
DFL-MAT-J041WE,0,127694,0.26313715325608,0.34916726393679964,True,False
DFL-MAT-J041WE,0,127898,0.33741675971043233,0.34916726393679964,True,False
DFL-MAT-J041WE,0,128828,0.30885325258852037,0.34916726393679964,True,False
DFL-MAT-J041WE,0,130785,0.28558228910049116,0.34916726393679964,True,False
DFL-MAT-J041WE,1,133085,0.2854847654626345,0.355949349784538,True,True
DFL-MAT-J041WE,1,133470,0.27051513707529956,0.355949349784538,True,True
DFL-MAT-J041WE,1,160653,0.29368981383311543,0.355949349784538,True,True
DFL-MAT-J041WE,1,161767,0.296611551100794,0.355949349784538,True,True
DFL-MAT-J041WE,1,179042,0.32206563829654156,0.355949349784538,True,True
DFL-MAT-J041WN,1,24960,0.24566337257117313,0.359752489156586,True,False
DFL-MAT-J041WN,1,28393,0.3957224456227546,0.359752489156586,False,False
DFL-MAT-J041WN,1,40107,0.386710798630609,0.359752489156586,False,False
DFL-MAT-J041WN,1,48539,0.2895327324172341,0.359752489156586,True,False
DFL-MAT-J041WN,0,50484,0.2643570194023927,0.36597701557398554,True,True
DFL-MAT-J041WN,1,60072,0.34772371266533375,0.359752489156586,True,False
DFL-MAT-J041WN,1,73951,0.3441230603516391,0.359752489156586,True,False
DFL-MAT-J041WN,0,74297,0.3091511049073527,0.36597701557398554,True,True
DFL-MAT-J041WN,1,110332,0.3855853827912901,0.359752489156586,False,False
DFL-MAT-J041WN,0,110659,0.3111259975444785,0.36597701557398554,True,True
DFL-MAT-J041WN,0,116531,0.3210167505325753,0.36597701557398554,True,True
DFL-MAT-J041WN,0,120592,0.22173782403194517,0.36597701557398554,True,True
DFL-MAT-J041WN,1,132926,0.28569529535776006,0.359752489156586,True,False
DFL-MAT-J041WN,1,136066,0.3100163041287117,0.359752489156586,True,False
DFL-MAT-J041WN,1,136316,0.3734455745559758,0.359752489156586,False,False
DFL-MAT-J041WN,1,143178,0.3752853686930952,0.359752489156586,False,False
DFL-MAT-J041WN,1,144924,0.3062774410374076,0.359752489156586,True,False
DFL-MAT-J041WN,1,151392,0.39218545709900854,0.359752489156586,False,False
DFL-MAT-J041WN,1,163287,0.4194615233936104,0.359752489156586,False,False
DFL-MAT-J041WN,1,169064,0.4580443055174654,0.359752489156586,False,False
DFL-MAT-J041WN,1,169298,0.3904693142298918,0.359752489156586,False,False
DFL-MAT-J041WT,0,28662,0.38897774711767,0.3529897447900845,False,False
DFL-MAT-J041WT,0,31271,0.3698695688638835,0.3529897447900845,False,False
DFL-MAT-J041WT,0,35779,0.3771385329868404,0.3529897447900845,False,False
DFL-MAT-J041WT,0,48910,0.37706808337027514,0.3529897447900845,False,False
DFL-MAT-J041WT,1,49866,0.29372013085482845,0.3494913463672878,True,True
DFL-MAT-J041WT,0,69859,0.23949234546126258,0.3529897447900845,True,False
DFL-MAT-J041WT,0,70507,0.35675496052460803,0.3529897447900845,False,False
DFL-MAT-J041WT,0,71697,0.38406688490225327,0.3529897447900845,False,False
DFL-MAT-J041WT,1,78429,0.32806286917464816,0.3494913463672878,True,True
DFL-MAT-J041WT,1,79305,0.30451778633084636,0.3494913463672878,True,True
DFL-MAT-J041WT,0,102364,0.3347336785383137,0.3529897447900845,True,False
DFL-MAT-J041WT,0,104053,0.23740976320460663,0.3529897447900845,True,False
DFL-MAT-J041WT,0,104218,0.30331237567268293,0.3529897447900845,True,False
DFL-MAT-J041WT,1,106372,0.26177656920075737,0.3494913463672878,True,True
DFL-MAT-J041WT,1,106597,0.3224199975024116,0.3494913463672878,True,True
DFL-MAT-J041WT,1,106885,0.28994767847907543,0.3494913463672878,True,True
DFL-MAT-J041WT,1,107248,0.40582281605319537,0.3494913463672878,False,True
DFL-MAT-J041WT,1,107500,0.3000637749918315,0.3494913463672878,True,True
DFL-MAT-J041WT,1,109657,0.2587827643158931,0.3494913463672878,True,True
DFL-MAT-J041WT,0,119874,0.2844494998935655,0.3529897447900845,True,False
DFL-MAT-J041WT,0,134580,0.2682933458920222,0.3529897447900845,True,False
DFL-MAT-J041WT,1,137612,0.22373084895411163,0.3494913463672878,True,True
DFL-MAT-J041WT,1,158992,0.33358337264184784,0.3494913463672878,True,True
DFL-MAT-J041WT,1,159516,0.4623495136795304,0.3494913463672878,False,True
DFL-MAT-J041WT,0,164535,0.27417300729793775,0.3529897447900845,True,False
DFL-MAT-J041X5,1,11726,0.33359636237276924,0.3426195028578703,True,False
DFL-MAT-J041X5,1,18524,0.3289213953247604,0.3426195028578703,True,False
DFL-MAT-J041X5,0,20225,0.31567879594288206,0.36285276670839806,True,True
DFL-MAT-J041X5,0,27507,0.2962315800738013,0.36285276670839806,True,True
DFL-MAT-J041X5,1,27613,0.3563161041544527,0.3426195028578703,False,False
DFL-MAT-J041X5,1,27886,0.39074965473004514,0.3426195028578703,False,False
DFL-MAT-J041X5,1,30913,0.2637458295160698,0.3426195028578703,True,False
DFL-MAT-J041X5,1,31120,0.2975114845185014,0.3426195028578703,True,False
DFL-MAT-J041X5,1,31502,0.3224450658121203,0.3426195028578703,True,False
DFL-MAT-J041X5,1,31801,0.280264702824084,0.3426195028578703,True,False
DFL-MAT-J041X5,1,32045,0.3011029942670965,0.3426195028578703,True,False
DFL-MAT-J041X5,1,52974,0.2539402591832438,0.3426195028578703,True,False
DFL-MAT-J041X5,1,54885,0.23115324143423752,0.3426195028578703,True,False
DFL-MAT-J041X5,1,63443,0.39893572892552914,0.3426195028578703,False,False
DFL-MAT-J041X5,1,67846,0.2491857625050573,0.3426195028578703,True,False
DFL-MAT-J041X5,1,100794,0.2944085157285087,0.3426195028578703,True,False
DFL-MAT-J041X5,1,101118,0.350300959161736,0.3426195028578703,False,False
DFL-MAT-J041X5,0,108432,0.33065824914859937,0.36285276670839806,True,True
DFL-MAT-J041X5,0,108821,0.2997532137394239,0.36285276670839806,True,True
DFL-MAT-J041X5,0,109688,0.30237523833353247,0.36285276670839806,True,True
DFL-MAT-J041X5,0,120290,0.33724006035325016,0.36285276670839806,True,True
DFL-MAT-J041X5,0,120443,0.26560035676603055,0.36285276670839806,True,True
DFL-MAT-J041X5,1,139333,0.2857527397640876,0.3426195028578703,True,False
DFL-MAT-J041X5,1,139509,0.43534280306332496,0.3426195028578703,False,False
DFL-MAT-J041X5,0,139754,0.31300497442280795,0.36285276670839806,True,True
DFL-MAT-J041X5,1,151682,0.3244596426885701,0.3426195028578703,True,False
DFL-MAT-J041X5,0,167908,0.3155176666105277,0.36285276670839806,True,True
DFL-MAT-J041XE,1,11051,0.3394169499346406,0.35793754597817196,True,False
DFL-MAT-J041XE,1,11132,0.35306913439750887,0.35793754597817196,True,False
DFL-MAT-J041XE,1,12028,0.2493656532911046,0.35793754597817196,True,False
DFL-MAT-J041XE,1,12430,0.31502014388833455,0.35793754597817196,True,False
DFL-MAT-J041XE,1,21423,0.31699380100943253,0.35793754597817196,True,False
DFL-MAT-J041XE,1,30445,0.2513559099514322,0.35793754597817196,True,False
DFL-MAT-J041XE,1,30933,0.27538870955218964,0.35793754597817196,True,False
DFL-MAT-J041XE,0,37521,0.31914861551065465,0.3468133324696104,True,True
DFL-MAT-J041XE,1,37792,0.2559986334206707,0.35793754597817196,True,False
DFL-MAT-J041XE,1,38324,0.288544788484236,0.35793754597817196,True,False
DFL-MAT-J041XE,1,38453,0.39778286772682236,0.35793754597817196,False,False
DFL-MAT-J041XE,1,61582,0.21095127222418333,0.35793754597817196,True,False
DFL-MAT-J041XE,1,62060,0.354844788176507,0.35793754597817196,True,False
DFL-MAT-J041XE,1,77011,0.3095409135129036,0.35793754597817196,True,False
DFL-MAT-J041XE,1,117807,0.2844194598909625,0.35793754597817196,True,False
DFL-MAT-J041XE,1,118036,0.30853985989646493,0.35793754597817196,True,False
DFL-MAT-J041XE,1,118336,0.3186976899381759,0.35793754597817196,True,False
DFL-MAT-J041XE,1,123543,0.3512731208488934,0.35793754597817196,True,False
DFL-MAT-J041XE,0,167097,0.24017445504504173,0.3468133324696104,True,True
DFL-MAT-J041XN,0,18122,0.3849671534172699,0.352564567266738,False,False
DFL-MAT-J041XN,1,19179,0.3220240529217217,0.3573810369301123,True,True
DFL-MAT-J041XN,1,28499,,0.3573810369301123,False,True
DFL-MAT-J041XN,1,36256,0.3624791010411238,0.3573810369301123,False,True
DFL-MAT-J041XN,1,36493,0.2701213180273547,0.3573810369301123,True,True
DFL-MAT-J041XN,0,37329,0.3858544631432014,0.352564567266738,False,False
DFL-MAT-J041XN,0,57449,0.2865849952202645,0.352564567266738,True,False
DFL-MAT-J041XN,0,61858,0.32952890002962476,0.352564567266738,True,False
DFL-MAT-J041XN,0,65839,0.335506155905058,0.352564567266738,True,False
DFL-MAT-J041XN,0,65982,0.33858274873138094,0.352564567266738,True,False
DFL-MAT-J041XN,0,66187,0.27806159748831594,0.352564567266738,True,False
DFL-MAT-J041XN,0,67521,0.30927629605051254,0.352564567266738,True,False
DFL-MAT-J041XN,0,67629,0.3501487182511451,0.352564567266738,True,False
DFL-MAT-J041XN,1,76290,0.3371116100067687,0.3573810369301123,True,True
DFL-MAT-J041XN,0,104538,0.3979915525162879,0.352564567266738,False,False
DFL-MAT-J041XN,1,117085,0.31619227501614666,0.3573810369301123,True,True
DFL-MAT-J041XN,1,123477,0.3941161172889848,0.3573810369301123,False,True
DFL-MAT-J041XN,1,124785,0.3017397323049392,0.3573810369301123,True,True
DFL-MAT-J041XN,1,125191,0.3269260950910632,0.3573810369301123,True,True
DFL-MAT-J041XN,0,138741,0.2199574187483762,0.352564567266738,True,False
DFL-MAT-J041XN,0,161526,0.3166366049571429,0.352564567266738,True,False
DFL-MAT-J041XN,0,161777,0.24890550393758093,0.352564567266738,True,False
DFL-MAT-J041XW,1,25204,0.26171536043743493,0.3474678087076757,True,False
DFL-MAT-J041XW,0,25981,0.3508882074975019,0.3380574703020883,False,True
DFL-MAT-J041XW,1,26227,0.3818036351316344,0.3474678087076757,False,False
DFL-MAT-J041XW,1,29807,0.3008096757596026,0.3474678087076757,True,False
DFL-MAT-J041XW,0,33461,0.3082897153723604,0.3380574703020883,True,True
DFL-MAT-J041XW,0,42228,0.320100106041426,0.3380574703020883,True,True
DFL-MAT-J041XW,1,43352,0.23827814154659982,0.3474678087076757,True,False
DFL-MAT-J041XW,1,43558,0.3744849381178494,0.3474678087076757,False,False
DFL-MAT-J041XW,1,44196,0.3206656188163274,0.3474678087076757,True,False
DFL-MAT-J041XW,0,45147,0.30605228625255076,0.3380574703020883,True,True
DFL-MAT-J041XW,1,59055,0.3122474338348266,0.3474678087076757,True,False
DFL-MAT-J041XW,0,62664,0.3591107242095405,0.3380574703020883,False,True
DFL-MAT-J041XW,1,66178,0.37691839777666736,0.3474678087076757,False,False
DFL-MAT-J041XW,1,75485,0.27354407037012335,0.3474678087076757,True,False
DFL-MAT-J041XW,1,106203,0.29440550406321847,0.3474678087076757,True,False
DFL-MAT-J041XW,1,106447,0.28493711047842074,0.3474678087076757,True,False
DFL-MAT-J041XW,1,106730,0.3291950126403325,0.3474678087076757,True,False
DFL-MAT-J041XW,1,107072,0.3154520700720031,0.3474678087076757,True,False
DFL-MAT-J041XW,0,107395,0.361106026415919,0.3380574703020883,False,True
DFL-MAT-J041XW,0,107635,0.3495565140653179,0.3380574703020883,False,True
DFL-MAT-J041XW,1,107987,0.3380831850851859,0.3474678087076757,True,False
DFL-MAT-J041XW,0,115510,0.4066606573456979,0.3380574703020883,False,True
DFL-MAT-J041XW,1,119195,0.31500727503833365,0.3474678087076757,True,False
DFL-MAT-J041XW,0,149263,0.35757444392497656,0.3380574703020883,False,True
DFL-MAT-J041XW,0,160140,0.30859957387287634,0.3380574703020883,True,True
DFL-MAT-J041XW,0,160712,0.2959097839594118,0.3380574703020883,True,True
DFL-MAT-J041XW,0,169907,0.30558223930814715,0.3380574703020883,True,True
DFL-MAT-J041XW,0,173737,0.3643515795565845,0.3380574703020883,False,True
DFL-MAT-J041Y0,1,13921,0.27340825161902443,0.35280201812146395,True,True
DFL-MAT-J041Y0,0,17221,0.48040175901773574,0.34539814055988893,False,False
DFL-MAT-J041Y0,0,21719,0.36063341956205563,0.34539814055988893,False,False
DFL-MAT-J041Y0,0,21774,0.4057156293005331,0.34539814055988893,False,False
DFL-MAT-J041Y0,1,39161,0.33436980426761626,0.35280201812146395,True,True
DFL-MAT-J041Y0,0,42607,0.3923855373059261,0.34539814055988893,False,False
DFL-MAT-J041Y0,1,47451,0.3047329235297022,0.35280201812146395,True,True
DFL-MAT-J041Y0,1,54418,0.20045988745274937,0.35280201812146395,True,True
DFL-MAT-J041Y0,0,56226,0.41741875762734526,0.34539814055988893,False,False
DFL-MAT-J041Y0,0,56510,0.38384352991267434,0.34539814055988893,False,False
DFL-MAT-J041Y0,0,57162,0.28547636487872874,0.34539814055988893,True,False
DFL-MAT-J041Y0,0,57438,0.4085726979940941,0.34539814055988893,False,False
DFL-MAT-J041Y0,0,58283,0.35346137415895207,0.34539814055988893,False,False
DFL-MAT-J041Y0,0,58430,0.2707287929473583,0.34539814055988893,True,False
DFL-MAT-J041Y0,0,58677,0.20615693630191806,0.34539814055988893,True,False
DFL-MAT-J041Y0,0,71940,0.40256431687059957,0.34539814055988893,False,False
DFL-MAT-J041Y0,1,72132,0.24253422940671823,0.35280201812146395,True,True
DFL-MAT-J041Y0,0,77946,0.3223716590275255,0.34539814055988893,True,False
DFL-MAT-J041Y0,0,119828,0.27953777123925605,0.34539814055988893,True,False
DFL-MAT-J041Y0,0,120446,0.25330877157849147,0.34539814055988893,True,False
DFL-MAT-J041Y0,0,121739,0.2785275134251733,0.34539814055988893,True,False
DFL-MAT-J041Y0,0,121912,0.3175543987575792,0.34539814055988893,True,False
DFL-MAT-J041Y0,0,122217,0.3266649795710343,0.34539814055988893,True,False
DFL-MAT-J041Y0,0,133504,0.4367982867719522,0.34539814055988893,False,False
DFL-MAT-J041Y0,1,137649,0.346509389200844,0.35280201812146395,True,True
DFL-MAT-J041Y0,0,140899,0.32655252539581814,0.34539814055988893,True,False
DFL-MAT-J041Y0,1,168641,0.4020065087711636,0.35280201812146395,False,True
DFL-MAT-J041Y0,0,168973,0.35622972434560846,0.34539814055988893,False,False
DFL-MAT-J041Y0,1,170858,0.3021237448738242,0.35280201812146395,True,True
DFL-MAT-J041Y0,0,181881,0.4104094983256746,0.34539814055988893,False,False
DFL-MAT-J041Y0,0,182444,0.33159222096015484,0.34539814055988893,True,False
DFL-MAT-J041Y0,0,183408,0.3462473573100751,0.34539814055988893,False,False
DFL-MAT-J041YE,1,10378,0.3407637313938261,0.3536786812909063,True,False
DFL-MAT-J041YE,1,10615,0.3206394463362773,0.3536786812909063,True,False
DFL-MAT-J041YE,1,14933,0.2922236431012264,0.3536786812909063,True,False
DFL-MAT-J041YE,1,15712,0.38537474789628334,0.3536786812909063,False,False
DFL-MAT-J041YE,1,19643,0.23658407193530598,0.3536786812909063,True,False
DFL-MAT-J041YE,1,19820,0.3421148619909534,0.3536786812909063,True,False
DFL-MAT-J041YE,1,52973,0.34081465488814044,0.3536786812909063,True,False
DFL-MAT-J041YE,1,67793,0.3260591575145548,0.3536786812909063,True,False
DFL-MAT-J041YE,1,68077,0.31881420807017313,0.3536786812909063,True,False
DFL-MAT-J041YE,1,68617,0.30657158403051066,0.3536786812909063,True,False
DFL-MAT-J041YE,1,71820,0.32315027366653837,0.3536786812909063,True,False
DFL-MAT-J041YE,1,110181,0.38426348282397704,0.3536786812909063,False,False
DFL-MAT-J041YE,1,118219,0.3595690869482805,0.3536786812909063,False,False
DFL-MAT-J041YE,1,130561,0.339381829349212,0.3536786812909063,True,False
DFL-MAT-J041YE,1,145043,0.2486289690066,0.3536786812909063,True,False
DFL-MAT-J041YE,1,170734,0.3165194229351139,0.3536786812909063,True,False
DFL-MAT-J041YN,0,10925,0.35005592752701326,0.3532176528855228,True,True
DFL-MAT-J041YN,0,17115,0.33000492399939174,0.3532176528855228,True,True
DFL-MAT-J041YN,1,30304,0.2955051682420444,0.3451664449349242,True,False
DFL-MAT-J041YN,1,32377,0.2585121842462532,0.3451664449349242,True,False
DFL-MAT-J041YN,1,35953,0.3022469240540754,0.3451664449349242,True,False
DFL-MAT-J041YN,1,41964,0.3369231129075484,0.3451664449349242,True,False
DFL-MAT-J041YN,1,53515,0.3114622304705116,0.3451664449349242,True,False
DFL-MAT-J041YN,1,54441,0.2533082895664633,0.3451664449349242,True,False
DFL-MAT-J041YN,1,58975,0.36287318424078596,0.3451664449349242,False,False
DFL-MAT-J041YN,0,64104,0.32528690426876006,0.3532176528855228,True,True
DFL-MAT-J041YN,1,64414,0.31060433211370453,0.3451664449349242,True,False
DFL-MAT-J041YN,0,68942,0.31633760695994356,0.3532176528855228,True,True
DFL-MAT-J041YN,0,102398,0.2586308604549222,0.3532176528855228,True,True
DFL-MAT-J041YN,1,102795,0.2952361385157414,0.3451664449349242,True,False
DFL-MAT-J041YN,0,105775,0.38662047483187123,0.3532176528855228,False,True
DFL-MAT-J041YN,1,110931,0.18918146127017685,0.3451664449349242,True,False
DFL-MAT-J041YN,1,111264,0.273362122658374,0.3451664449349242,True,False
DFL-MAT-J041YN,1,114684,0.3520827857019523,0.3451664449349242,False,False
DFL-MAT-J041YN,1,128469,0.3188623202354144,0.3451664449349242,True,False
DFL-MAT-J041YN,1,153705,0.3984913247645233,0.3451664449349242,False,False
DFL-MAT-J041YN,0,165330,0.34583923372511866,0.3532176528855228,True,True
DFL-MAT-J041YV,1,14830,0.3217095204662054,0.3510684806579568,True,True
DFL-MAT-J041YV,0,24346,0.2846979757779996,0.34077294337120134,True,False
DFL-MAT-J041YV,0,54094,0.32332165367612625,0.34077294337120134,True,False
DFL-MAT-J041YV,0,54237,0.33377474004735486,0.34077294337120134,True,False
DFL-MAT-J041YV,0,54403,0.3277475946560853,0.34077294337120134,True,False
DFL-MAT-J041YV,0,54439,0.3287605275190507,0.34077294337120134,True,False
DFL-MAT-J041YV,0,66215,0.3535289963427308,0.34077294337120134,False,False
DFL-MAT-J041YV,0,68034,0.3136240267583517,0.34077294337120134,True,False
DFL-MAT-J041YV,0,75857,0.2630227055566103,0.34077294337120134,True,False
DFL-MAT-J041YV,0,76094,0.361978040524441,0.34077294337120134,False,False
DFL-MAT-J041YV,0,76360,0.32140468845904097,0.34077294337120134,True,False
DFL-MAT-J041YV,1,76927,0.3592299277838132,0.3510684806579568,False,True
DFL-MAT-J041YV,0,80492,0.3318691017962857,0.34077294337120134,True,False
DFL-MAT-J041YV,0,110359,0.2873229669391314,0.34077294337120134,True,False
DFL-MAT-J041YV,0,110666,0.29252933891871086,0.34077294337120134,True,False
DFL-MAT-J041YV,0,113484,0.3185538989613542,0.34077294337120134,True,False
DFL-MAT-J041YV,1,116004,0.2394341565415529,0.3510684806579568,True,True
DFL-MAT-J041YV,0,116850,0.291647149392316,0.34077294337120134,True,False
DFL-MAT-J041YV,0,117068,0.30309161532176737,0.34077294337120134,True,False
DFL-MAT-J041YV,0,117196,0.27701010559267003,0.34077294337120134,True,False
DFL-MAT-J041YV,0,118078,0.31726984934157504,0.34077294337120134,True,False
DFL-MAT-J041YV,0,131301,0.34856613819967447,0.34077294337120134,False,False
DFL-MAT-J041YV,0,132486,0.2761087076446848,0.34077294337120134,True,False
DFL-MAT-J041YV,1,139509,0.3355666457727424,0.3510684806579568,True,True
DFL-MAT-J041YV,0,140400,0.287728638698585,0.34077294337120134,True,False
DFL-MAT-J041YV,0,142662,0.3124313069714272,0.34077294337120134,True,False
DFL-MAT-J041YV,0,149739,0.3146062640845695,0.34077294337120134,True,False
DFL-MAT-J041YV,1,150303,0.37234840649801065,0.3510684806579568,False,True
DFL-MAT-J041YV,0,160857,0.32546742505691,0.34077294337120134,True,False
DFL-MAT-J041YV,0,161305,0.3286104226336392,0.34077294337120134,True,False
DFL-MAT-J041YV,0,167517,0.4452604257135144,0.34077294337120134,False,False
DFL-MAT-J041YV,0,168655,0.37213699210237483,0.34077294337120134,False,False
DFL-MAT-J041Z5,1,18867,0.35670401021796894,0.3650438409319216,True,False
DFL-MAT-J041Z5,1,19090,0.2624090869565834,0.3650438409319216,True,False
DFL-MAT-J041Z5,1,19301,0.25533973495969525,0.3650438409319216,True,False
DFL-MAT-J041Z5,1,19730,0.35906825974085016,0.3650438409319216,True,False
DFL-MAT-J041Z5,1,27552,0.211514067926213,0.3650438409319216,True,False
DFL-MAT-J041Z5,1,27871,0.3824683791561409,0.3650438409319216,False,False
DFL-MAT-J041Z5,1,69227,0.23215916652098634,0.3650438409319216,True,False
DFL-MAT-J041Z5,1,69691,0.349323501265103,0.3650438409319216,True,False
DFL-MAT-J041Z5,1,69802,0.3967337713116956,0.3650438409319216,False,False
DFL-MAT-J041Z5,1,113691,0.32878453408897335,0.3650438409319216,True,False
DFL-MAT-J041Z5,1,132583,0.3515013916280169,0.3650438409319216,True,False
DFL-MAT-J041Z5,1,132749,0.33945949132765224,0.3650438409319216,True,False
DFL-MAT-J041Z5,1,175387,0.38020991537427423,0.3650438409319216,False,False
DFL-MAT-J041Z5,1,177340,0.3420080589147378,0.3650438409319216,True,False
DFL-MAT-J041ZD,1,13383,0.32828308164325637,0.3611656946221838,True,True
DFL-MAT-J041ZD,1,15593,0.29250878129608865,0.3611656946221838,True,True
DFL-MAT-J041ZD,1,15724,0.3225670495990096,0.3611656946221838,True,True
DFL-MAT-J041ZD,1,17637,0.332958516322197,0.3611656946221838,True,True
DFL-MAT-J041ZD,1,24233,0.26207406037934183,0.3611656946221838,True,True
DFL-MAT-J041ZD,1,27333,0.35087094742355895,0.3611656946221838,True,True
DFL-MAT-J041ZD,1,49615,0.25405403473836224,0.3611656946221838,True,True
DFL-MAT-J041ZD,1,50473,0.30692126797477526,0.3611656946221838,True,True
DFL-MAT-J041ZD,1,51690,0.2856842319551972,0.3611656946221838,True,True
DFL-MAT-J041ZD,1,52003,0.318550801768095,0.3611656946221838,True,True
DFL-MAT-J041ZD,0,54134,0.28694006469076727,0.3692911967142277,True,False
DFL-MAT-J041ZD,0,54564,0.3497521388825732,0.3692911967142277,True,False
DFL-MAT-J041ZD,0,65821,0.2862007680089606,0.3692911967142277,True,False
DFL-MAT-J041ZD,0,66055,0.2877712914640498,0.3692911967142277,True,False
DFL-MAT-J041ZD,0,67359,0.26405495055355976,0.3692911967142277,True,False
DFL-MAT-J041ZD,1,82790,0.27170487297175333,0.3611656946221838,True,True
DFL-MAT-J041ZD,0,84800,0.3117043205962852,0.3692911967142277,True,False
DFL-MAT-J041ZD,0,105319,0.3591700153977429,0.3692911967142277,True,False
DFL-MAT-J041ZD,1,121371,0.21235960271641677,0.3611656946221838,True,True
DFL-MAT-J041ZD,1,121737,0.24313159908294538,0.3611656946221838,True,True
DFL-MAT-J041ZD,1,167410,0.33481847189905967,0.3611656946221838,True,True
DFL-MAT-J041ZN,1,10380,0.2557352178653526,0.37762747892818316,True,False
DFL-MAT-J041ZN,1,10514,0.3287185033953952,0.37762747892818316,True,False
DFL-MAT-J041ZN,1,10649,0.31520950234637624,0.37762747892818316,True,False
DFL-MAT-J041ZN,0,17637,0.33178906315968776,0.342183024965882,True,True
DFL-MAT-J041ZN,1,24594,0.4487517303221151,0.37762747892818316,False,False
DFL-MAT-J041ZN,0,25252,0.25007715641421174,0.342183024965882,True,True
DFL-MAT-J041ZN,0,44123,0.30227885116026226,0.342183024965882,True,True
DFL-MAT-J041ZN,1,71690,0.2958452372857366,0.37762747892818316,True,False
DFL-MAT-J041ZN,1,71853,0.2745601576929107,0.37762747892818316,True,False
DFL-MAT-J041ZN,1,73292,0.3863001020312503,0.37762747892818316,False,False
DFL-MAT-J041ZN,1,82074,0.31028817620567695,0.37762747892818316,True,False
DFL-MAT-J041ZN,1,114015,0.30855654468272176,0.37762747892818316,True,False
DFL-MAT-J041ZN,1,117849,0.33842868855578345,0.37762747892818316,True,False
DFL-MAT-J041ZN,1,130421,0.3610979166689711,0.37762747892818316,True,False
DFL-MAT-J041ZN,1,135130,0.34406587674590794,0.37762747892818316,True,False
DFL-MAT-J041ZN,0,140570,0.30143337820811095,0.342183024965882,True,True
DFL-MAT-J041ZN,1,146868,0.2989695480358175,0.37762747892818316,True,False
DFL-MAT-J041ZN,0,150559,0.3274569978941729,0.342183024965882,True,True
DFL-MAT-J041ZN,0,150906,0.3684313641736736,0.342183024965882,False,True
DFL-MAT-J041ZN,0,164297,0.3185466351254579,0.342183024965882,True,True
DFL-MAT-J041ZN,1,167656,0.42070446993794536,0.37762747892818316,False,False
DFL-MAT-J041ZQ,0,15493,0.30784519927667786,0.3426708122923189,True,False
DFL-MAT-J041ZQ,0,15952,0.2422195233896464,0.3426708122923189,True,False
DFL-MAT-J041ZQ,1,18049,0.28139635442404387,0.3476252851065612,True,True
DFL-MAT-J041ZQ,0,18595,0.23341314742553548,0.3426708122923189,True,False
DFL-MAT-J041ZQ,0,23397,0.2716773412094412,0.3426708122923189,True,False
DFL-MAT-J041ZQ,0,35573,0.4133077539561746,0.3426708122923189,False,False
DFL-MAT-J041ZQ,1,41519,0.3364066137394324,0.3476252851065612,True,True
DFL-MAT-J041ZQ,1,43778,0.4344890495486878,0.3476252851065612,False,True
DFL-MAT-J041ZQ,1,50560,0.2529188823734326,0.3476252851065612,True,True
DFL-MAT-J041ZQ,1,50893,0.31503115868477327,0.3476252851065612,True,True
DFL-MAT-J041ZQ,1,53122,0.30758111599591226,0.3476252851065612,True,True
DFL-MAT-J041ZQ,0,61564,0.26547756072731477,0.3426708122923189,True,False
DFL-MAT-J041ZQ,0,71332,0.3237882411528763,0.3426708122923189,True,False
DFL-MAT-J041ZQ,1,107784,0.3210360534977976,0.3476252851065612,True,True
DFL-MAT-J041ZQ,1,113766,0.3977523042494666,0.3476252851065612,False,True
DFL-MAT-J041ZQ,0,116992,0.3300753805156686,0.3426708122923189,True,False
DFL-MAT-J041ZQ,0,138575,0.33424437904917675,0.3426708122923189,True,False
DFL-MAT-J041ZQ,0,138808,0.32784091955170835,0.3426708122923189,True,False
DFL-MAT-J041ZQ,0,139275,0.31795750836357634,0.3426708122923189,True,False
DFL-MAT-J041ZQ,1,139952,0.3024673753071031,0.3476252851065612,True,True
DFL-MAT-J041ZQ,1,140134,0.27182481901492916,0.3476252851065612,True,True
DFL-MAT-J041ZQ,1,147600,0.29409214045543325,0.3476252851065612,True,True
DFL-MAT-J041ZQ,1,170751,0.2672562046312754,0.3476252851065612,True,True
DFL-MAT-J04205,0,14904,0.2426118280351317,0.355335242279675,True,True
DFL-MAT-J04205,0,16353,0.3508876744168071,0.355335242279675,True,True
DFL-MAT-J04205,1,19501,0.3592694895811787,0.36522515746853845,True,False
DFL-MAT-J04205,1,22962,0.2883332594695668,0.36522515746853845,True,False
DFL-MAT-J04205,1,27369,0.3236310620743424,0.36522515746853845,True,False
DFL-MAT-J04205,1,27632,0.35293213234920906,0.36522515746853845,True,False
DFL-MAT-J04205,1,27726,0.29409073921146234,0.36522515746853845,True,False
DFL-MAT-J04205,0,30441,0.2186300775493465,0.355335242279675,True,True
DFL-MAT-J04205,0,35860,0.27112225957636,0.355335242279675,True,True
DFL-MAT-J04205,1,36144,0.3718135264434164,0.36522515746853845,False,False
DFL-MAT-J04205,1,40894,0.2941977446086917,0.36522515746853845,True,False
DFL-MAT-J04205,0,48248,0.3190436877036614,0.355335242279675,True,True
DFL-MAT-J04205,1,51693,0.3137387062267827,0.36522515746853845,True,False
DFL-MAT-J04205,1,52068,0.32175319009370956,0.36522515746853845,True,False
DFL-MAT-J04205,1,52360,0.4342658378275206,0.36522515746853845,False,False
DFL-MAT-J04205,1,69046,0.40945640851354254,0.36522515746853845,False,False
DFL-MAT-J04205,0,75624,0.34875246388054154,0.355335242279675,True,True
DFL-MAT-J04205,1,103062,0.43623383166219454,0.36522515746853845,False,False
DFL-MAT-J04205,1,105278,0.29259848036136904,0.36522515746853845,True,False
DFL-MAT-J04205,0,105619,0.269187411661744,0.355335242279675,True,True
DFL-MAT-J04205,0,105710,0.2703771268479482,0.355335242279675,True,True
DFL-MAT-J04205,1,106242,0.29694919994654617,0.36522515746853845,True,False
DFL-MAT-J04205,1,106537,0.3975107622080215,0.36522515746853845,False,False
DFL-MAT-J04205,0,112805,0.2803856521075113,0.355335242279675,True,True
DFL-MAT-J04205,0,113817,0.25723056664388316,0.355335242279675,True,True
DFL-MAT-J04205,1,117313,0.28103817889778765,0.36522515746853845,True,False
DFL-MAT-J04205,1,117553,0.34806029623340373,0.36522515746853845,True,False
DFL-MAT-J04205,1,141172,0.3255076466269194,0.36522515746853845,True,False
DFL-MAT-J04205,0,144147,0.2843955528766131,0.355335242279675,True,True
DFL-MAT-J04205,0,144300,0.27185791341761545,0.355335242279675,True,True
DFL-MAT-J04205,0,159428,0.3509088590479622,0.355335242279675,True,True
DFL-MAT-J04205,0,170488,0.4000881985290555,0.355335242279675,False,True
DFL-MAT-J04205,1,175879,0.3030695695912198,0.36522515746853845,True,False
DFL-MAT-J0420A,1,11618,0.2515320361422627,0.3771768416988887,True,True
DFL-MAT-J0420A,1,16887,0.4265760374054822,0.3771768416988887,False,True
DFL-MAT-J0420A,0,17907,0.2030918436453132,0.3508925056931099,True,False
DFL-MAT-J0420A,0,18142,0.3323070244088552,0.3508925056931099,True,False
DFL-MAT-J0420A,0,21163,0.3659299176623988,0.3508925056931099,False,False
DFL-MAT-J0420A,0,25401,0.26666040965052396,0.3508925056931099,True,False
DFL-MAT-J0420A,0,34227,0.3295310673515237,0.3508925056931099,True,False
DFL-MAT-J0420A,1,34327,0.23114250778285222,0.3771768416988887,True,True
DFL-MAT-J0420A,0,47893,0.24667697283444662,0.3508925056931099,True,False
DFL-MAT-J0420A,0,49273,0.38393665460976445,0.3508925056931099,False,False
DFL-MAT-J0420A,0,74764,0.38169956117040443,0.3508925056931099,False,False
DFL-MAT-J0420A,0,78881,0.4042946180682794,0.3508925056931099,False,False
DFL-MAT-J0420A,0,104499,0.3258748352548469,0.3508925056931099,True,False
DFL-MAT-J0420A,0,123087,0.30866182822827504,0.3508925056931099,True,False
DFL-MAT-J0420A,1,140955,0.31701897189939154,0.3771768416988887,True,True
DFL-MAT-J0420A,1,152167,0.3286480243451424,0.3771768416988887,True,True
DFL-MAT-J0420A,1,158717,0.28373483739286987,0.3771768416988887,True,True
DFL-MAT-J0420A,1,163905,0.2788132326560457,0.3771768416988887,True,True
DFL-MAT-J0420A,1,164309,0.23639745150505487,0.3771768416988887,True,True
DFL-MAT-J0420N,0,16280,,0.35112539431806256,False,True
DFL-MAT-J0420N,0,17596,0.3147697934105753,0.35112539431806256,True,True
DFL-MAT-J0420N,0,24745,0.38323351224850344,0.35112539431806256,False,True
DFL-MAT-J0420N,0,32715,0.28829701002327046,0.35112539431806256,True,True
DFL-MAT-J0420N,0,34579,0.2558784834288242,0.35112539431806256,True,True
DFL-MAT-J0420N,1,44909,0.30656814374892577,0.3519326544739404,True,False
DFL-MAT-J0420N,0,46994,0.3264849719990686,0.35112539431806256,True,True
DFL-MAT-J0420N,0,47513,0.2852905934900676,0.35112539431806256,True,True
DFL-MAT-J0420N,1,49335,0.32208370778194256,0.3519326544739404,True,False
DFL-MAT-J0420N,1,59436,0.339035451638392,0.3519326544739404,True,False
DFL-MAT-J0420N,1,59574,0.2859299396256333,0.3519326544739404,True,False
DFL-MAT-J0420N,1,59800,0.3148634942461155,0.3519326544739404,True,False
DFL-MAT-J0420N,0,73665,0.3040373865884604,0.35112539431806256,True,True
DFL-MAT-J0420N,0,75605,0.3347517601534153,0.35112539431806256,True,True
DFL-MAT-J0420N,0,103038,0.41548650807791554,0.35112539431806256,False,True
DFL-MAT-J0420N,0,104087,0.29845412040747343,0.35112539431806256,True,True
DFL-MAT-J0420N,0,104205,0.2853518496432939,0.35112539431806256,True,True
DFL-MAT-J0420N,0,111495,0.35469892535239367,0.35112539431806256,False,True
DFL-MAT-J0420N,1,121886,0.33574248382748717,0.3519326544739404,True,False
DFL-MAT-J0420N,1,122453,0.29083435646413835,0.3519326544739404,True,False
DFL-MAT-J0420N,1,141657,0.24860987776554158,0.3519326544739404,True,False
DFL-MAT-J0420N,1,144798,0.27776731426878,0.3519326544739404,True,False
DFL-MAT-J0420N,0,155195,0.31916203762043527,0.35112539431806256,True,True
DFL-MAT-J0420N,0,155349,0.32079565578137026,0.35112539431806256,True,True
DFL-MAT-J0420N,0,155869,0.3736927233309789,0.35112539431806256,False,True
DFL-MAT-J0420N,1,165862,0.28451778427175034,0.3519326544739404,True,False
DFL-MAT-J0420P,0,19813,0.2778798189093852,0.3648437183987469,True,False
DFL-MAT-J0420P,0,24579,0.2999790717237817,0.3648437183987469,True,False
DFL-MAT-J0420P,1,26257,0.2675716590671023,0.3530775305173792,True,True
DFL-MAT-J0420P,0,36805,0.2479701951798446,0.3648437183987469,True,False
DFL-MAT-J0420P,1,58225,0.2552086326067449,0.3530775305173792,True,True
DFL-MAT-J0420P,0,60648,0.3847684006822748,0.3648437183987469,False,False
DFL-MAT-J0420P,1,64979,0.2663258006803912,0.3530775305173792,True,True
DFL-MAT-J0420P,1,70091,0.29660895992694997,0.3530775305173792,True,True
DFL-MAT-J0420P,0,79300,0.3064599814687834,0.3648437183987469,True,False
DFL-MAT-J0420P,1,80044,0.3603723155025401,0.3530775305173792,False,True
DFL-MAT-J0420P,0,81181,0.2785480373058676,0.3648437183987469,True,False
DFL-MAT-J0420P,1,103244,0.3139518613190535,0.3530775305173792,True,True
DFL-MAT-J0420P,0,103517,0.43326026876152995,0.3648437183987469,False,False
DFL-MAT-J0420P,0,108133,0.38571808173741906,0.3648437183987469,False,False
DFL-MAT-J0420P,0,112271,0.3097810443239107,0.3648437183987469,True,False
DFL-MAT-J0420P,1,113457,0.3561480513878668,0.3530775305173792,False,True
DFL-MAT-J0420P,1,121788,0.2582833650368463,0.3530775305173792,True,True
DFL-MAT-J0420P,1,136021,,0.3530775305173792,False,True
DFL-MAT-J04215,1,12923,0.20963040712473907,0.3583923571880864,True,False
DFL-MAT-J04215,0,14638,0.26168493863562614,0.3564050101695576,True,True
DFL-MAT-J04215,0,15134,0.30753165434797164,0.3564050101695576,True,True
DFL-MAT-J04215,0,38836,0.2696735129961889,0.3564050101695576,True,True
DFL-MAT-J04215,0,49061,0.33465872294273213,0.3564050101695576,True,True
DFL-MAT-J04215,0,60220,0.3051371234923744,0.3564050101695576,True,True
DFL-MAT-J04215,1,62383,0.2933656645148523,0.3583923571880864,True,False
DFL-MAT-J04215,1,105368,0.3823898249169446,0.3583923571880864,False,False
DFL-MAT-J04215,0,119463,0.3177403537632596,0.3564050101695576,True,True
DFL-MAT-J04215,0,139591,0.3091231489623269,0.3564050101695576,True,True
DFL-MAT-J04215,0,152190,0.2746304448325945,0.3564050101695576,True,True
DFL-MAT-J04215,0,155718,0.27285966717334936,0.3564050101695576,True,True
DFL-MAT-J04215,1,174145,0.40530796660174045,0.3583923571880864,False,False
DFL-MAT-J04219,0,10229,0.3493768167183288,0.35810963839963617,True,False
DFL-MAT-J04219,0,11404,0.33167755959181455,0.35810963839963617,True,False
DFL-MAT-J04219,1,13681,0.29437198587080565,0.3726672950887922,True,True
DFL-MAT-J04219,1,15099,0.31239752919725655,0.3726672950887922,True,True
DFL-MAT-J04219,1,22183,0.27093560074025935,0.3726672950887922,True,True
DFL-MAT-J04219,1,22372,0.3001827406313975,0.3726672950887922,True,True
DFL-MAT-J04219,1,22688,0.28196358947697575,0.3726672950887922,True,True
DFL-MAT-J04219,1,28177,0.32485154910742575,0.3726672950887922,True,True
DFL-MAT-J04219,0,28374,0.5343528324721555,0.35810963839963617,False,False
DFL-MAT-J04219,0,28618,0.39095056069537315,0.35810963839963617,False,False
DFL-MAT-J04219,1,35631,0.3338560390495274,0.3726672950887922,True,True
DFL-MAT-J04219,0,38651,0.3672700275877019,0.35810963839963617,False,False
DFL-MAT-J04219,0,39297,0.28062243720721486,0.35810963839963617,True,False
DFL-MAT-J04219,1,39748,0.3047191497481464,0.3726672950887922,True,True
DFL-MAT-J04219,1,40767,0.33628957397156667,0.3726672950887922,True,True
DFL-MAT-J04219,0,44002,0.3477130153852041,0.35810963839963617,True,False
DFL-MAT-J04219,0,56549,0.2467594248870677,0.35810963839963617,True,False
DFL-MAT-J04219,0,56689,0.4384217146023506,0.35810963839963617,False,False
DFL-MAT-J04219,1,67791,0.3213091621100808,0.3726672950887922,True,True
DFL-MAT-J04219,0,70043,0.23447062749913533,0.35810963839963617,True,False
DFL-MAT-J04219,1,71362,0.22469691406781392,0.3726672950887922,True,True
DFL-MAT-J04219,1,71587,0.33844343510663405,0.3726672950887922,True,True
DFL-MAT-J04219,1,111272,0.3120850953217129,0.3726672950887922,True,True
DFL-MAT-J04219,0,113582,0.4198562601096222,0.35810963839963617,False,False
DFL-MAT-J04219,0,113714,0.3659001304601116,0.35810963839963617,False,False
DFL-MAT-J04219,1,122950,0.28721394032152525,0.3726672950887922,True,True
DFL-MAT-J04219,0,129718,0.3525203089024801,0.35810963839963617,True,False
DFL-MAT-J04219,0,129904,0.29385946326109064,0.35810963839963617,True,False
DFL-MAT-J04219,0,134869,0.4012820064719932,0.35810963839963617,False,False
DFL-MAT-J04219,0,139382,0.28845844573558976,0.35810963839963617,True,False
DFL-MAT-J04219,1,143473,0.3671653033675065,0.3726672950887922,True,True
DFL-MAT-J04219,1,164448,0.3490188688746381,0.3726672950887922,True,True
DFL-MAT-J04219,0,166594,0.4011171533150414,0.35810963839963617,False,False
DFL-MAT-J0421J,1,22949,0.23119647050961736,0.3562318349329471,True,True
DFL-MAT-J0421J,1,23173,0.2420405321011782,0.3562318349329471,True,True
DFL-MAT-J0421J,1,23344,0.3153240519696414,0.3562318349329471,True,True
DFL-MAT-J0421J,0,23639,0.3494022319857888,0.3401714994260989,False,False
DFL-MAT-J0421J,0,26417,0.37422762246979413,0.3401714994260989,False,False
DFL-MAT-J0421J,0,27564,0.35838096162540883,0.3401714994260989,False,False
DFL-MAT-J0421J,0,27975,0.354725314612617,0.3401714994260989,False,False
DFL-MAT-J0421J,0,56053,0.3510005898493713,0.3401714994260989,False,False
DFL-MAT-J0421J,0,63393,0.3104342393716867,0.3401714994260989,True,False
DFL-MAT-J0421J,0,64288,0.3503250637160855,0.3401714994260989,False,False
DFL-MAT-J0421J,0,68031,0.3405714074194641,0.3401714994260989,False,False
DFL-MAT-J0421J,0,68243,0.39168287678307523,0.3401714994260989,False,False
DFL-MAT-J0421J,1,68598,0.36475465495239634,0.3562318349329471,False,True
DFL-MAT-J0421J,0,69232,0.29982311522035365,0.3401714994260989,True,False
DFL-MAT-J0421J,0,69531,0.2637777406842088,0.3401714994260989,True,False
DFL-MAT-J0421J,1,100981,0.26864918058584963,0.3562318349329471,True,True
DFL-MAT-J0421J,0,107606,0.30400110404330616,0.3401714994260989,True,False
DFL-MAT-J0421J,1,112491,0.2823653406254665,0.3562318349329471,True,True
DFL-MAT-J0421J,1,112575,0.2875046744677651,0.3562318349329471,True,True
DFL-MAT-J0421J,1,112861,0.3205720177090442,0.3562318349329471,True,True
DFL-MAT-J0421J,1,120329,0.2928685180515225,0.3562318349329471,True,True
DFL-MAT-J0421J,0,129770,0.36634261468868123,0.3401714994260989,False,False
DFL-MAT-J0421J,1,133385,0.2744819207000037,0.3562318349329471,True,True
DFL-MAT-J0421J,0,153697,0.32946558305260204,0.3401714994260989,True,False
DFL-MAT-J0421J,1,158902,0.2710092783355369,0.3562318349329471,True,True
DFL-MAT-J0421J,0,181586,0.3938816275288521,0.3401714994260989,False,False
DFL-MAT-J0421W,0,10553,0.22861312680903043,0.36866907125189224,True,True
DFL-MAT-J0421W,0,14436,,0.36866907125189224,False,True
DFL-MAT-J0421W,0,15317,0.31351445660316823,0.36866907125189224,True,True
DFL-MAT-J0421W,1,15620,0.3695276041652591,0.3594220649587505,False,False
DFL-MAT-J0421W,1,17729,0.4125207880198176,0.3594220649587505,False,False
DFL-MAT-J0421W,1,25415,0.3552311447082544,0.3594220649587505,True,False
DFL-MAT-J0421W,1,28621,0.38595949008010555,0.3594220649587505,False,False
DFL-MAT-J0421W,1,41882,0.36516031093471013,0.3594220649587505,False,False
DFL-MAT-J0421W,1,42682,0.3268971428351193,0.3594220649587505,True,False
DFL-MAT-J0421W,1,47779,0.3808706671415825,0.3594220649587505,False,False
DFL-MAT-J0421W,1,48672,0.31282495165539626,0.3594220649587505,True,False
DFL-MAT-J0421W,1,49302,0.3200930186422927,0.3594220649587505,True,False
DFL-MAT-J0421W,1,50232,0.3008548775474738,0.3594220649587505,True,False
DFL-MAT-J0421W,1,50489,0.38273638865684323,0.3594220649587505,False,False
DFL-MAT-J0421W,0,56153,0.27244978978472967,0.36866907125189224,True,True
DFL-MAT-J0421W,0,113754,0.26125171232668454,0.36866907125189224,True,True
DFL-MAT-J0421W,0,117619,0.3378462004867604,0.36866907125189224,True,True
DFL-MAT-J0421W,0,117841,0.3357784362032684,0.36866907125189224,True,True
DFL-MAT-J0421W,0,122920,0.3250335240017395,0.36866907125189224,True,True
DFL-MAT-J0421W,0,126590,0.36078634901144657,0.36866907125189224,True,True
DFL-MAT-J0421W,1,139371,0.37107060639829775,0.3594220649587505,False,False
DFL-MAT-J0421W,1,139595,0.32383497086264573,0.3594220649587505,True,False
DFL-MAT-J0421W,1,139842,0.33316135222689564,0.3594220649587505,True,False
DFL-MAT-J0421W,1,139994,0.34135481842766696,0.3594220649587505,True,False
DFL-MAT-J0421W,1,168770,0.4093933171114369,0.3594220649587505,False,False
DFL-MAT-J0421Z,0,15432,0.2888231929198358,0.36943180715254614,True,False
DFL-MAT-J0421Z,0,15787,0.34328988868579524,0.36943180715254614,True,False
DFL-MAT-J0421Z,0,20116,0.2566646940610441,0.36943180715254614,True,False
DFL-MAT-J0421Z,0,20542,0.29638033239102207,0.36943180715254614,True,False
DFL-MAT-J0421Z,0,27829,,0.36943180715254614,False,False
DFL-MAT-J0421Z,1,30141,0.29204634485982395,0.3511229957178922,True,True
DFL-MAT-J0421Z,0,30759,0.25796458159577557,0.36943180715254614,True,False
DFL-MAT-J0421Z,0,41498,0.44288431307265774,0.36943180715254614,False,False
DFL-MAT-J0421Z,1,54645,0.3370190032839776,0.3511229957178922,True,True
DFL-MAT-J0421Z,0,65589,0.34951580804192284,0.36943180715254614,True,False
DFL-MAT-J0421Z,0,65765,0.3353573257500816,0.36943180715254614,True,False
DFL-MAT-J0421Z,0,118364,0.3022101997902195,0.36943180715254614,True,False
DFL-MAT-J0421Z,1,118787,0.23353927647710562,0.3511229957178922,True,True
DFL-MAT-J0421Z,0,128688,0.42710877366257505,0.36943180715254614,False,False
DFL-MAT-J0421Z,0,137848,0.3321997359105137,0.36943180715254614,True,False
DFL-MAT-J0421Z,0,150560,0.4158120457134554,0.36943180715254614,False,False
DFL-MAT-J0421Z,0,157394,0.36822273243410963,0.36943180715254614,True,False
DFL-MAT-J0421Z,0,157838,0.2727255358151529,0.36943180715254614,True,False
DFL-MAT-J0421Z,0,157979,0.34682878133658873,0.36943180715254614,True,False
DFL-MAT-J0421Z,1,162612,0.35445146967740443,0.3511229957178922,False,True
DFL-MAT-J0421Z,1,163293,0.3796966433218723,0.3511229957178922,False,True
DFL-MAT-J0421Z,1,174979,0.2665734766361325,0.3511229957178922,True,True
DFL-MAT-J0421Z,1,180180,0.3603664224563999,0.3511229957178922,False,True
DFL-MAT-J0422E,1,10256,0.3926018755957439,0.3491548819303492,False,False
DFL-MAT-J0422E,0,14939,0.39399224786475584,0.34568586491255315,False,True
DFL-MAT-J0422E,1,16555,0.2938628470601537,0.3491548819303492,True,False
DFL-MAT-J0422E,1,21668,0.27768119361543553,0.3491548819303492,True,False
DFL-MAT-J0422E,0,28875,0.20557733157198943,0.34568586491255315,True,True
DFL-MAT-J0422E,0,29338,0.33226793513757746,0.34568586491255315,True,True
DFL-MAT-J0422E,1,29612,0.30061842550377615,0.3491548819303492,True,False
DFL-MAT-J0422E,1,29722,0.30043874088476274,0.3491548819303492,True,False
DFL-MAT-J0422E,0,34388,0.44070969875787025,0.34568586491255315,False,True
DFL-MAT-J0422E,1,37794,0.3373898368411872,0.3491548819303492,True,False
DFL-MAT-J0422E,1,37928,0.3620796959199265,0.3491548819303492,False,False
DFL-MAT-J0422E,1,41237,0.20522439339600376,0.3491548819303492,True,False
DFL-MAT-J0422E,0,41783,0.2812126386727031,0.34568586491255315,True,True
DFL-MAT-J0422E,0,42004,0.38108949424971694,0.34568586491255315,False,True
DFL-MAT-J0422E,1,42141,0.3392530114713717,0.3491548819303492,True,False
DFL-MAT-J0422E,1,42775,0.4408805705720684,0.3491548819303492,False,False
DFL-MAT-J0422E,1,43112,0.3721405453861082,0.3491548819303492,False,False
DFL-MAT-J0422E,1,45044,0.30149711214521063,0.3491548819303492,True,False
DFL-MAT-J0422E,1,47212,0.29786480647353,0.3491548819303492,True,False
DFL-MAT-J0422E,1,47431,0.3397798183255548,0.3491548819303492,True,False
DFL-MAT-J0422E,1,51160,0.25792575608431334,0.3491548819303492,True,False
DFL-MAT-J0422E,1,51422,0.28999041136739556,0.3491548819303492,True,False
DFL-MAT-J0422E,0,58452,0.31278832183407757,0.34568586491255315,True,True
DFL-MAT-J0422E,1,59424,0.23779758922426217,0.3491548819303492,True,False
DFL-MAT-J0422E,0,59997,0.3770822208807926,0.34568586491255315,False,True
DFL-MAT-J0422E,1,60615,0.23809296465620897,0.3491548819303492,True,False
DFL-MAT-J0422E,1,61125,0.27652276650705426,0.3491548819303492,True,False
DFL-MAT-J0422E,0,64411,0.2254330598872103,0.34568586491255315,True,True
DFL-MAT-J0422E,0,72278,0.30245114275396195,0.34568586491255315,True,True
DFL-MAT-J0422E,0,75494,0.3126821746362473,0.34568586491255315,True,True
DFL-MAT-J0422E,0,76663,0.32227627332591446,0.34568586491255315,True,True
DFL-MAT-J0422E,0,77939,0.4708393998124434,0.34568586491255315,False,True
DFL-MAT-J0422E,1,104898,0.4064900738872586,0.3491548819303492,False,False
DFL-MAT-J0422E,1,111176,0.22482400284292564,0.3491548819303492,True,False
DFL-MAT-J0422E,0,111454,0.3470193880691109,0.34568586491255315,False,True
DFL-MAT-J0422E,0,120786,0.2575652651184632,0.34568586491255315,True,True
DFL-MAT-J0422E,0,121414,0.25462461563107003,0.34568586491255315,True,True
DFL-MAT-J0422E,1,123889,0.4012779778691594,0.3491548819303492,False,False
DFL-MAT-J0422E,1,124056,0.34845290627612446,0.3491548819303492,True,False
DFL-MAT-J0422E,1,131308,0.2320308787538249,0.3491548819303492,True,False
DFL-MAT-J0422E,1,131706,0.278907350648037,0.3491548819303492,True,False
DFL-MAT-J0422E,1,131986,0.39117687768907566,0.3491548819303492,False,False
DFL-MAT-J0422E,0,141413,0.2682660342959656,0.34568586491255315,True,True
DFL-MAT-J0422E,1,143696,0.33203222571058416,0.3491548819303492,True,False
DFL-MAT-J0422E,1,144563,0.26785452348098815,0.3491548819303492,True,False
DFL-MAT-J0422E,1,144887,0.34784511904322446,0.3491548819303492,True,False
DFL-MAT-J0422E,1,145171,0.3799055160510383,0.3491548819303492,False,False
DFL-MAT-J0422E,0,145742,0.19612308875214865,0.34568586491255315,True,True
DFL-MAT-J0422E,1,147046,0.3404768398753252,0.3491548819303492,True,False
DFL-MAT-J0422E,1,147912,0.3205707192733407,0.3491548819303492,True,False
DFL-MAT-J0422E,0,165939,0.3916355385850629,0.34568586491255315,False,True
DFL-MAT-J0422E,1,166200,0.3787211375894476,0.3491548819303492,False,False
DFL-MAT-J0422E,0,168459,0.37072732782103673,0.34568586491255315,False,True
DFL-MAT-J0422E,0,173123,0.42272714204921336,0.34568586491255315,False,True
DFL-MAT-J0422E,0,173703,0.3082714087368563,0.34568586491255315,True,True
DFL-MAT-J0422G,0,12085,0.32480442633934237,0.3574821303241532,True,False
DFL-MAT-J0422G,0,13021,0.3110895111439304,0.3574821303241532,True,False
DFL-MAT-J0422G,0,59664,0.282621993692692,0.3574821303241532,True,False
DFL-MAT-J0422G,0,67753,0.3614598176425417,0.3574821303241532,False,False
DFL-MAT-J0422G,0,68203,0.3319544657991731,0.3574821303241532,True,False
DFL-MAT-J0422G,0,68394,0.31705082771638954,0.3574821303241532,True,False
DFL-MAT-J0422G,0,68751,0.31739275068261064,0.3574821303241532,True,False
DFL-MAT-J0422G,0,74262,0.3150664000474157,0.3574821303241532,True,False
DFL-MAT-J0422G,0,106800,0.3731718091013093,0.3574821303241532,False,False
DFL-MAT-J0422G,0,133192,0.3653830015646511,0.3574821303241532,False,False
DFL-MAT-J0422G,0,141201,0.2483282328513937,0.3574821303241532,True,False
DFL-MAT-J0422G,0,141358,0.3600301589789715,0.3574821303241532,False,False
DFL-MAT-J0422G,0,144719,0.3395918294286335,0.3574821303241532,True,False
DFL-MAT-J0422G,0,144925,0.3337925179880716,0.3574821303241532,True,False
DFL-MAT-J0422G,0,169333,0.29915576681939543,0.3574821303241532,True,False
DFL-MAT-J0422G,0,170400,0.2826792576656763,0.3574821303241532,True,False
