match_id,object_id_sb,role
DFL-MAT-J041UB,48396,Defensive Mid
DFL-MAT-J041UB,36811,Goalkeeper
DFL-MAT-J041UB,8814,Center Back
DFL-MAT-J041UB,282273,Forward
DFL-MAT-J041UB,147712,Defensive Mid
DFL-MAT-J041UB,279584,Center Back
DFL-MAT-J041UB,11369,Center Back
DFL-MAT-J041UB,9220,Goalkeeper
DFL-MAT-J041UB,12303,Attacking Mid
DFL-MAT-J041UB,33395,Forward
DFL-MAT-J041UB,29223,Full Back
DFL-MAT-J041UB,433076,Attacking Mid
DFL-MAT-J041UB,36830,Full Back
DFL-MAT-J041UB,7198,Winger
DFL-MAT-J041UB,44961,Attacking Mid
DFL-MAT-J041UB,348086,Full Back
DFL-MAT-J041UB,158626,Center Back
DFL-MAT-J041UB,369243,Full Back
DFL-MAT-J041UB,11399,Winger
DFL-MAT-J041UB,31197,Defensive Mid
DFL-MAT-J041UB,39265,Center Back
DFL-MAT-J041UB,22324,Defensive Mid
DFL-MAT-J041UB,12323,Attacking Mid
DFL-MAT-J041UB,30710,Attacking Mid
DFL-MAT-J041UB,5536,Forward
DFL-MAT-J041UB,4470,Attacking Mid
DFL-MAT-J041UB,40943,Full Back
DFL-MAT-J041UB,7739,Center Back
DFL-MAT-J041UB,100436,Forward
DFL-MAT-J041UB,183639,Defensive Mid
DFL-MAT-J041UB,86899,Full Back
DFL-MAT-J041UB,8899,Defensive Mid
DFL-MAT-J041UN,16224,Forward
DFL-MAT-J041UN,24644,Center Back
DFL-MAT-J041UN,8708,Center Back
DFL-MAT-J041UN,95175,Defensive Mid
DFL-MAT-J041UN,7191,Winger
DFL-MAT-J041UN,39265,Center Back
DFL-MAT-J041UN,31197,Defensive Mid
DFL-MAT-J041UN,44961,Winger
DFL-MAT-J041UN,348086,Full Back
DFL-MAT-J041UN,404984,Full Back
DFL-MAT-J041UN,9220,Goalkeeper
DFL-MAT-J041UN,33395,Forward
DFL-MAT-J041UN,29223,Full Back
DFL-MAT-J041UN,16169,Defensive Mid
DFL-MAT-J041UN,433076,Winger
DFL-MAT-J041UN,45117,Full Back
DFL-MAT-J041UN,8904,Center Back
DFL-MAT-J041UN,47728,Goalkeeper
DFL-MAT-J041UN,279584,Center Back
DFL-MAT-J041UN,11369,Center Back
DFL-MAT-J041UN,104616,Winger
DFL-MAT-J041UN,147712,Defensive Mid
DFL-MAT-J041UN,5536,Winger
DFL-MAT-J041UN,31353,Full Back
DFL-MAT-J041UN,4470,Winger
DFL-MAT-J041UN,21623,Winger
DFL-MAT-J041UN,30710,Center Back
DFL-MAT-J041UN,407299,Defensive Mid
DFL-MAT-J041UN,48540,Center Back
DFL-MAT-J041UN,86899,Full Back
DFL-MAT-J041UN,33452,Winger
DFL-MAT-J041UO,29223,Full Back
DFL-MAT-J041UO,39162,Winger
DFL-MAT-J041UO,49337,Full Back
DFL-MAT-J041UO,33395,Forward
DFL-MAT-J041UO,5570,Goalkeeper
DFL-MAT-J041UO,8506,Full Back
DFL-MAT-J041UO,433076,Winger
DFL-MAT-J041UO,24215,Winger
DFL-MAT-J041UO,5579,Defensive Mid
DFL-MAT-J041UO,8519,Center Back
DFL-MAT-J041UO,349172,Center Back
DFL-MAT-J041UO,9220,Goalkeeper
DFL-MAT-J041UO,140589,Defensive Mid
DFL-MAT-J041UO,8400,Attacking Mid
DFL-MAT-J041UO,8221,Center Back
DFL-MAT-J041UO,27158,Winger
DFL-MAT-J041UO,86899,Full Back
DFL-MAT-J041UO,39265,Center Back
DFL-MAT-J041UO,374772,Center Back
DFL-MAT-J041UO,31197,Defensive Mid
DFL-MAT-J041UO,10955,Forward
DFL-MAT-J041UO,147712,Defensive Mid
DFL-MAT-J041UO,30710,Winger
DFL-MAT-J041UO,50497,Forward
DFL-MAT-J041UO,8899,Defensive Mid
DFL-MAT-J041UO,5209,Full Back
DFL-MAT-J041UO,279584,Center Back
DFL-MAT-J041UO,447982,Winger
DFL-MAT-J041UO,183467,Full Back
DFL-MAT-J041UO,24946,Winger
DFL-MAT-J041UO,9190,Forward
DFL-MAT-J041UO,396486,Winger
DFL-MAT-J041V5,33395,Forward
DFL-MAT-J041V5,29223,Full Back
DFL-MAT-J041V5,24849,Forward
DFL-MAT-J041V5,348086,Full Back
DFL-MAT-J041V5,9109,Full Back
DFL-MAT-J041V5,48863,Central Mid
DFL-MAT-J041V5,9110,Center Back
DFL-MAT-J041V5,147712,Defensive Mid
DFL-MAT-J041V5,39265,Center Back
DFL-MAT-J041V5,279584,Center Back
DFL-MAT-J041V5,374772,Center Back
DFL-MAT-J041V5,39162,Defensive Mid
DFL-MAT-J041V5,4470,Winger
DFL-MAT-J041V5,30710,Winger
DFL-MAT-J041V5,140575,Attacking Mid
DFL-MAT-J041V5,48821,Attacking Mid
DFL-MAT-J041V5,48959,Full Back
DFL-MAT-J041V5,9198,Defensive Mid
DFL-MAT-J041V5,133141,Goalkeeper
DFL-MAT-J041V5,77234,Central Mid
DFL-MAT-J041V5,10303,Center Back
DFL-MAT-J041V5,9220,Goalkeeper
DFL-MAT-J041V5,31744,Central Mid
DFL-MAT-J041V5,9186,Center Back
DFL-MAT-J041V5,30394,Forward
DFL-MAT-J041V5,21304,Winger
DFL-MAT-J041V5,396486,Winger
DFL-MAT-J041V5,459102,Central Mid
DFL-MAT-J041V5,433076,Winger
DFL-MAT-J041V5,457658,Winger
DFL-MAT-J041V5,9190,Forward
DFL-MAT-J041V5,86899,Full Back
DFL-MAT-J041VB,33395,Forward
DFL-MAT-J041VB,29223,Full Back
DFL-MAT-J041VB,30710,Winger
DFL-MAT-J041VB,11175,Center Back
DFL-MAT-J041VB,348086,Full Back
DFL-MAT-J041VB,47662,Full Back
DFL-MAT-J041VB,374772,Center Back
DFL-MAT-J041VB,28087,Forward
DFL-MAT-J041VB,279584,Center Back
DFL-MAT-J041VB,3513,Attacking Mid
DFL-MAT-J041VB,39265,Center Back
DFL-MAT-J041VB,8938,Defensive Mid
DFL-MAT-J041VB,408577,Attacking Mid
DFL-MAT-J041VB,39162,Defensive Mid
DFL-MAT-J041VB,147712,Defensive Mid
DFL-MAT-J041VB,9164,Full Back
DFL-MAT-J041VB,4470,Winger
DFL-MAT-J041VB,18789,Center Back
DFL-MAT-J041VB,9402,Defensive Mid
DFL-MAT-J041VB,12420,Goalkeeper
DFL-MAT-J041VB,152512,Center Back
DFL-MAT-J041VB,9220,Goalkeeper
DFL-MAT-J041VB,42822,Defensive Mid
DFL-MAT-J041VB,9209,Attacking Mid
DFL-MAT-J041VB,9190,Forward
DFL-MAT-J041VB,133160,Center Back
DFL-MAT-J041VB,21304,Defensive Mid
DFL-MAT-J041VB,152058,Full Back
DFL-MAT-J041VB,31197,Full Back
DFL-MAT-J041VB,22067,Attacking Mid
DFL-MAT-J041VB,86899,Full Back
DFL-MAT-J041VN,48244,Attacking Mid
DFL-MAT-J041VN,8207,Center Back
DFL-MAT-J041VN,8676,Center Back
DFL-MAT-J041VN,30710,Winger
DFL-MAT-J041VN,29223,Full Back
DFL-MAT-J041VN,33395,Forward
DFL-MAT-J041VN,7241,Full Back
DFL-MAT-J041VN,8403,Defensive Mid
DFL-MAT-J041VN,29697,Center Back
DFL-MAT-J041VN,374772,Center Back
DFL-MAT-J041VN,48543,Forward
DFL-MAT-J041VN,9220,Goalkeeper
DFL-MAT-J041VN,13315,Full Back
DFL-MAT-J041VN,348086,Full Back
DFL-MAT-J041VN,95954,Defensive Mid
DFL-MAT-J041VN,279584,Center Back
DFL-MAT-J041VN,31197,Center Back
DFL-MAT-J041VN,5623,Attacking Mid
DFL-MAT-J041VN,21304,Defensive Mid
DFL-MAT-J041VN,200848,Goalkeeper
DFL-MAT-J041VN,147712,Defensive Mid
DFL-MAT-J041VN,4470,Winger
DFL-MAT-J041VN,254718,Forward
DFL-MAT-J041VN,8559,Center Back
DFL-MAT-J041VN,49692,Forward
DFL-MAT-J041VN,8899,Defensive Mid
DFL-MAT-J041VN,9190,Forward
DFL-MAT-J041VN,396486,Winger
DFL-MAT-J041VN,199651,Full Back
DFL-MAT-J041VN,86899,Full Back
DFL-MAT-J041VN,433076,Winger
DFL-MAT-J041VN,133483,Defensive Mid
DFL-MAT-J041VR,24977,Central Mid
DFL-MAT-J041VR,40185,Center Back
DFL-MAT-J041VR,374772,Center Back
DFL-MAT-J041VR,8509,Center Back
DFL-MAT-J041VR,12034,Full Back
DFL-MAT-J041VR,12630,Full Back
DFL-MAT-J041VR,30710,Winger
DFL-MAT-J041VR,33395,Forward
DFL-MAT-J041VR,8524,Goalkeeper
DFL-MAT-J041VR,86899,Full Back
DFL-MAT-J041VR,31197,Center Back
DFL-MAT-J041VR,121333,Winger
DFL-MAT-J041VR,147712,Defensive Mid
DFL-MAT-J041VR,39460,Defensive Mid
DFL-MAT-J041VR,29223,Full Back
DFL-MAT-J041VR,279584,Center Back
DFL-MAT-J041VR,157495,Forward
DFL-MAT-J041VR,21304,Defensive Mid
DFL-MAT-J041VR,396385,Central Mid
DFL-MAT-J041VR,52218,Winger
DFL-MAT-J041VR,9220,Goalkeeper
DFL-MAT-J041VR,4470,Winger
DFL-MAT-J041VR,153161,Central Mid
DFL-MAT-J041VR,472259,Winger
DFL-MAT-J041VR,5536,Forward
DFL-MAT-J041VR,39100,Defensive Mid
DFL-MAT-J041VR,8769,Central Mid
DFL-MAT-J041VR,396486,Full Back
DFL-MAT-J041VR,133160,Center Back
DFL-MAT-J041VR,9190,Winger
DFL-MAT-J041VR,396311,Forward
DFL-MAT-J041VR,8507,Full Back
DFL-MAT-J041W5,141358,Winger
DFL-MAT-J041W5,24413,Goalkeeper
DFL-MAT-J041W5,228605,Winger
DFL-MAT-J041W5,374772,Center Back
DFL-MAT-J041W5,181010,Full Back
DFL-MAT-J041W5,4470,Winger
DFL-MAT-J041W5,29223,Full Back
DFL-MAT-J041W5,52224,Center Back
DFL-MAT-J041W5,32587,Defensive Mid
DFL-MAT-J041W5,21261,Forward
DFL-MAT-J041W5,3043,Attacking Mid
DFL-MAT-J041W5,21304,Defensive Mid
DFL-MAT-J041W5,279584,Center Back
DFL-MAT-J041W5,147712,Defensive Mid
DFL-MAT-J041W5,30710,Winger
DFL-MAT-J041W5,201513,Center Back
DFL-MAT-J041W5,86899,Full Back
DFL-MAT-J041W5,33395,Forward
DFL-MAT-J041W5,31197,Center Back
DFL-MAT-J041W5,296701,Full Back
DFL-MAT-J041W5,9220,Goalkeeper
DFL-MAT-J041W5,8235,Defensive Mid
DFL-MAT-J041W5,298193,Defensive Mid
DFL-MAT-J041W5,33297,Winger
DFL-MAT-J041W5,39162,Defensive Mid
DFL-MAT-J041W5,17042,Forward
DFL-MAT-J041W5,5536,Forward
DFL-MAT-J041W5,15879,Attacking Mid
DFL-MAT-J041W5,396486,Full Back
DFL-MAT-J041W5,16554,Full Back
DFL-MAT-J041W5,39100,Defensive Mid
DFL-MAT-J041W5,133160,Center Back
DFL-MAT-J041WE,8406,Central Mid
DFL-MAT-J041WE,7095,Goalkeeper
DFL-MAT-J041WE,279584,Center Back
DFL-MAT-J041WE,33395,Forward
DFL-MAT-J041WE,32309,Central Mid
DFL-MAT-J041WE,38991,Center Back
DFL-MAT-J041WE,50490,Center Back
DFL-MAT-J041WE,300704,Defensive Mid
DFL-MAT-J041WE,44857,Full Back
DFL-MAT-J041WE,86899,Full Back
DFL-MAT-J041WE,147712,Center Back
DFL-MAT-J041WE,8325,Forward
DFL-MAT-J041WE,374772,Center Back
DFL-MAT-J041WE,21304,Defensive Mid
DFL-MAT-J041WE,29223,Full Back
DFL-MAT-J041WE,31955,Full Back
DFL-MAT-J041WE,9220,Goalkeeper
DFL-MAT-J041WE,30710,Attacking Mid
DFL-MAT-J041WE,39162,Defensive Mid
DFL-MAT-J041WE,12318,Forward
DFL-MAT-J041WE,4470,Attacking Mid
DFL-MAT-J041WE,48511,Center Back
DFL-MAT-J041WE,41310,Center Back
DFL-MAT-J041WE,5536,Forward
DFL-MAT-J041WE,38917,Defensive Mid
DFL-MAT-J041WE,8828,Center Back
DFL-MAT-J041WE,426536,Attacking Mid
DFL-MAT-J041WE,9133,Forward
DFL-MAT-J041WE,39100,Attacking Mid
DFL-MAT-J041WE,348086,Full Back
DFL-MAT-J041WE,9190,Winger
DFL-MAT-J041WE,433076,Winger
DFL-MAT-J041WN,3097,Defensive Mid
DFL-MAT-J041WN,8538,Center Back
DFL-MAT-J041WN,9102,Forward
DFL-MAT-J041WN,374772,Center Back
DFL-MAT-J041WN,9220,Goalkeeper
DFL-MAT-J041WN,21304,Defensive Mid
DFL-MAT-J041WN,134717,Defensive Mid
DFL-MAT-J041WN,11369,Center Back
DFL-MAT-J041WN,35242,Attacking Mid
DFL-MAT-J041WN,4470,Winger
DFL-MAT-J041WN,3493,Center Back
DFL-MAT-J041WN,30710,Winger
DFL-MAT-J041WN,147712,Defensive Mid
DFL-MAT-J041WN,12387,Full Back
DFL-MAT-J041WN,29223,Full Back
DFL-MAT-J041WN,5536,Forward
DFL-MAT-J041WN,24118,Center Back
DFL-MAT-J041WN,89986,Attacking Mid
DFL-MAT-J041WN,57443,Full Back
DFL-MAT-J041WN,17974,Goalkeeper
DFL-MAT-J041WN,348086,Full Back
DFL-MAT-J041WN,31197,Center Back
DFL-MAT-J041WN,33395,Forward
DFL-MAT-J041WN,35609,Attacking Mid
DFL-MAT-J041WN,9190,Forward
DFL-MAT-J041WN,86899,Full Back
DFL-MAT-J041WN,49665,Defensive Mid
DFL-MAT-J041WN,133160,Center Back
DFL-MAT-J041WN,396486,Central Mid
DFL-MAT-J041WN,8518,Forward
DFL-MAT-J041WN,398508,Attacking Mid
DFL-MAT-J041WT,316237,Forward
DFL-MAT-J041WT,7611,Attacking Mid
DFL-MAT-J041WT,416763,Center Back
DFL-MAT-J041WT,23351,Center Back
DFL-MAT-J041WT,31427,Full Back
DFL-MAT-J041WT,348086,Full Back
DFL-MAT-J041WT,31197,Center Back
DFL-MAT-J041WT,33395,Forward
DFL-MAT-J041WT,37005,Goalkeeper
DFL-MAT-J041WT,201900,Full Back
DFL-MAT-J041WT,284660,Defensive Mid
DFL-MAT-J041WT,147712,Defensive Mid
DFL-MAT-J041WT,50436,Attacking Mid
DFL-MAT-J041WT,11369,Center Back
DFL-MAT-J041WT,39162,Winger
DFL-MAT-J041WT,45116,Center Back
DFL-MAT-J041WT,9220,Goalkeeper
DFL-MAT-J041WT,21199,Defensive Mid
DFL-MAT-J041WT,29223,Full Back
DFL-MAT-J041WT,21304,Defensive Mid
DFL-MAT-J041WT,4470,Winger
DFL-MAT-J041WT,374772,Center Back
DFL-MAT-J041WT,390512,Attacking Mid
DFL-MAT-J041WT,23909,Forward
DFL-MAT-J041WT,30710,Winger
DFL-MAT-J041WT,18119,Defensive Mid
DFL-MAT-J041WT,433076,Full Back
DFL-MAT-J041WT,29353,Center Back
DFL-MAT-J041WT,9190,Forward
DFL-MAT-J041WT,133160,Defensive Mid
DFL-MAT-J041WT,39100,Defensive Mid
DFL-MAT-J041X5,23389,Defensive Mid
DFL-MAT-J041X5,131049,Center Back
DFL-MAT-J041X5,31197,Center Back
DFL-MAT-J041X5,8352,Center Back
DFL-MAT-J041X5,9190,Forward
DFL-MAT-J041X5,20662,Goalkeeper
DFL-MAT-J041X5,156734,Forward
DFL-MAT-J041X5,86899,Full Back
DFL-MAT-J041X5,8934,Full Back
DFL-MAT-J041X5,23614,Attacking Mid
DFL-MAT-J041X5,30710,Winger
DFL-MAT-J041X5,78766,Center Back
DFL-MAT-J041X5,374772,Center Back
DFL-MAT-J041X5,9220,Goalkeeper
DFL-MAT-J041X5,10012,Full Back
DFL-MAT-J041X5,308252,Attacking Mid
DFL-MAT-J041X5,433076,Winger
DFL-MAT-J041X5,147712,Defensive Mid
DFL-MAT-J041X5,21304,Defensive Mid
DFL-MAT-J041X5,318751,Defensive Mid
DFL-MAT-J041X5,11369,Center Back
DFL-MAT-J041X5,29223,Full Back
DFL-MAT-J041X5,33395,Forward
DFL-MAT-J041X5,131243,Forward
DFL-MAT-J041X5,28805,Full Back
DFL-MAT-J041X5,39360,Defensive Mid
DFL-MAT-J041X5,348086,Full Back
DFL-MAT-J041X5,39162,Defensive Mid
DFL-MAT-J041X5,396486,Winger
DFL-MAT-J041X5,12407,Center Back
DFL-MAT-J041X5,404317,Attacking Mid
DFL-MAT-J041X5,133160,Center Back
DFL-MAT-J041XE,8784,Attacking Mid
DFL-MAT-J041XE,23384,Center Back
DFL-MAT-J041XE,24532,Defensive Mid
DFL-MAT-J041XE,31197,Center Back
DFL-MAT-J041XE,48169,Winger
DFL-MAT-J041XE,15854,Full Back
DFL-MAT-J041XE,39162,Winger
DFL-MAT-J041XE,147712,Defensive Mid
DFL-MAT-J041XE,29497,Full Back
DFL-MAT-J041XE,30710,Forward
DFL-MAT-J041XE,21865,Defensive Mid
DFL-MAT-J041XE,4470,Winger
DFL-MAT-J041XE,374772,Center Back
DFL-MAT-J041XE,11369,Center Back
DFL-MAT-J041XE,165851,Forward
DFL-MAT-J041XE,9220,Goalkeeper
DFL-MAT-J041XE,48503,Winger
DFL-MAT-J041XE,349172,Full Back
DFL-MAT-J041XE,21304,Defensive Mid
DFL-MAT-J041XE,9726,Full Back
DFL-MAT-J041XE,407301,Center Back
DFL-MAT-J041XE,227260,Goalkeeper
DFL-MAT-J041XE,29223,Full Back
DFL-MAT-J041XE,33395,Forward
DFL-MAT-J041XE,185015,Forward
DFL-MAT-J041XE,32289,Forward
DFL-MAT-J041XE,5536,Forward
DFL-MAT-J041XE,348086,Full Back
DFL-MAT-J041XE,167880,Winger
DFL-MAT-J041XE,396486,Winger
DFL-MAT-J041XN,25368,Defensive Mid
DFL-MAT-J041XN,81330,Center Back
DFL-MAT-J041XN,396486,Winger
DFL-MAT-J041XN,8393,Goalkeeper
DFL-MAT-J041XN,20770,Center Back
DFL-MAT-J041XN,8899,Defensive Mid
DFL-MAT-J041XN,40957,Forward
DFL-MAT-J041XN,29223,Full Back
DFL-MAT-J041XN,33395,Forward
DFL-MAT-J041XN,16570,Full Back
DFL-MAT-J041XN,11369,Center Back
DFL-MAT-J041XN,9159,Winger
DFL-MAT-J041XN,49230,Full Back
DFL-MAT-J041XN,395597,Defensive Mid
DFL-MAT-J041XN,5460,Forward
DFL-MAT-J041XN,430240,Winger
DFL-MAT-J041XN,348086,Full Back
DFL-MAT-J041XN,9220,Goalkeeper
DFL-MAT-J041XN,374772,Center Back
DFL-MAT-J041XN,31197,Center Back
DFL-MAT-J041XN,39162,Winger
DFL-MAT-J041XN,21304,Defensive Mid
DFL-MAT-J041XN,30710,Winger
DFL-MAT-J041XN,158661,Forward
DFL-MAT-J041XN,279584,Defensive Mid
DFL-MAT-J041XN,39545,Winger
DFL-MAT-J041XN,5536,Forward
DFL-MAT-J041XN,28239,Forward
DFL-MAT-J041XN,8962,Winger
DFL-MAT-J041XN,9726,Full Back
DFL-MAT-J041XN,349172,Defensive Mid
DFL-MAT-J041XN,45057,Full Back
DFL-MAT-J041XW,39070,Forward
DFL-MAT-J041XW,23198,Goalkeeper
DFL-MAT-J041XW,33395,Forward
DFL-MAT-J041XW,279584,Center Back
DFL-MAT-J041XW,8238,Defensive Mid
DFL-MAT-J041XW,9220,Goalkeeper
DFL-MAT-J041XW,13294,Center Back
DFL-MAT-J041XW,147712,Defensive Mid
DFL-MAT-J041XW,396486,Winger
DFL-MAT-J041XW,152063,Center Back
DFL-MAT-J041XW,16190,Full Back
DFL-MAT-J041XW,374772,Center Back
DFL-MAT-J041XW,31197,Center Back
DFL-MAT-J041XW,291796,Attacking Mid
DFL-MAT-J041XW,296291,Full Back
DFL-MAT-J041XW,8361,Attacking Mid
DFL-MAT-J041XW,29223,Full Back
DFL-MAT-J041XW,86899,Full Back
DFL-MAT-J041XW,120833,Center Back
DFL-MAT-J041XW,30710,Winger
DFL-MAT-J041XW,21304,Defensive Mid
DFL-MAT-J041XW,143728,Defensive Mid
DFL-MAT-J041XW,254651,Defensive Mid
DFL-MAT-J041XW,9726,Full Back
DFL-MAT-J041XW,349172,Center Back
DFL-MAT-J041XW,314756,Full Back
DFL-MAT-J041XW,39162,Winger
DFL-MAT-J041XW,256938,Forward
DFL-MAT-J041XW,40707,Forward
DFL-MAT-J041XW,23658,Full Back
DFL-MAT-J041XW,39100,Winger
DFL-MAT-J041XW,348086,Full Back
DFL-MAT-J041Y0,39162,Winger
DFL-MAT-J041Y0,29223,Full Back
DFL-MAT-J041Y0,9726,Full Back
DFL-MAT-J041Y0,8931,Center Back
DFL-MAT-J041Y0,31197,Center Back
DFL-MAT-J041Y0,11282,Winger
DFL-MAT-J041Y0,279584,Center Back
DFL-MAT-J041Y0,12418,Forward
DFL-MAT-J041Y0,9220,Goalkeeper
DFL-MAT-J041Y0,374772,Center Back
DFL-MAT-J041Y0,424457,Defensive Mid
DFL-MAT-J041Y0,8808,Center Back
DFL-MAT-J041Y0,21304,Defensive Mid
DFL-MAT-J041Y0,8945,Full Back
DFL-MAT-J041Y0,382352,Forward
DFL-MAT-J041Y0,8401,Defensive Mid
DFL-MAT-J041Y0,131552,Winger
DFL-MAT-J041Y0,4470,Winger
DFL-MAT-J041Y0,11459,Full Back
DFL-MAT-J041Y0,147712,Defensive Mid
DFL-MAT-J041Y0,42229,Attacking Mid
DFL-MAT-J041Y0,48246,Goalkeeper
DFL-MAT-J041Y0,7083,Center Back
DFL-MAT-J041Y0,11369,Center Back
DFL-MAT-J041Y0,58293,Forward
DFL-MAT-J041Y0,133208,Defensive Mid
DFL-MAT-J041Y0,31310,Winger
DFL-MAT-J041Y0,133160,Center Back
DFL-MAT-J041Y0,348086,Full Back
DFL-MAT-J041Y0,433076,Forward
DFL-MAT-J041Y0,33395,Forward
DFL-MAT-J041YE,39162,Defensive Mid
DFL-MAT-J041YE,9220,Goalkeeper
DFL-MAT-J041YE,374772,Center Back
DFL-MAT-J041YE,33395,Attacking Mid
DFL-MAT-J041YE,28268,Defensive Mid
DFL-MAT-J041YE,39265,Center Back
DFL-MAT-J041YE,458750,Forward
DFL-MAT-J041YE,147712,Defensive Mid
DFL-MAT-J041YE,348086,Full Back
DFL-MAT-J041YE,444416,Full Back
DFL-MAT-J041YE,40908,Center Back
DFL-MAT-J041YE,382352,Forward
DFL-MAT-J041YE,15155,Goalkeeper
DFL-MAT-J041YE,30710,Attacking Mid
DFL-MAT-J041YE,6888,Defensive Mid
DFL-MAT-J041YE,10336,Full Back
DFL-MAT-J041YE,30606,Center Back
DFL-MAT-J041YE,4420,Attacking Mid
DFL-MAT-J041YE,279584,Center Back
DFL-MAT-J041YE,298195,Attacking Mid
DFL-MAT-J041YE,9726,Full Back
DFL-MAT-J041YE,9195,Center Back
DFL-MAT-J041YE,86899,Full Back
DFL-MAT-J041YE,407299,Attacking Mid
DFL-MAT-J041YE,4470,Attacking Mid
DFL-MAT-J041YE,39259,Attacking Mid
DFL-MAT-J041YE,11369,Center Back
DFL-MAT-J041YE,21304,Forward
DFL-MAT-J041YE,119600,Full Back
DFL-MAT-J041YE,96077,Attacking Mid
DFL-MAT-J041YN,12323,Attacking Mid
DFL-MAT-J041YN,36811,Goalkeeper
DFL-MAT-J041YN,9726,Full Back
DFL-MAT-J041YN,282273,Forward
DFL-MAT-J041YN,374772,Center Back
DFL-MAT-J041YN,9220,Goalkeeper
DFL-MAT-J041YN,48396,Defensive Mid
DFL-MAT-J041YN,11369,Center Back
DFL-MAT-J041YN,29223,Full Back
DFL-MAT-J041YN,7198,Attacking Mid
DFL-MAT-J041YN,147712,Defensive Mid
DFL-MAT-J041YN,8814,Center Back
DFL-MAT-J041YN,382352,Forward
DFL-MAT-J041YN,36830,Full Back
DFL-MAT-J041YN,4470,Winger
DFL-MAT-J041YN,7739,Center Back
DFL-MAT-J041YN,40943,Full Back
DFL-MAT-J041YN,33395,Winger
DFL-MAT-J041YN,31197,Center Back
DFL-MAT-J041YN,39162,Defensive Mid
DFL-MAT-J041YN,131554,Defensive Mid
DFL-MAT-J041YN,22324,Center Back
DFL-MAT-J041YN,348086,Center Back
DFL-MAT-J041YN,30710,Winger
DFL-MAT-J041YN,183639,Attacking Mid
DFL-MAT-J041YN,34339,Attacking Mid
DFL-MAT-J041YN,433076,Winger
DFL-MAT-J041YN,9190,Forward
DFL-MAT-J041YN,261222,Center Back
DFL-MAT-J041YN,133160,Center Back
DFL-MAT-J041YN,100436,Forward
DFL-MAT-J041YV,39162,Defensive Mid
DFL-MAT-J041YV,29223,Full Back
DFL-MAT-J041YV,374772,Center Back
DFL-MAT-J041YV,8327,Center Back
DFL-MAT-J041YV,7191,Winger
DFL-MAT-J041YV,31197,Center Back
DFL-MAT-J041YV,33395,Winger
DFL-MAT-J041YV,433076,Winger
DFL-MAT-J041YV,8904,Center Back
DFL-MAT-J041YV,9220,Goalkeeper
DFL-MAT-J041YV,147712,Defensive Mid
DFL-MAT-J041YV,11369,Center Back
DFL-MAT-J041YV,8708,Center Back
DFL-MAT-J041YV,21623,Forward
DFL-MAT-J041YV,382352,Forward
DFL-MAT-J041YV,95175,Winger
DFL-MAT-J041YV,24644,Defensive Mid
DFL-MAT-J041YV,9726,Full Back
DFL-MAT-J041YV,47728,Goalkeeper
DFL-MAT-J041YV,45117,Full Back
DFL-MAT-J041YV,16169,Defensive Mid
DFL-MAT-J041YV,404984,Full Back
DFL-MAT-J041YV,396486,Winger
DFL-MAT-J041YV,33081,Forward
DFL-MAT-J041YV,16224,Winger
DFL-MAT-J041YV,30710,Winger
DFL-MAT-J041YV,9190,Forward
DFL-MAT-J041YV,5490,Defensive Mid
DFL-MAT-J041YV,4470,Winger
DFL-MAT-J041YV,21304,Defensive Mid
DFL-MAT-J041Z5,8400,Winger
DFL-MAT-J041Z5,5570,Goalkeeper
DFL-MAT-J041Z5,10955,Forward
DFL-MAT-J041Z5,147712,Defensive Mid
DFL-MAT-J041Z5,39162,Attacking Mid
DFL-MAT-J041Z5,140589,Defensive Mid
DFL-MAT-J041Z5,29223,Central Mid
DFL-MAT-J041Z5,86899,Full Back
DFL-MAT-J041Z5,24215,Winger
DFL-MAT-J041Z5,8519,Center Back
DFL-MAT-J041Z5,49337,Full Back
DFL-MAT-J041Z5,447982,Attacking Mid
DFL-MAT-J041Z5,279584,Center Back
DFL-MAT-J041Z5,43565,Center Back
DFL-MAT-J041Z5,12365,Full Back
DFL-MAT-J041Z5,9726,Full Back
DFL-MAT-J041Z5,33395,Forward
DFL-MAT-J041Z5,5579,Defensive Mid
DFL-MAT-J041Z5,374772,Center Back
DFL-MAT-J041Z5,9220,Goalkeeper
DFL-MAT-J041Z5,31197,Center Back
DFL-MAT-J041Z5,21304,Central Mid
DFL-MAT-J041Z5,27158,Winger
DFL-MAT-J041Z5,348086,Full Back
DFL-MAT-J041Z5,8221,Center Back
DFL-MAT-J041Z5,39565,Attacking Mid
DFL-MAT-J041Z5,30710,Forward
DFL-MAT-J041Z5,39265,Center Back
DFL-MAT-J041Z5,39100,Central Mid
DFL-MAT-J041Z5,9190,Attacking Mid
DFL-MAT-J041ZD,39162,Attacking Mid
DFL-MAT-J041ZD,29223,Full Back
DFL-MAT-J041ZD,9110,Center Back
DFL-MAT-J041ZD,147712,Defensive Mid
DFL-MAT-J041ZD,74089,Forward
DFL-MAT-J041ZD,140575,Attacking Mid
DFL-MAT-J041ZD,9726,Full Back
DFL-MAT-J041ZD,195514,Attacking Mid
DFL-MAT-J041ZD,279584,Center Back
DFL-MAT-J041ZD,33395,Forward
DFL-MAT-J041ZD,10303,Center Back
DFL-MAT-J041ZD,39265,Center Back
DFL-MAT-J041ZD,9198,Defensive Mid
DFL-MAT-J041ZD,21304,Defensive Mid
DFL-MAT-J041ZD,131159,Defensive Mid
DFL-MAT-J041ZD,133141,Goalkeeper
DFL-MAT-J041ZD,374772,Center Back
DFL-MAT-J041ZD,460324,Full Back
DFL-MAT-J041ZD,48959,Full Back
DFL-MAT-J041ZD,9220,Goalkeeper
DFL-MAT-J041ZD,9186,Center Back
DFL-MAT-J041ZD,67007,Attacking Mid
DFL-MAT-J041ZD,48821,Forward
DFL-MAT-J041ZD,382352,Forward
DFL-MAT-J041ZD,11369,Center Back
DFL-MAT-J041ZD,30394,Forward
DFL-MAT-J041ZD,102372,Defensive Mid
DFL-MAT-J041ZD,8903,Winger
DFL-MAT-J041ZD,86899,Full Back
DFL-MAT-J041ZD,30710,Forward
DFL-MAT-J041ZD,31744,Defensive Mid
DFL-MAT-J041ZD,348086,Full Back
DFL-MAT-J041ZN,313937,Defensive Mid
DFL-MAT-J041ZN,18789,Center Back
DFL-MAT-J041ZN,28087,Forward
DFL-MAT-J041ZN,9220,Goalkeeper
DFL-MAT-J041ZN,11369,Center Back
DFL-MAT-J041ZN,374772,Center Back
DFL-MAT-J041ZN,408577,Winger
DFL-MAT-J041ZN,9402,Defensive Mid
DFL-MAT-J041ZN,147712,Defensive Mid
DFL-MAT-J041ZN,29223,Full Back
DFL-MAT-J041ZN,33395,Winger
DFL-MAT-J041ZN,195514,Winger
DFL-MAT-J041ZN,39162,Defensive Mid
DFL-MAT-J041ZN,152512,Center Back
DFL-MAT-J041ZN,31197,Center Back
DFL-MAT-J041ZN,47662,Full Back
DFL-MAT-J041ZN,9726,Full Back
DFL-MAT-J041ZN,6405,Center Back
DFL-MAT-J041ZN,22067,Winger
DFL-MAT-J041ZN,9164,Full Back
DFL-MAT-J041ZN,12420,Goalkeeper
DFL-MAT-J041ZN,9190,Forward
DFL-MAT-J041ZN,9209,Winger
DFL-MAT-J041ZN,404863,Winger
DFL-MAT-J041ZN,5536,Forward
DFL-MAT-J041ZN,4470,Winger
DFL-MAT-J041ZN,348086,Full Back
DFL-MAT-J041ZN,23452,Defensive Mid
DFL-MAT-J041ZN,3513,Forward
DFL-MAT-J041ZN,42822,Defensive Mid
DFL-MAT-J041ZN,86899,Full Back
DFL-MAT-J041ZN,279584,Center Back
DFL-MAT-J041ZQ,8403,Central Mid
DFL-MAT-J041ZQ,48626,Goalkeeper
DFL-MAT-J041ZQ,195514,Attacking Mid
DFL-MAT-J041ZQ,11821,Center Back
DFL-MAT-J041ZQ,9221,Forward
DFL-MAT-J041ZQ,147712,Defensive Mid
DFL-MAT-J041ZQ,8207,Center Back
DFL-MAT-J041ZQ,11369,Center Back
DFL-MAT-J041ZQ,33395,Attacking Mid
DFL-MAT-J041ZQ,9190,Forward
DFL-MAT-J041ZQ,13315,Full Back
DFL-MAT-J041ZQ,31197,Center Back
DFL-MAT-J041ZQ,13329,Forward
DFL-MAT-J041ZQ,39265,Center Back
DFL-MAT-J041ZQ,9220,Goalkeeper
DFL-MAT-J041ZQ,433712,Center Back
DFL-MAT-J041ZQ,9726,Full Back
DFL-MAT-J041ZQ,29223,Full Back
DFL-MAT-J041ZQ,95954,Defensive Mid
DFL-MAT-J041ZQ,39162,Defensive Mid
DFL-MAT-J041ZQ,8676,Full Back
DFL-MAT-J041ZQ,5623,Central Mid
DFL-MAT-J041ZQ,8375,Forward
DFL-MAT-J041ZQ,199651,Full Back
DFL-MAT-J041ZQ,5536,Forward
DFL-MAT-J041ZQ,86899,Full Back
DFL-MAT-J041ZQ,30710,Attacking Mid
DFL-MAT-J041ZQ,48244,Central Mid
DFL-MAT-J041ZQ,348086,Full Back
DFL-MAT-J041ZQ,279584,Attacking Mid
DFL-MAT-J04205,363583,Attacking Mid
DFL-MAT-J04205,8509,Center Back
DFL-MAT-J04205,382352,Forward
DFL-MAT-J04205,86899,Full Back
DFL-MAT-J04205,157495,Forward
DFL-MAT-J04205,9220,Goalkeeper
DFL-MAT-J04205,121333,Winger
DFL-MAT-J04205,24977,Defensive Mid
DFL-MAT-J04205,12034,Full Back
DFL-MAT-J04205,374772,Center Back
DFL-MAT-J04205,472259,Winger
DFL-MAT-J04205,40185,Center Back
DFL-MAT-J04205,33246,Goalkeeper
DFL-MAT-J04205,195514,Attacking Mid
DFL-MAT-J04205,31197,Center Back
DFL-MAT-J04205,39162,Defensive Mid
DFL-MAT-J04205,11369,Center Back
DFL-MAT-J04205,29223,Full Back
DFL-MAT-J04205,33395,Attacking Mid
DFL-MAT-J04205,39460,Defensive Mid
DFL-MAT-J04205,12630,Full Back
DFL-MAT-J04205,147712,Defensive Mid
DFL-MAT-J04205,39265,Center Back
DFL-MAT-J04205,5536,Forward
DFL-MAT-J04205,21304,Defensive Mid
DFL-MAT-J04205,4470,Attacking Mid
DFL-MAT-J04205,395795,Winger
DFL-MAT-J04205,153161,Central Mid
DFL-MAT-J04205,30710,Attacking Mid
DFL-MAT-J04205,8211,Winger
DFL-MAT-J04205,396311,Forward
DFL-MAT-J0420A,3043,Attacking Mid
DFL-MAT-J0420A,86899,Full Back
DFL-MAT-J0420A,186412,Full Back
DFL-MAT-J0420A,8231,Defensive Mid
DFL-MAT-J0420A,147712,Defensive Mid
DFL-MAT-J0420A,27569,Attacking Mid
DFL-MAT-J0420A,374772,Center Back
DFL-MAT-J0420A,195514,Attacking Mid
DFL-MAT-J0420A,33395,Forward
DFL-MAT-J0420A,24413,Goalkeeper
DFL-MAT-J0420A,11369,Center Back
DFL-MAT-J0420A,32587,Defensive Mid
DFL-MAT-J0420A,48500,Center Back
DFL-MAT-J0420A,201513,Center Back
DFL-MAT-J0420A,260726,Center Back
DFL-MAT-J0420A,254714,Forward
DFL-MAT-J0420A,279584,Center Back
DFL-MAT-J0420A,29223,Full Back
DFL-MAT-J0420A,9220,Goalkeeper
DFL-MAT-J0420A,21304,Defensive Mid
DFL-MAT-J0420A,4470,Attacking Mid
DFL-MAT-J0420A,408608,Full Back
DFL-MAT-J0420A,39265,Center Back
DFL-MAT-J0420A,141358,Attacking Mid
DFL-MAT-J0420A,228605,Full Back
DFL-MAT-J0420A,28914,Defensive Mid
DFL-MAT-J0420A,5536,Attacking Mid
DFL-MAT-J0420A,39162,Attacking Mid
DFL-MAT-J0420A,430540,Attacking Mid
DFL-MAT-J0420A,382352,Forward
DFL-MAT-J0420A,8235,Defensive Mid
DFL-MAT-J0420A,348086,Full Back
DFL-MAT-J0420A,29242,Substitute
DFL-MAT-J0420A,396486,Substitute
DFL-MAT-J0420N,31955,Attacking Mid
DFL-MAT-J0420N,7095,Goalkeeper
DFL-MAT-J0420N,382352,Forward
DFL-MAT-J0420N,29223,Full Back
DFL-MAT-J0420N,33395,Forward
DFL-MAT-J0420N,21304,Central Mid
DFL-MAT-J0420N,38917,Full Back
DFL-MAT-J0420N,50490,Center Back
DFL-MAT-J0420N,44857,Full Back
DFL-MAT-J0420N,39162,Central Mid
DFL-MAT-J0420N,374772,Center Back
DFL-MAT-J0420N,32309,Defensive Mid
DFL-MAT-J0420N,9220,Goalkeeper
DFL-MAT-J0420N,11369,Center Back
DFL-MAT-J0420N,39265,Center Back
DFL-MAT-J0420N,86899,Full Back
DFL-MAT-J0420N,426536,Winger
DFL-MAT-J0420N,457916,Winger
DFL-MAT-J0420N,8325,Forward
DFL-MAT-J0420N,147712,Defensive Mid
DFL-MAT-J0420N,38991,Defensive Mid
DFL-MAT-J0420N,51628,Center Back
DFL-MAT-J0420N,12318,Winger
DFL-MAT-J0420N,407299,Forward
DFL-MAT-J0420N,4470,Forward
DFL-MAT-J0420N,9133,Forward
DFL-MAT-J0420N,396486,Full Back
DFL-MAT-J0420N,41310,Full Back
DFL-MAT-J0420N,279584,Center Back
DFL-MAT-J0420N,444262,Attacking Mid
DFL-MAT-J0420N,8406,Winger
DFL-MAT-J0420N,195514,Central Mid
DFL-MAT-J0420P,39162,Winger
DFL-MAT-J0420P,29223,Full Back
DFL-MAT-J0420P,35242,Forward
DFL-MAT-J0420P,134717,Defensive Mid
DFL-MAT-J0420P,8518,Central Mid
DFL-MAT-J0420P,21304,Defensive Mid
DFL-MAT-J0420P,49665,Central Mid
DFL-MAT-J0420P,39265,Center Back
DFL-MAT-J0420P,57443,Full Back
DFL-MAT-J0420P,86899,Full Back
DFL-MAT-J0420P,24118,Center Back
DFL-MAT-J0420P,374772,Center Back
DFL-MAT-J0420P,35609,Forward
DFL-MAT-J0420P,11369,Center Back
DFL-MAT-J0420P,195514,Winger
DFL-MAT-J0420P,9220,Goalkeeper
DFL-MAT-J0420P,413994,Center Back
DFL-MAT-J0420P,12387,Full Back
DFL-MAT-J0420P,8538,Center Back
DFL-MAT-J0420P,147712,Defensive Mid
DFL-MAT-J0420P,33395,Forward
DFL-MAT-J0420P,17974,Goalkeeper
DFL-MAT-J0420P,3191,Center Back
DFL-MAT-J0420P,9102,Forward
DFL-MAT-J0420P,30088,Forward
DFL-MAT-J0420P,89986,Attacking Mid
DFL-MAT-J0420P,396486,Winger
DFL-MAT-J0420P,382352,Forward
DFL-MAT-J0420P,407299,Winger
DFL-MAT-J0420P,30710,Full Back
DFL-MAT-J0420P,4470,Full Back
DFL-MAT-J0420P,5555,Defensive Mid
DFL-MAT-J04215,39162,Central Mid
DFL-MAT-J04215,9220,Goalkeeper
DFL-MAT-J04215,201900,Attacking Mid
DFL-MAT-J04215,374772,Center Back
DFL-MAT-J04215,86899,Full Back
DFL-MAT-J04215,31427,Full Back
DFL-MAT-J04215,29353,Center Back
DFL-MAT-J04215,39265,Center Back
DFL-MAT-J04215,8309,Forward
DFL-MAT-J04215,9190,Forward
DFL-MAT-J04215,11369,Center Back
DFL-MAT-J04215,9410,Full Back
DFL-MAT-J04215,195514,Forward
DFL-MAT-J04215,29223,Full Back
DFL-MAT-J04215,284660,Defensive Mid
DFL-MAT-J04215,23351,Center Back
DFL-MAT-J04215,37005,Goalkeeper
DFL-MAT-J04215,21304,Defensive Mid
DFL-MAT-J04215,126795,Center Back
DFL-MAT-J04215,7611,Attacking Mid
DFL-MAT-J04215,50436,Defensive Mid
DFL-MAT-J04215,33395,Central Mid
DFL-MAT-J04215,30710,Forward
DFL-MAT-J04215,40982,Central Mid
DFL-MAT-J04215,348086,Full Back
DFL-MAT-J04215,21199,Defensive Mid
DFL-MAT-J04215,149579,Attacking Mid
DFL-MAT-J04219,39360,Defensive Mid
DFL-MAT-J04219,78766,Center Back
DFL-MAT-J04219,86899,Full Back
DFL-MAT-J04219,6874,Forward
DFL-MAT-J04219,131243,Attacking Mid
DFL-MAT-J04219,147712,Defensive Mid
DFL-MAT-J04219,40982,Defensive Mid
DFL-MAT-J04219,9220,Goalkeeper
DFL-MAT-J04219,33395,Winger
DFL-MAT-J04219,12407,Full Back
DFL-MAT-J04219,318751,Defensive Mid
DFL-MAT-J04219,23614,Winger
DFL-MAT-J04219,8352,Center Back
DFL-MAT-J04219,11369,Center Back
DFL-MAT-J04219,39265,Center Back
DFL-MAT-J04219,30710,Winger
DFL-MAT-J04219,39245,Full Back
DFL-MAT-J04219,396486,Full Back
DFL-MAT-J04219,279584,Center Back
DFL-MAT-J04219,28805,Winger
DFL-MAT-J04219,39162,Forward
DFL-MAT-J04219,20662,Goalkeeper
DFL-MAT-J04219,9190,Forward
DFL-MAT-J04219,407299,Winger
DFL-MAT-J04219,23389,Defensive Mid
DFL-MAT-J04219,156734,Winger
DFL-MAT-J04219,41783,Forward
DFL-MAT-J04219,348086,Full Back
DFL-MAT-J04219,31197,Center Back
DFL-MAT-J04219,10012,Full Back
DFL-MAT-J04219,405354,Attacking Mid
DFL-MAT-J0421J,253296,Forward
DFL-MAT-J0421J,407301,Center Back
DFL-MAT-J0421J,9190,Forward
DFL-MAT-J0421J,39265,Center Back
DFL-MAT-J0421J,29497,Full Back
DFL-MAT-J0421J,147712,Defensive Mid
DFL-MAT-J0421J,185015,Winger
DFL-MAT-J0421J,21865,Defensive Mid
DFL-MAT-J0421J,33395,Forward
DFL-MAT-J0421J,48503,Central Mid
DFL-MAT-J0421J,86899,Full Back
DFL-MAT-J0421J,23384,Center Back
DFL-MAT-J0421J,40982,Central Mid
DFL-MAT-J0421J,8784,Winger
DFL-MAT-J0421J,24179,Full Back
DFL-MAT-J0421J,11369,Center Back
DFL-MAT-J0421J,31197,Center Back
DFL-MAT-J0421J,24532,Central Mid
DFL-MAT-J0421J,39162,Central Mid
DFL-MAT-J0421J,227260,Goalkeeper
DFL-MAT-J0421J,9220,Goalkeeper
DFL-MAT-J0421J,29223,Full Back
DFL-MAT-J0421J,48169,Forward
DFL-MAT-J0421J,8826,Central Mid
DFL-MAT-J0421J,195514,Central Mid
DFL-MAT-J0421J,9726,Full Back
DFL-MAT-J0421J,407299,Forward
DFL-MAT-J0421J,382352,Attacking Mid
DFL-MAT-J0421J,8570,Center Back
DFL-MAT-J0421W,40957,Forward
DFL-MAT-J0421W,20770,Center Back
DFL-MAT-J0421W,8393,Goalkeeper
DFL-MAT-J0421W,9220,Goalkeeper
DFL-MAT-J0421W,9190,Forward
DFL-MAT-J0421W,395597,Defensive Mid
DFL-MAT-J0421W,25368,Defensive Mid
DFL-MAT-J0421W,81330,Center Back
DFL-MAT-J0421W,430240,Full Back
DFL-MAT-J0421W,31197,Center Back
DFL-MAT-J0421W,39162,Winger
DFL-MAT-J0421W,33395,Winger
DFL-MAT-J0421W,5460,Attacking Mid
DFL-MAT-J0421W,39265,Center Back
DFL-MAT-J0421W,40982,Defensive Mid
DFL-MAT-J0421W,158661,Attacking Mid
DFL-MAT-J0421W,9726,Full Back
DFL-MAT-J0421W,49230,Center Back
DFL-MAT-J0421W,16570,Full Back
DFL-MAT-J0421W,147712,Defensive Mid
DFL-MAT-J0421W,11369,Center Back
DFL-MAT-J0421W,86899,Full Back
DFL-MAT-J0421W,8960,Full Back
DFL-MAT-J0421W,9159,Winger
DFL-MAT-J0421W,407299,Forward
DFL-MAT-J0421W,39545,Winger
DFL-MAT-J0421W,348086,Full Back
DFL-MAT-J0421W,21304,Defensive Mid
DFL-MAT-J0421W,396377,Forward
DFL-MAT-J0421W,373743,Winger
DFL-MAT-J0421W,382352,Forward
DFL-MAT-J0421W,30710,Winger
DFL-MAT-J0421Z,143728,Defensive Mid
DFL-MAT-J0421Z,23198,Goalkeeper
DFL-MAT-J0421Z,13294,Center Back
DFL-MAT-J0421Z,3767,Center Back
DFL-MAT-J0421Z,35705,Winger
DFL-MAT-J0421Z,9726,Full Back
DFL-MAT-J0421Z,254651,Central Mid
DFL-MAT-J0421Z,296291,Full Back
DFL-MAT-J0421Z,9190,Forward
DFL-MAT-J0421Z,31197,Center Back
DFL-MAT-J0421Z,147712,Defensive Mid
DFL-MAT-J0421Z,11369,Center Back
DFL-MAT-J0421Z,9220,Goalkeeper
DFL-MAT-J0421Z,39265,Center Back
DFL-MAT-J0421Z,21304,Defensive Mid
DFL-MAT-J0421Z,256938,Central Mid
DFL-MAT-J0421Z,39162,Winger
DFL-MAT-J0421Z,17277,Forward
DFL-MAT-J0421Z,120833,Full Back
DFL-MAT-J0421Z,39070,Winger
DFL-MAT-J0421Z,40982,Full Back
DFL-MAT-J0421Z,33395,Winger
DFL-MAT-J0421Z,291796,Forward
DFL-MAT-J0421Z,16190,Full Back
DFL-MAT-J0421Z,217047,Central Mid
DFL-MAT-J0421Z,382352,Forward
DFL-MAT-J0421Z,348086,Full Back
DFL-MAT-J0421Z,374772,Full Back
DFL-MAT-J0421Z,279584,Center Back
DFL-MAT-J0421Z,5536,Defensive Mid
DFL-MAT-J0421Z,385572,Forward
DFL-MAT-J0421Z,484944,Winger
DFL-MAT-J0422E,11282,Winger
DFL-MAT-J0422E,48246,Goalkeeper
DFL-MAT-J0422E,58293,Forward
DFL-MAT-J0422E,31197,Center Back
DFL-MAT-J0422E,9220,Goalkeeper
DFL-MAT-J0422E,39265,Center Back
DFL-MAT-J0422E,12418,Attacking Mid
DFL-MAT-J0422E,11459,Full Back
DFL-MAT-J0422E,8401,Defensive Mid
DFL-MAT-J0422E,33395,Forward
DFL-MAT-J0422E,31310,Winger
DFL-MAT-J0422E,424457,Defensive Mid
DFL-MAT-J0422E,147712,Defensive Mid
DFL-MAT-J0422E,40982,Full Back
DFL-MAT-J0422E,374772,Center Back
DFL-MAT-J0422E,21304,Central Mid
DFL-MAT-J0422E,131552,Full Back
DFL-MAT-J0422E,39162,Central Mid
DFL-MAT-J0422E,407299,Forward
DFL-MAT-J0422E,415558,Center Back
DFL-MAT-J0422E,8808,Center Back
DFL-MAT-J0422E,9726,Full Back
DFL-MAT-J0422E,8939,Defensive Mid
DFL-MAT-J0422E,131560,Full Back
DFL-MAT-J0422E,30710,Forward
DFL-MAT-J0422E,396486,Full Back
DFL-MAT-J0422E,296991,Winger
DFL-MAT-J0422E,8931,Center Back
DFL-MAT-J0422E,7083,Center Back
DFL-MAT-J0422E,5536,Forward
DFL-MAT-J0422E,459273,Central Mid
DFL-MAT-J0422G,39162,Attacking Mid
DFL-MAT-J0422G,42866,Goalkeeper
DFL-MAT-J0422G,30606,Center Back
DFL-MAT-J0422G,31197,Full Back
DFL-MAT-J0422G,39265,Center Back
DFL-MAT-J0422G,374772,Center Back
DFL-MAT-J0422G,39259,Attacking Mid
DFL-MAT-J0422G,9195,Center Back
DFL-MAT-J0422G,28268,Defensive Mid
DFL-MAT-J0422G,10336,Full Back
DFL-MAT-J0422G,6888,Defensive Mid
DFL-MAT-J0422G,40908,Center Back
DFL-MAT-J0422G,444416,Full Back
DFL-MAT-J0422G,40982,Full Back
DFL-MAT-J0422G,21304,Defensive Mid
DFL-MAT-J0422G,147712,Defensive Mid
DFL-MAT-J0422G,298195,Attacking Mid
DFL-MAT-J0422G,7044,Forward
DFL-MAT-J0422G,11369,Center Back
DFL-MAT-J0422G,407299,Forward
DFL-MAT-J0422G,25000,Goalkeeper
DFL-MAT-J0422G,30710,Attacking Mid
DFL-MAT-J0422G,196651,Full Back
DFL-MAT-J0422G,195841,Winger
DFL-MAT-J0422G,29223,Full Back
DFL-MAT-J0422G,8804,Winger
DFL-MAT-J0422G,5536,Forward
DFL-MAT-J0422G,396486,Attacking Mid
DFL-MAT-J0422G,5200,Winger
DFL-MAT-J0422G,407293,Center Back
DFL-MAT-J0422G,86899,Full Back
