object_id,player_name,times_responsible,avg_deviation_cm_s,matches,is_goalkeeper
DFL-OBJ-002GC7,Luca Netz,6,334.66472041109415,2,False
DFL-OBJ-J01AZQ,Omar Haktab Traoré,4,346.8277848862058,2,False
DFL-OBJ-0028HA,Sirlord Calvin Conteh,4,334.22612341362105,2,False
DFL-OBJ-002GIC,Josip Stanišić,4,303.99773550724376,2,False
DFL-OBJ-J019XM,Andreas Schjölberg Hanche-Olsen,4,377.7212407660767,1,False
DFL-OBJ-J01K2X,Anton Kade,4,267.0543143953447,2,False
DFL-OBJ-J01IB3,Yannik Engelhardt,3,349.53515600073587,1,False
DFL-OBJ-0000NB,Danny Vieira da Costa,3,350.5492649460027,1,False
DFL-OBJ-J01QJA,Senne Maaike Lynen,3,359.69544713204186,1,False
DFL-OBJ-J0244Y,Leon Avdullahu,3,273.371110304081,2,False
DFL-OBJ-00278Q,Phillipp Mwene,3,301.5914369446962,2,False
DFL-OBJ-0001EA,Rani Khedira,3,344.9820257573876,1,False
DFL-OBJ-002GC0,Rocco Reitz,3,271.9271937134262,1,False
DFL-OBJ-002G8E,Eren Sami Dinkçi,3,389.642814244264,1,False
DFL-OBJ-J017LG,Cédric Adrian Zesiger,3,263.93041197932376,2,False
DFL-OBJ-J01860,Aleix García Serrano,3,322.91671171018885,1,False
DFL-OBJ-J01G3P,Konstantinos Koulierakis,3,426.8865226963049,2,False
DFL-OBJ-J01GQO,Danilho Raimundo Doekhi,3,283.67000176420373,1,False
DFL-OBJ-J01D4G,Franck Honorat,3,296.5592402096025,1,False
DFL-OBJ-0002FX,Christopher Trimmel,3,395.87905344789357,2,False
DFL-OBJ-J01KAL,Lukas Ullrich,3,389.13412084426255,1,False
DFL-OBJ-J01DCO,Yukinari Sugawara,2,130.60539058365038,1,False
DFL-OBJ-0000Y4,Maximilian Arnold,2,258.6033249158253,2,False
DFL-OBJ-J01EAQ,Mikkel Kaufmann Sörensen,2,390.1854828947241,1,False
DFL-OBJ-J019UO,Stanley Pierre Nsoki,2,284.08948740470726,1,False
DFL-OBJ-J01BKL,Han-Noah Massengo,2,175.4859098228668,2,False
DFL-OBJ-002FVR,Wooyeong Jeong,2,374.0027926984419,1,False
DFL-OBJ-002FW5,Amos Pieper,2,458.8591566444796,2,False
DFL-OBJ-0027FW,Oliver Jasen Burke,2,508.05298948233474,2,False
DFL-OBJ-0027BI,Niklas Bernd Dorsch,2,320.49353906962637,2,False
DFL-OBJ-0002IG,Marius Wolf,2,358.6226218427271,1,False
DFL-OBJ-0027FU,Bernardo Fernandes da Silva Junior,2,318.1812889204173,1,False
DFL-OBJ-0002DW,Janik Haberer,2,256.330570194701,1,False
DFL-OBJ-0002JT,Marnon-Thomas Busch,2,223.6117170872614,2,False
DFL-OBJ-0001K8,Patrick Mainka,2,310.5368273031298,1,False
DFL-OBJ-00012Y,Lukas Kübler,2,266.3412511401612,1,False
DFL-OBJ-00015H,Dominik Kohr,2,470.30940044255146,1,False
DFL-OBJ-J02471,Vinicius de Souza Costa,2,302.30657396146694,2,False
DFL-OBJ-J01QRR,Montrell Amare Culbreath,2,222.913104709301,1,False
DFL-OBJ-J01NP1,Abdoul Karim Coulibaly,2,324.90713503485057,1,False
DFL-OBJ-J01T26,Alexander Prass,2,329.4778118419398,2,False
DFL-OBJ-J021EE,Kaishu Sano,2,319.8790306915307,1,False
DFL-OBJ-J020YN,Marco Grüll,2,348.8468696158885,2,False
DFL-OBJ-J01N62,Badredine Bouanani,2,377.06779261398947,1,False
DFL-OBJ-J0231Z,Bazoumana Toure,2,275.45260154498925,1,False
DFL-OBJ-J01RKL,Joel Chima Fujita,2,283.6100814443203,1,False
DFL-OBJ-J0244Z,Adam Kölle,2,179.7907981712317,1,False
DFL-OBJ-0000DT,Leonardo Jesus Loureiro Bittencourt,1,309.98086635586515,1,False
DFL-OBJ-00002T,Pascal Groß,1,340.0081303559549,1,False
DFL-OBJ-002659,Tim Skarke,1,274.5211606026804,1,False
DFL-OBJ-002706,Florian Christian Neuhaus,1,347.6759583009565,1,False
DFL-OBJ-0002F5,Joshua Walter Kimmich,1,467.9257992410138,1,False
DFL-OBJ-0028NR,Marius Bülter,1,199.02389558911543,1,False
DFL-OBJ-0028CM,Bote Ridle Nzuzi Baku,1,124.63146515320672,1,False
DFL-OBJ-0028BD,Linton Maina,1,236.682255948566,1,False
DFL-OBJ-0028B6,Jan-Niklas Beste,1,402.9254571917614,1,False
DFL-OBJ-0027T1,Konrad Laimer,1,281.88582592930186,1,False
DFL-OBJ-00286V,Nikolas Terkelsen Nartey,1,290.29803187955133,1,False
DFL-OBJ-0027KL,Dayotchanculle Oswald Upamecano,1,294.9224040854476,1,False
DFL-OBJ-002651,Benedikt Steffen Gimber,1,265.8494152787641,1,False
DFL-OBJ-002666,Marcel Sabitzer,1,241.22551743747184,1,False
DFL-OBJ-00264N,Nico Elvedi,1,224.6295043523304,1,False
DFL-OBJ-0025W7,Robin Leon Koch,1,265.6859748544522,1,False
DFL-OBJ-00258B,Maximilian Eggestein,1,357.31505410853515,1,False
DFL-OBJ-00264T,Waldemar Anton,1,163.64876608898362,1,False
DFL-OBJ-0001EW,Robert Andrich,1,353.60722329200445,1,False
DFL-OBJ-0000ZS,Matthias Lukas Ginter,1,321.4788605114685,1,False
DFL-OBJ-00017V,Christian Günter,1,360.6881453892304,1,False
DFL-OBJ-J01C0A,Andreas Skov Olsen,1,514.3080976993984,1,False
DFL-OBJ-J019T5,Diogo Filipe Monteiro Pinto Leite,1,299.3419450919475,1,False
DFL-OBJ-J019JX,Kevin Diks Bakarbessy,1,231.7194238933404,1,False
DFL-OBJ-002GN3,Fisnik Asllani,1,257.8256463745612,1,False
DFL-OBJ-J0159A,Joakim Barut Mæhle Pedersen,1,304.25421438464616,1,False
DFL-OBJ-J015AU,Karol Mets,1,229.10782715674037,1,False
DFL-OBJ-J0165W,Mattias Olof Svanberg,1,410.3657660777249,1,False
DFL-OBJ-J017VJ,Arnaud Dominique Nordin,1,457.0590042003046,1,False
DFL-OBJ-002GKG,Ansgar Knauff,1,256.26484747136806,1,False
DFL-OBJ-J0133P,Vladimir Coufal,1,277.22370021283047,1,False
DFL-OBJ-002G4A,Ellyes Joris Skhiri,1,391.79690297624944,1,False
DFL-OBJ-002GAR,Edmond Fayçal Tapsoba,1,215.7095157258188,1,False
DFL-OBJ-002G8H,Exequiel Alejandro Palacios,1,192.2915540578593,1,False
DFL-OBJ-002GCQ,Angelo Stiller,1,328.6121259979938,1,False
DFL-OBJ-002GG7,Pharrell Nnamdi Collins,1,419.9047540623602,1,False
DFL-OBJ-002GHL,Julian Niehues,1,181.7410841976068,1,False
DFL-OBJ-002FWZ,Alphonso Boyle Davies,1,223.5031446009696,1,False
DFL-OBJ-002FX2,Romano Christian Schmid,1,271.164794545229,1,False
DFL-OBJ-002G56,Stefan Schimmer,1,335.90117873270134,1,False
DFL-OBJ-002G5B,Paul Nebel,1,190.1023768904164,1,False
DFL-OBJ-J01E9X,Karim David Adeyemi,1,485.3040480051311,1,False
DFL-OBJ-J01FYE,Jakub Piotr Kamiński,1,326.13008710291024,1,False
DFL-OBJ-J01FO9,Nicolas Seiwald,1,284.8136873191223,1,False
DFL-OBJ-J01FDE,Arnaud Kalimuendo Muinga,1,420.7640366879485,1,False
DFL-OBJ-J01G5D,Lorenz Assignon,1,249.75129077846103,1,False
DFL-OBJ-J01DVC,Denis Huseinbašić,1,330.6264892514893,1,False
DFL-OBJ-J01EAZ,Arijon Ibrahimović,1,245.5986819139009,1,False
DFL-OBJ-J01DOV,Castello Junior Lukeba,1,173.40059175928772,1,False
DFL-OBJ-J01D90,Wouter Burger,1,592.2329482112083,1,False
DFL-OBJ-J01DNM,Nathaniel Brown,1,160.40581680799409,1,False
DFL-OBJ-J01D1W,Julian Jeffrey Gaston Chabot,1,335.9580067677867,1,False
DFL-OBJ-J01CAD,Derrick Arthur Köhn,1,488.87317996013394,1,False
DFL-OBJ-J01N5L,Saint-Cyr Johan Bakayoko,1,313.0361868405331,1,False
DFL-OBJ-J01KUJ,Arkadiusz Pyrka,1,413.3277620125433,1,False
DFL-OBJ-J01KO9,Jarell Amorin Quansah,1,386.0048083961123,1,False
DFL-OBJ-J01KLQ,Aurèle Florian Amenda,1,345.4422260509189,1,False
DFL-OBJ-J01KEM,Nelson Felix Patrick Weiper,1,209.53175005349,1,False
DFL-OBJ-J01KK4,Antonio Eromonsele Nordby Nusa,1,289.8565462315436,1,False
DFL-OBJ-J01KAS,Aaron Zehnter,1,408.72253189644215,1,False
DFL-OBJ-J01K2F,Tom Bischof,1,362.1354669887257,1,False
DFL-OBJ-J01GSF,Ísak Bergmann Jóhannesson,1,176.93762879632382,1,False
DFL-OBJ-J01G82,Fabian Rieder,1,284.6448641937755,1,False
DFL-OBJ-J01GUA,András Schäfer,1,290.36734823147845,1,False
DFL-OBJ-J01Q2V,Budu Zivzivadze,1,355.4038433386258,1,False
DFL-OBJ-J01NZR,Saël Kumbedi Kumbedi,1,384.0337615283286,1,False
DFL-OBJ-J01ND9,Aljoscha Kemlein,1,300.4793531750052,1,False
DFL-OBJ-J01NZP,Jeanuël Merick Belocian,1,415.6598031598018,1,False
DFL-OBJ-J01NAE,Jan Bürger,1,300.0975473801535,1,False
DFL-OBJ-J01VYC,Livan Baha Burcu,1,265.6227154487991,1,False
DFL-OBJ-J01UD5,Lennart Karl,1,428.0061259191682,1,False
DFL-OBJ-J01UCR,Sebastian Söraas Sebulonsen,1,307.29329667916426,1,False
DFL-OBJ-J01TQX,Ameen Al-Dakhil,1,188.616844307064,1,False
DFL-OBJ-J01TMV,Robin Hranáč,1,338.498353096178,1,False
DFL-OBJ-J01R3Q,Carney Chibueze Chukwuemeka,1,238.78580256297755,1,False
DFL-OBJ-J02110,Albian Hajdari,1,314.33941420898225,1,False
DFL-OBJ-J0208Z,Cameron Mitchel Puertas Castro,1,175.66776460254692,1,False
DFL-OBJ-J02324,Daniel Jonathan Svensson,1,341.6749940880359,1,False
DFL-OBJ-J01XHG,Kristoffer Lund Hansen,1,497.98695145433794,1,False
DFL-OBJ-J02452,Mathias Pereira Lage,1,275.6042180444317,1,False
DFL-OBJ-J024CC,Yan Diomande,1,468.9103422744753,1,False
DFL-OBJ-J024FD,José María Andrés Baixauli,1,454.8887298289511,1,False
DFL-OBJ-J024SS,Ignacio Ezequiel Agustín Fernández Carballo,1,240.38414102001016,1,False
DFL-OBJ-J024SW,Jenson Seelt,1,239.68987674965857,1,False
DFL-OBJ-J0259D,Jonas Adjei Adjetey,1,239.42706468249747,1,False
