match_id,team,frame,object_id,jersey,player_name,velocity_y_cm_s,deviation_from_team_mean_cm_s,team_n_fwd,team_n_bwd,responsible_reason
DFL-MAT-J041UB,0,11671,DFL-OBJ-J01KAL,26,Lukas Ullrich,-195.59102733015405,368.67072762181044,9,1,velocity_outlier_against_majority
DFL-MAT-J041UB,0,11881,DFL-OBJ-J01KAL,26,Lukas Ullrich,-451.16064491063827,413.4676939405155,6,4,velocity_outlier_against_majority
DFL-MAT-J041UB,0,28605,DFL-OBJ-J01KAL,26,Lukas Ullrich,-368.6227801988634,385.2639409704617,6,4,velocity_outlier_against_majority
DFL-MAT-J041UB,0,28726,DFL-OBJ-002GC0,27,Rocco Reitz,206.66680742768045,193.82404451426262,5,5,velocity_outlier_same_direction
DFL-MAT-J041UB,0,124063,DFL-OBJ-002GC0,27,Rocco Reitz,572.445046901574,456.17581190950983,7,3,velocity_outlier_same_direction
DFL-MAT-J041UB,0,132540,DFL-OBJ-00264N,30,Nico Elvedi,346.31991599382883,224.62950435233037,8,2,velocity_outlier_same_direction
DFL-MAT-J041UB,0,144131,DFL-OBJ-002GC0,27,Rocco Reitz,-209.75894676981414,165.78172471650623,3,7,velocity_outlier_same_direction
DFL-MAT-J041UB,0,150665,DFL-OBJ-J019JX,4,Kevin Diks Bakarbessy,-517.1990107316224,231.71942389334038,0,10,velocity_outlier_same_direction
DFL-MAT-J041UB,0,150777,DFL-OBJ-002GC7,20,Luca Netz,393.5603104624803,414.3379502944688,4,6,velocity_outlier_against_majority
DFL-MAT-J041UB,0,152153,DFL-OBJ-002GC7,20,Luca Netz,321.72937569676344,421.56156886591305,2,8,velocity_outlier_against_majority
DFL-MAT-J041UB,1,47606,DFL-OBJ-J02270,29,Emir Sahiti,202.5498434737608,201.73270750988394,4,6,velocity_outlier_against_majority
DFL-MAT-J041UB,1,50828,DFL-OBJ-J01IZ9,21,Nicolai Remberg,338.9763296285006,231.10580442102065,6,4,velocity_outlier_same_direction
DFL-MAT-J041UB,1,60385,DFL-OBJ-J01H5G,24,Nicolas Capaldo Taboas,-458.33053218922987,443.70843327365094,5,5,velocity_outlier_same_direction
DFL-MAT-J041UB,1,129467,DFL-OBJ-J02270,29,Emir Sahiti,239.67194238933212,267.75168068646275,4,6,velocity_outlier_against_majority
DFL-MAT-J041UB,1,129952,DFL-OBJ-J02322,38,Alexander Rössing-Lelesiit,-271.15067903111117,207.4953844464693,4,6,velocity_outlier_same_direction
DFL-MAT-J041UB,1,131743,DFL-OBJ-J01VXC,16,Giorgi Gocholeishvili,-202.13617501661395,227.3592403972847,8,2,velocity_outlier_against_majority
DFL-MAT-J041UB,1,131846,DFL-OBJ-J02322,38,Alexander Rössing-Lelesiit,-194.51807652894635,423.5023450784301,9,1,velocity_outlier_against_majority
DFL-MAT-J041UB,1,136794,DFL-OBJ-J01W6J,14,Rayan Philippe,126.8593121853956,147.33174554913472,5,5,velocity_outlier_same_direction
DFL-MAT-J041UB,1,137189,DFL-OBJ-J01HP7,28,Miro Max Maria Muheim,-288.4044598718483,254.1023065099135,4,6,velocity_outlier_same_direction
DFL-MAT-J041UB,1,141124,DFL-OBJ-J01VXC,16,Giorgi Gocholeishvili,39.89330315417118,195.12891034086374,2,8,velocity_outlier_against_majority
DFL-MAT-J041UB,1,152235,DFL-OBJ-J01H5G,24,Nicolas Capaldo Taboas,-413.80105401844474,317.8917378917379,3,7,velocity_outlier_same_direction
DFL-MAT-J041UB,1,169715,DFL-OBJ-J01HP7,28,Miro Max Maria Muheim,-309.9377414051269,287.32917947591454,5,5,velocity_outlier_same_direction
DFL-MAT-J041UN,0,76717,DFL-OBJ-J01VXC,16,Giorgi Gocholeishvili,-249.68959382002353,415.8896180309167,8,2,velocity_outlier_against_majority
DFL-MAT-J041UN,0,116397,DFL-OBJ-J01HP7,28,Miro Max Maria Muheim,-326.8033174554878,388.44395178090514,8,2,velocity_outlier_against_majority
DFL-MAT-J041UN,0,116502,DFL-OBJ-J01HP7,28,Miro Max Maria Muheim,366.9011745098714,285.83185393511576,9,1,velocity_outlier_same_direction
DFL-MAT-J041UN,0,116562,DFL-OBJ-J01VXC,16,Giorgi Gocholeishvili,150.69841390493423,131.15959764872605,6,4,velocity_outlier_same_direction
DFL-MAT-J041UN,0,121093,DFL-OBJ-J01G5F,17,Warmed Omari,295.9566681305788,222.82665140817258,8,2,velocity_outlier_same_direction
DFL-MAT-J041UN,0,141878,DFL-OBJ-J01G5F,17,Warmed Omari,-95.53338569643404,170.41989150141518,9,1,velocity_outlier_against_majority
DFL-MAT-J041UN,0,144802,DFL-OBJ-J01HP7,28,Miro Max Maria Muheim,429.3739935587794,265.058704379359,9,1,velocity_outlier_same_direction
DFL-MAT-J041UN,0,148779,DFL-OBJ-J01W6J,14,Rayan Philippe,-392.84109208022414,361.82002109538337,5,4,velocity_outlier_against_majority
DFL-MAT-J041UN,0,163561,DFL-OBJ-J017PC,7,Jean-Luc Mamadou Diarra Dompé,16.745858811078193,182.03540108129226,9,0,velocity_outlier_same_direction
DFL-MAT-J041UN,0,178390,DFL-OBJ-J01HP7,28,Miro Max Maria Muheim,-34.45221445221335,178.170128761914,8,1,velocity_outlier_against_majority
DFL-MAT-J041UN,1,31140,DFL-OBJ-J01RKL,16,Joel Chima Fujita,234.65120829250708,197.47503181198613,6,4,velocity_outlier_same_direction
DFL-MAT-J041UN,1,118814,DFL-OBJ-J01RKL,16,Joel Chima Fujita,-561.079876242923,369.7451310766545,2,8,velocity_outlier_same_direction
DFL-MAT-J041UN,1,134500,DFL-OBJ-J02452,28,Mathias Pereira Lage,174.4698236546019,275.6042180444317,3,7,velocity_outlier_against_majority
DFL-MAT-J041UO,0,36224,DFL-OBJ-0027T1,27,Konrad Laimer,-213.19545792371744,281.88582592930186,7,3,velocity_outlier_against_majority
DFL-MAT-J041UO,0,50154,DFL-OBJ-002GIC,44,Josip Stanišić,284.5468903077591,341.96387790952775,4,6,velocity_outlier_against_majority
DFL-MAT-J041UO,0,139491,DFL-OBJ-J01K2F,20,Tom Bischof,364.8403629381864,362.1354669887257,3,7,velocity_outlier_against_majority
DFL-MAT-J041UO,0,154416,DFL-OBJ-0002F5,6,Joshua Walter Kimmich,570.1084141301492,467.9257992410138,6,4,velocity_outlier_same_direction
DFL-MAT-J041UO,1,28577,DFL-OBJ-J01HP7,28,Miro Max Maria Muheim,-462.01589473328517,386.23209942231756,3,7,velocity_outlier_same_direction
DFL-MAT-J041UO,1,152853,DFL-OBJ-J01HP7,28,Miro Max Maria Muheim,218.2420779703357,295.7651036564055,3,7,velocity_outlier_against_majority
DFL-MAT-J041UO,1,167548,DFL-OBJ-J01HP7,28,Miro Max Maria Muheim,78.26673929934393,211.48978919630733,1,9,velocity_outlier_against_majority
DFL-MAT-J041UO,1,167563,DFL-OBJ-J01HP7,28,Miro Max Maria Muheim,310.35619573662586,378.33090239068144,2,8,velocity_outlier_against_majority
DFL-MAT-J041V5,0,27332,DFL-OBJ-J01VXC,16,Giorgi Gocholeishvili,-336.52019075931605,242.1399094062112,3,7,velocity_outlier_same_direction
DFL-MAT-J041V5,0,36863,DFL-OBJ-J01HP7,28,Miro Max Maria Muheim,290.33684109770996,387.47754298840937,4,6,velocity_outlier_against_majority
DFL-MAT-J041V5,0,113444,DFL-OBJ-J01VXC,16,Giorgi Gocholeishvili,544.1866265779278,451.58707616859544,8,2,velocity_outlier_same_direction
DFL-MAT-J041V5,0,134686,DFL-OBJ-J01VXC,16,Giorgi Gocholeishvili,-38.25927896580674,197.46600762361118,0,10,velocity_outlier_same_direction
DFL-MAT-J041V5,0,158335,DFL-OBJ-J01G5F,17,Warmed Omari,142.83591207504122,186.25478446674046,3,7,velocity_outlier_against_majority
DFL-MAT-J041V5,0,162064,DFL-OBJ-J020IH,44,Luka Vušković,249.10163507990194,270.52648981453706,3,7,velocity_outlier_against_majority
DFL-MAT-J041V5,0,171641,DFL-OBJ-J020IH,44,Luka Vušković,-218.4556968796101,218.2167072058371,4,6,velocity_outlier_same_direction
DFL-MAT-J041V5,0,180645,DFL-OBJ-J01HP7,28,Miro Max Maria Muheim,-215.42352172786912,375.9259146650441,9,1,velocity_outlier_against_majority
DFL-MAT-J041V5,1,38492,DFL-OBJ-J01EAZ,22,Arijon Ibrahimović,-269.762859925906,245.5986819139009,5,5,velocity_outlier_same_direction
DFL-MAT-J041V5,1,38770,DFL-OBJ-0028HA,31,Sirlord Calvin Conteh,549.6303193585762,461.8597049086161,5,5,velocity_outlier_same_direction
DFL-MAT-J041V5,1,52193,DFL-OBJ-J01EAQ,29,Mikkel Kaufmann Sörensen,-501.0896450570411,329.420485512879,1,9,velocity_outlier_same_direction
DFL-MAT-J041V5,1,52944,DFL-OBJ-J01AZQ,23,Omar Haktab Traoré,302.5800648626656,329.1439773994059,3,7,velocity_outlier_against_majority
DFL-MAT-J041V5,1,104322,DFL-OBJ-J01EAQ,29,Mikkel Kaufmann Sörensen,-567.002339447996,450.9504802765692,3,7,velocity_outlier_same_direction
DFL-MAT-J041V5,1,109877,DFL-OBJ-J01AZQ,23,Omar Haktab Traoré,-344.0363501232998,312.8299001722865,6,4,velocity_outlier_against_majority
DFL-MAT-J041V5,1,122993,DFL-OBJ-0027BI,30,Niklas Bernd Dorsch,331.028794072271,258.28549429636325,6,4,velocity_outlier_same_direction
DFL-MAT-J041V5,1,172787,DFL-OBJ-J0244Z,28,Adam Kölle,-32.71905228426695,136.73035539339722,9,1,velocity_outlier_against_majority
DFL-MAT-J041V5,1,173295,DFL-OBJ-J0244Z,28,Adam Kölle,-220.69189667015598,222.8512409490662,5,5,velocity_outlier_same_direction
DFL-MAT-J041V5,1,180860,DFL-OBJ-0002JT,2,Marnon-Thomas Busch,359.8874052678442,223.407335619295,9,1,velocity_outlier_same_direction
DFL-MAT-J041VB,0,29172,DFL-OBJ-J01GQO,5,Danilho Raimundo Doekhi,443.4763887481265,319.16328136436687,7,3,velocity_outlier_same_direction
DFL-MAT-J041VB,0,36727,DFL-OBJ-J01GQO,5,Danilho Raimundo Doekhi,395.44857718770646,226.1618357487917,9,1,velocity_outlier_same_direction
DFL-MAT-J041VB,0,37024,DFL-OBJ-0002DW,19,Janik Haberer,414.39705021227223,250.68367059671726,9,1,velocity_outlier_same_direction
DFL-MAT-J041VB,0,68134,DFL-OBJ-0002FX,28,Christopher Trimmel,-617.0760137608013,381.5685182369997,0,10,velocity_outlier_same_direction
DFL-MAT-J041VB,0,76525,DFL-OBJ-J019T5,4,Diogo Filipe Monteiro Pinto Leite,399.0803660912393,299.3419450919475,6,4,velocity_outlier_same_direction
DFL-MAT-J041VB,0,106752,DFL-OBJ-0001EA,8,Rani Khedira,-445.831855342726,477.1599974099966,7,3,velocity_outlier_against_majority
DFL-MAT-J041VB,0,109561,DFL-OBJ-0027FW,7,Oliver Jasen Burke,-413.10293571162674,408.6564572705841,6,4,velocity_outlier_against_majority
DFL-MAT-J041VB,0,111914,DFL-OBJ-0002DW,19,Janik Haberer,393.80973897277727,261.9774697926847,7,3,velocity_outlier_same_direction
DFL-MAT-J041VB,0,112282,DFL-OBJ-0001EA,8,Rani Khedira,-273.67781775390625,234.0142703512267,4,6,velocity_outlier_same_direction
DFL-MAT-J041VB,0,125535,DFL-OBJ-002659,21,Tim Skarke,-355.74905971644876,274.52116060268037,2,8,velocity_outlier_same_direction
DFL-MAT-J041VB,0,172208,DFL-OBJ-J01GQO,5,Danilho Raimundo Doekhi,-452.2350596263619,305.6848881794525,2,8,velocity_outlier_same_direction
DFL-MAT-J041VB,0,177094,DFL-OBJ-0001EA,8,Rani Khedira,-371.9622788644507,323.77180951093953,5,5,velocity_outlier_same_direction
DFL-MAT-J041VB,1,21912,DFL-OBJ-J01G5F,17,Warmed Omari,325.6495557582566,352.1623002601294,3,7,velocity_outlier_against_majority
DFL-MAT-J041VB,1,22024,DFL-OBJ-J01HP7,28,Miro Max Maria Muheim,324.44901917728043,373.71745464680055,3,7,velocity_outlier_against_majority
DFL-MAT-J041VN,0,21255,DFL-OBJ-J01OYX,8,Daniel Elfadli,123.87080109905781,135.05254467754304,2,8,velocity_outlier_against_majority
DFL-MAT-J041VN,0,26133,DFL-OBJ-J01HP7,28,Miro Max Maria Muheim,202.45326734457095,313.6324068443615,3,7,velocity_outlier_against_majority
DFL-MAT-J041VN,0,53821,DFL-OBJ-J01VXC,16,Giorgi Gocholeishvili,-155.93708827404419,342.4353498755643,9,1,velocity_outlier_against_majority
DFL-MAT-J041VN,0,62542,DFL-OBJ-J01H5G,24,Nicolas Capaldo Taboas,-330.46697465175663,309.73748071573937,6,4,velocity_outlier_against_majority
DFL-MAT-J041VN,0,65318,DFL-OBJ-J01HP7,28,Miro Max Maria Muheim,349.56492179318144,381.6902553967743,4,6,velocity_outlier_against_majority
DFL-MAT-J041VN,0,77711,DFL-OBJ-J01A3I,6,Albert-Mboyo Sambi Lokonga,281.7322049930791,258.6877540736264,7,3,velocity_outlier_same_direction
DFL-MAT-J041VN,0,126521,DFL-OBJ-0001QT,23,Jonas Meffert,129.31628154454543,173.88999808564995,3,7,velocity_outlier_against_majority
DFL-MAT-J041VN,1,23528,DFL-OBJ-0000NB,21,Danny Vieira da Costa,184.42176784568073,272.12339391687044,1,9,velocity_outlier_against_majority
DFL-MAT-J041VN,1,32937,DFL-OBJ-00278Q,2,Phillipp Mwene,-362.8821520669293,192.66905960383946,0,10,velocity_outlier_same_direction
DFL-MAT-J041VN,1,34110,DFL-OBJ-0000NB,21,Danny Vieira da Costa,627.5132174588675,531.4066515207811,6,4,velocity_outlier_same_direction
DFL-MAT-J041VN,1,63765,DFL-OBJ-J017VJ,9,Arnaud Dominique Nordin,408.1187150208841,457.0590042003046,3,7,velocity_outlier_against_majority
DFL-MAT-J041VN,1,104930,DFL-OBJ-0000NB,21,Danny Vieira da Costa,-273.2505095548569,248.11774940035662,4,6,velocity_outlier_same_direction
DFL-MAT-J041VN,1,104994,DFL-OBJ-J019XM,25,Andreas Schjölberg Hanche-Olsen,473.0982765221881,376.5070521266166,6,4,velocity_outlier_same_direction
DFL-MAT-J041VN,1,108029,DFL-OBJ-J019XM,25,Andreas Schjölberg Hanche-Olsen,653.1660529486583,496.21925638773286,7,3,velocity_outlier_same_direction
DFL-MAT-J041VN,1,111722,DFL-OBJ-002G5B,8,Paul Nebel,-21.564361564360397,190.1023768904164,9,1,velocity_outlier_against_majority
DFL-MAT-J041VN,1,111766,DFL-OBJ-00015H,31,Dominik Kohr,617.8311825050928,478.05856221073515,7,3,velocity_outlier_same_direction
DFL-MAT-J041VN,1,111772,DFL-OBJ-00015H,31,Dominik Kohr,590.4336705967111,462.5602386743678,7,3,velocity_outlier_same_direction
DFL-MAT-J041VN,1,159394,DFL-OBJ-J019XM,25,Andreas Schjölberg Hanche-Olsen,400.37174982826843,302.20832911050195,8,2,velocity_outlier_same_direction
DFL-MAT-J041VN,1,159405,DFL-OBJ-J019XM,25,Andreas Schjölberg Hanche-Olsen,438.05737137258615,335.95032543945536,8,2,velocity_outlier_same_direction
DFL-MAT-J041VN,1,170036,DFL-OBJ-J01KEM,44,Nelson Felix Patrick Weiper,296.4022471087675,209.53175005349001,8,2,velocity_outlier_same_direction
DFL-MAT-J041VR,0,103978,DFL-OBJ-J01N5L,9,Saint-Cyr Johan Bakayoko,381.25022521761264,313.0361868405331,7,3,velocity_outlier_same_direction
DFL-MAT-J041VR,0,147629,DFL-OBJ-J01KK4,7,Antonio Eromonsele Nordby Nusa,-143.92589495849847,289.8565462315436,8,2,velocity_outlier_against_majority
DFL-MAT-J041VR,0,152059,DFL-OBJ-J024CC,49,Yan Diomande,711.4729372881573,468.9103422744753,9,1,velocity_outlier_same_direction
DFL-MAT-J041VR,0,160401,DFL-OBJ-J01FO9,13,Nicolas Seiwald,324.8271454793182,284.8136873191223,6,4,velocity_outlier_same_direction
DFL-MAT-J041VR,0,160681,DFL-OBJ-0028CM,17,Bote Ridle Nzuzi Baku,-212.38456189543496,124.63146515320673,1,9,velocity_outlier_same_direction
DFL-MAT-J041VR,1,26253,DFL-OBJ-J01N5U,2,William Mikelbrencis,241.95158102766328,293.4165723567847,3,7,velocity_outlier_against_majority
DFL-MAT-J041VR,1,38067,DFL-OBJ-J01N5U,2,William Mikelbrencis,212.25624415841293,299.0148052430621,1,9,velocity_outlier_against_majority
DFL-MAT-J041VR,1,46540,DFL-OBJ-J020IH,44,Luka Vušković,429.83764625069205,464.2818457709764,4,6,velocity_outlier_against_majority
DFL-MAT-J041VR,1,55371,DFL-OBJ-J01H5G,24,Nicolas Capaldo Taboas,355.6902497663363,348.94726529508966,4,6,velocity_outlier_against_majority
DFL-MAT-J041VR,1,76767,DFL-OBJ-J01OYX,8,Daniel Elfadli,-485.8556158012653,451.8617684650276,5,5,velocity_outlier_same_direction
DFL-MAT-J041VR,1,144001,DFL-OBJ-J01HP7,28,Miro Max Maria Muheim,334.9531406596585,144.75818243752818,10,0,velocity_outlier_same_direction
DFL-MAT-J041VR,1,154824,DFL-OBJ-J01H5G,24,Nicolas Capaldo Taboas,-550.8079400470644,352.5545026631953,1,9,velocity_outlier_same_direction
DFL-MAT-J041W5,0,31692,DFL-OBJ-J01OYX,8,Daniel Elfadli,291.6620356294259,236.9422429422422,7,3,velocity_outlier_same_direction
DFL-MAT-J041W5,0,56708,DFL-OBJ-J01H5G,24,Nicolas Capaldo Taboas,-377.06266961701783,447.730489116356,6,4,velocity_outlier_against_majority
DFL-MAT-J041W5,0,103211,DFL-OBJ-J01W6J,14,Rayan Philippe,-277.7496959562227,243.2300457191794,4,6,velocity_outlier_same_direction
DFL-MAT-J041W5,0,106746,DFL-OBJ-J01HP7,28,Miro Max Maria Muheim,400.7934979674114,300.80323018366335,6,4,velocity_outlier_same_direction
DFL-MAT-J041W5,1,30323,DFL-OBJ-J02471,5,Vinicius de Souza Costa,327.753651340613,224.42496593583724,8,2,velocity_outlier_same_direction
DFL-MAT-J041W5,1,130866,DFL-OBJ-J01KAS,25,Aaron Zehnter,355.6014858732218,408.72253189644215,4,6,velocity_outlier_against_majority
DFL-MAT-J041W5,1,133967,DFL-OBJ-0000Y4,27,Maximilian Arnold,206.99098003445712,265.9917133993221,3,7,velocity_outlier_against_majority
DFL-MAT-J041W5,1,142392,DFL-OBJ-J01NZR,26,Saël Kumbedi Kumbedi,-508.3787991396706,384.0337615283286,3,7,velocity_outlier_same_direction
DFL-MAT-J041W5,1,161018,DFL-OBJ-J01C0A,7,Andreas Skov Olsen,-576.5363923516052,514.3080976993984,6,4,velocity_outlier_against_majority
DFL-MAT-J041W5,1,162184,DFL-OBJ-J0159A,21,Joakim Barut Mæhle Pedersen,-162.43974021147676,304.25421438464616,8,2,velocity_outlier_against_majority
DFL-MAT-J041W5,1,165195,DFL-OBJ-J024SW,14,Jenson Seelt,-299.3360725425937,239.68987674965857,4,6,velocity_outlier_same_direction
DFL-MAT-J041W5,1,173525,DFL-OBJ-J01G3P,4,Konstantinos Koulierakis,228.78127709649382,374.83415537763256,2,8,velocity_outlier_against_majority
DFL-MAT-J041W5,1,175216,DFL-OBJ-J0165W,32,Mattias Olof Svanberg,507.88201130592876,410.3657660777249,10,0,velocity_outlier_same_direction
DFL-MAT-J041WE,0,58068,DFL-OBJ-J01GSF,18,Ísak Bergmann Jóhannesson,33.06440942310314,176.93762879632382,2,8,velocity_outlier_against_majority
DFL-MAT-J041WE,0,59622,DFL-OBJ-J01FYE,16,Jakub Piotr Kamiński,177.95278594191385,326.13008710291024,1,9,velocity_outlier_against_majority
DFL-MAT-J041WE,0,118280,DFL-OBJ-J01DVC,8,Denis Huseinbašić,379.3259377498491,330.6264892514893,5,5,velocity_outlier_same_direction
DFL-MAT-J041WE,0,145199,DFL-OBJ-0028NR,30,Marius Bülter,312.3322551039989,199.02389558911543,8,2,velocity_outlier_same_direction
DFL-MAT-J041WE,1,45960,DFL-OBJ-J01IZ9,21,Nicolai Remberg,-304.57957501435686,314.70916523090347,7,3,velocity_outlier_against_majority
DFL-MAT-J041WE,1,62239,DFL-OBJ-J020IH,44,Luka Vušković,410.249597423511,234.19017234778187,9,1,velocity_outlier_same_direction
DFL-MAT-J041WE,1,72141,DFL-OBJ-J01FRO,20,Fábio Daniel Ferreira Vieira,331.89167314167184,340.5416202155328,4,6,velocity_outlier_against_majority
DFL-MAT-J041WE,1,78017,DFL-OBJ-J01W6J,14,Rayan Philippe,-403.71955339346835,435.70537031406633,8,2,velocity_outlier_against_majority
DFL-MAT-J041WE,1,81822,DFL-OBJ-J017PC,7,Jean-Luc Mamadou Diarra Dompé,-427.05665912187766,232.68191389930615,0,10,velocity_outlier_same_direction
DFL-MAT-J041WE,1,160331,DFL-OBJ-J01VXC,16,Giorgi Gocholeishvili,168.59306554958394,208.72701372701107,3,5,velocity_outlier_against_majority
DFL-MAT-J041WE,1,160332,DFL-OBJ-J01VXC,16,Giorgi Gocholeishvili,170.51386214429257,210.51577825354647,3,5,velocity_outlier_against_majority
DFL-MAT-J041WE,1,172826,DFL-OBJ-J01OYX,8,Daniel Elfadli,-243.39567638480548,245.75104796572163,5,3,velocity_outlier_against_majority
DFL-MAT-J041WE,1,176062,DFL-OBJ-J01VXC,16,Giorgi Gocholeishvili,491.42483925092245,392.5550234789339,5,3,velocity_outlier_same_direction
DFL-MAT-J041WN,0,41753,DFL-OBJ-J01HP7,28,Miro Max Maria Muheim,-422.033827686001,335.8143953470036,3,7,velocity_outlier_same_direction
DFL-MAT-J041WN,0,46986,DFL-OBJ-J01VXC,16,Giorgi Gocholeishvili,-191.79261961870225,244.79290395594373,7,3,velocity_outlier_against_majority
DFL-MAT-J041WN,0,62144,DFL-OBJ-0027JU,25,Jordan Torunarigha,-537.2503181198848,395.1434382847451,1,9,velocity_outlier_same_direction
DFL-MAT-J041WN,0,62338,DFL-OBJ-0027JU,25,Jordan Torunarigha,167.26271916489083,244.18259377498305,3,7,velocity_outlier_against_majority
DFL-MAT-J041WN,0,117259,DFL-OBJ-J01IZ9,21,Nicolai Remberg,-222.1048275396072,229.4926522752594,5,5,velocity_outlier_same_direction
DFL-MAT-J041WN,0,119687,DFL-OBJ-J01H5G,24,Nicolas Capaldo Taboas,551.6135012330637,510.02940919788574,5,5,velocity_outlier_same_direction
DFL-MAT-J041WN,1,39543,DFL-OBJ-J01R3Q,17,Carney Chibueze Chukwuemeka,16.822615790010246,238.78580256297755,1,9,velocity_outlier_against_majority
DFL-MAT-J041WN,1,54199,DFL-OBJ-00002T,13,Pascal Groß,319.7821301082154,340.0081303559549,4,6,velocity_outlier_against_majority
DFL-MAT-J041WN,1,143657,DFL-OBJ-J01E9X,27,Karim David Adeyemi,487.1872431111508,485.3040480051311,4,6,velocity_outlier_against_majority
DFL-MAT-J041WN,1,177008,DFL-OBJ-00264T,3,Waldemar Anton,-135.72097789488953,163.64876608898362,7,3,velocity_outlier_against_majority
DFL-MAT-J041WN,1,179638,DFL-OBJ-002666,20,Marcel Sabitzer,-133.14548776505086,241.22551743747186,7,3,velocity_outlier_against_majority
DFL-MAT-J041WT,0,76901,DFL-OBJ-J01BKL,4,Han-Noah Massengo,-217.52290181638477,199.45278312669902,7,3,velocity_outlier_against_majority
DFL-MAT-J041WT,0,140667,DFL-OBJ-J01K2X,30,Anton Kade,218.45340247513948,258.15511018771394,4,6,velocity_outlier_against_majority
DFL-MAT-J041WT,0,143533,DFL-OBJ-J01K2X,30,Anton Kade,260.5543872391639,262.383980552454,4,6,velocity_outlier_against_majority
DFL-MAT-J041WT,0,167815,DFL-OBJ-J017LG,16,Cédric Adrian Zesiger,-310.5227300879451,329.02738364694767,6,3,velocity_outlier_against_majority
DFL-MAT-J041WT,1,18747,DFL-OBJ-J01H5G,24,Nicolas Capaldo Taboas,250.32185005010675,190.60383235926466,9,1,velocity_outlier_same_direction
DFL-MAT-J041WT,1,38633,DFL-OBJ-J01VXC,16,Giorgi Gocholeishvili,225.48623075796883,169.5874731146443,7,3,velocity_outlier_same_direction
DFL-MAT-J041WT,1,44099,DFL-OBJ-J01VXC,16,Giorgi Gocholeishvili,-319.0690489060085,230.21376811594436,2,8,velocity_outlier_same_direction
DFL-MAT-J041WT,1,45641,DFL-OBJ-J01VXC,16,Giorgi Gocholeishvili,250.89067936893935,209.73726394378275,6,4,velocity_outlier_same_direction
DFL-MAT-J041WT,1,65000,DFL-OBJ-J01HP7,28,Miro Max Maria Muheim,-422.8733545037852,323.17520241433147,2,8,velocity_outlier_same_direction
DFL-MAT-J041WT,1,119802,DFL-OBJ-J01HP7,28,Miro Max Maria Muheim,348.8299381777584,295.0010669684552,5,5,velocity_outlier_same_direction
DFL-MAT-J041WT,1,148165,DFL-OBJ-J01H5G,24,Nicolas Capaldo Taboas,-417.37662297444786,352.72768374942245,5,5,velocity_outlier_same_direction
DFL-MAT-J041WT,1,152442,DFL-OBJ-J01IZ9,21,Nicolai Remberg,187.61732430210907,277.6270114748364,3,7,velocity_outlier_against_majority
DFL-MAT-J041X5,0,17435,DFL-OBJ-J01HP7,28,Miro Max Maria Muheim,317.2808351069146,306.36952721191403,5,5,velocity_outlier_same_direction
DFL-MAT-J041X5,0,17505,DFL-OBJ-0027JU,25,Jordan Torunarigha,532.5762924675932,466.66572075267584,5,5,velocity_outlier_same_direction
DFL-MAT-J041X5,0,26790,DFL-OBJ-J01HP7,28,Miro Max Maria Muheim,292.3640811684272,333.15760447281843,4,6,velocity_outlier_against_majority
DFL-MAT-J041X5,0,26815,DFL-OBJ-J01HP7,28,Miro Max Maria Muheim,177.84282344064857,112.97425199598825,7,3,velocity_outlier_same_direction
DFL-MAT-J041X5,0,38561,DFL-OBJ-J01H5G,24,Nicolas Capaldo Taboas,-632.9740549305759,398.88871153001594,1,9,velocity_outlier_same_direction
DFL-MAT-J041X5,0,39142,DFL-OBJ-J01IZ9,21,Nicolai Remberg,274.3111578437687,272.626922795401,5,5,velocity_outlier_same_direction
DFL-MAT-J041X5,0,112641,DFL-OBJ-J01IZ9,21,Nicolai Remberg,321.2094749051288,384.75675652849554,3,7,velocity_outlier_against_majority
DFL-MAT-J041X5,0,116974,DFL-OBJ-0027JU,25,Jordan Torunarigha,-70.15459781764025,77.69954280823772,6,4,velocity_outlier_against_majority
DFL-MAT-J041X5,1,35043,DFL-OBJ-00286V,28,Nikolas Terkelsen Nartey,-425.796453948628,290.29803187955133,1,9,velocity_outlier_same_direction
DFL-MAT-J041X5,1,46342,DFL-OBJ-J01TQX,2,Ameen Al-Dakhil,-278.8731236557343,188.616844307064,2,8,velocity_outlier_same_direction
DFL-MAT-J041X5,1,100413,DFL-OBJ-J01N62,27,Badredine Bouanani,689.5712701147487,417.793112282244,9,1,velocity_outlier_same_direction
DFL-MAT-J041X5,1,100431,DFL-OBJ-J01N62,27,Badredine Bouanani,593.981833384008,336.342472945735,10,0,velocity_outlier_same_direction
DFL-MAT-J041XE,0,19000,DFL-OBJ-J01H5G,24,Nicolas Capaldo Taboas,-348.2319854058946,412.1774714818162,8,2,velocity_outlier_against_majority
DFL-MAT-J041XE,0,118609,DFL-OBJ-0027AT,18,Bakery Jatta,241.3884947580528,417.6416928482083,1,9,velocity_outlier_against_majority
DFL-MAT-J041XE,0,153112,DFL-OBJ-J01A3I,6,Albert-Mboyo Sambi Lokonga,-174.34173113520941,221.17273346621107,6,4,velocity_outlier_against_majority
DFL-MAT-J041XE,1,27033,DFL-OBJ-J01DCO,3,Yukinari Sugawara,-69.62757451888197,93.42893961915848,8,2,velocity_outlier_against_majority
DFL-MAT-J041XE,1,108085,DFL-OBJ-J020YN,17,Marco Grüll,245.3050854137768,267.3296214654874,4,6,velocity_outlier_against_majority
DFL-MAT-J041XE,1,112189,DFL-OBJ-J01DCO,3,Yukinari Sugawara,-134.44192482235707,167.78184154814227,5,5,velocity_outlier_same_direction
DFL-MAT-J041XE,1,126633,DFL-OBJ-J01QJA,14,Senne Maaike Lynen,-408.95786178394803,382.599884012927,5,5,velocity_outlier_same_direction
DFL-MAT-J041XE,1,126640,DFL-OBJ-J01QJA,14,Senne Maaike Lynen,-434.2968565251168,396.647076956859,5,5,velocity_outlier_same_direction
DFL-MAT-J041XE,1,146839,DFL-OBJ-J01QJA,14,Senne Maaike Lynen,-379.2569930069976,299.8393804263396,2,8,velocity_outlier_same_direction
DFL-MAT-J041XE,1,153474,DFL-OBJ-002FX2,20,Romano Christian Schmid,-327.69305372566055,271.164794545229,5,5,velocity_outlier_same_direction
DFL-MAT-J041XE,1,158168,DFL-OBJ-002FW5,5,Amos Pieper,-661.7712520973341,656.1756514419519,7,3,velocity_outlier_against_majority
DFL-MAT-J041XN,0,57320,DFL-OBJ-J01D90,18,Wouter Burger,608.7323767215081,592.2329482112083,4,6,velocity_outlier_against_majority
DFL-MAT-J041XN,0,72646,DFL-OBJ-J0244Y,7,Leon Avdullahu,-207.38259124128479,217.32540567323065,7,3,velocity_outlier_against_majority
DFL-MAT-J041XN,0,110240,DFL-OBJ-J01TMV,2,Robin Hranáč,333.4285018524153,338.498353096178,4,6,velocity_outlier_against_majority
DFL-MAT-J041XN,0,137284,DFL-OBJ-J01T26,22,Alexander Prass,-281.90345483823427,218.36334780356302,4,6,velocity_outlier_same_direction
DFL-MAT-J041XN,0,162925,DFL-OBJ-J0244Y,7,Leon Avdullahu,-414.8293976554844,351.7022665337878,5,5,velocity_outlier_same_direction
DFL-MAT-J041XN,0,175087,DFL-OBJ-J02110,21,Albian Hajdari,377.87024368546474,314.33941420898225,6,4,velocity_outlier_same_direction
DFL-MAT-J041XN,1,26847,DFL-OBJ-J021LJ,45,Fabio Amado Uri Baldé,294.3492336970587,205.7836629956186,6,4,velocity_outlier_same_direction
DFL-MAT-J041XN,1,43187,DFL-OBJ-J020IH,44,Luka Vušković,-288.8849757328037,302.04431297366057,6,4,velocity_outlier_against_majority
DFL-MAT-J041XN,1,55063,DFL-OBJ-J020IH,44,Luka Vušković,305.40910780041133,162.46122174926674,10,0,velocity_outlier_same_direction
DFL-MAT-J041XN,1,68532,DFL-OBJ-J01H5G,24,Nicolas Capaldo Taboas,463.6264118329308,328.1971822460938,8,2,velocity_outlier_same_direction
DFL-MAT-J041XN,1,72374,DFL-OBJ-J01HP7,28,Miro Max Maria Muheim,-618.569854058983,385.79174267761266,2,8,velocity_outlier_same_direction
DFL-MAT-J041XN,1,74203,DFL-OBJ-J01HP7,28,Miro Max Maria Muheim,-343.3573753138909,309.1760202357976,5,5,velocity_outlier_same_direction
DFL-MAT-J041XN,1,107180,DFL-OBJ-0001QT,23,Jonas Meffert,-587.3721890026254,480.32916258459755,2,8,velocity_outlier_same_direction
DFL-MAT-J041XN,1,121571,DFL-OBJ-J020IH,44,Luka Vušković,81.33834161008055,308.199342927603,1,9,velocity_outlier_against_majority
DFL-MAT-J041XN,1,129083,DFL-OBJ-J021LJ,45,Fabio Amado Uri Baldé,-111.26513180860667,315.88467872706565,9,1,velocity_outlier_against_majority
DFL-MAT-J041XN,1,139606,DFL-OBJ-J01H5G,24,Nicolas Capaldo Taboas,203.1397024875332,263.7201699266945,3,7,velocity_outlier_against_majority
DFL-MAT-J041XN,1,139678,DFL-OBJ-J01H5G,24,Nicolas Capaldo Taboas,-499.20944393770117,353.32707087598214,3,7,velocity_outlier_same_direction
DFL-MAT-J041XN,1,170201,DFL-OBJ-0027AT,18,Bakery Jatta,442.72817359773893,270.0237928335772,9,1,velocity_outlier_same_direction
DFL-MAT-J041XW,0,141919,DFL-OBJ-J01W6J,14,Rayan Philippe,-194.1708050403682,179.20646965755407,6,4,velocity_outlier_against_majority
DFL-MAT-J041XW,1,49973,DFL-OBJ-002GG7,34,Pharrell Nnamdi Collins,476.27777214733396,419.90475406236027,5,5,velocity_outlier_same_direction
DFL-MAT-J041Y0,0,123761,DFL-OBJ-00017V,30,Christian Günter,-418.2499605869139,360.6881453892304,4,6,velocity_outlier_same_direction
DFL-MAT-J041Y0,0,166122,DFL-OBJ-00012Y,17,Lukas Kübler,128.02706552705982,162.6012339110128,3,7,velocity_outlier_against_majority
DFL-MAT-J041Y0,0,173829,DFL-OBJ-00012Y,17,Lukas Kübler,413.000180174089,370.0812683693096,4,6,velocity_outlier_against_majority
DFL-MAT-J041Y0,1,37006,DFL-OBJ-J01HP7,28,Miro Max Maria Muheim,-669.6390465412145,514.7670855714307,2,8,velocity_outlier_same_direction
DFL-MAT-J041Y0,1,43592,DFL-OBJ-J020IH,44,Luka Vušković,124.530562030558,152.7395400493208,4,6,velocity_outlier_against_majority
DFL-MAT-J041Y0,1,47958,DFL-OBJ-J01FRO,20,Fábio Daniel Ferreira Vieira,336.63629044063754,205.25863991081337,9,1,velocity_outlier_same_direction
DFL-MAT-J041Y0,1,145919,DFL-OBJ-J01HP7,28,Miro Max Maria Muheim,331.8378461313235,279.83908983304923,5,4,velocity_outlier_same_direction
DFL-MAT-J041Y0,1,146151,DFL-OBJ-0027AT,18,Bakery Jatta,-85.84877481616394,255.81135897560767,8,1,velocity_outlier_against_majority
DFL-MAT-J041YE,0,136029,DFL-OBJ-J01QSK,49,Otto Emerson Stange,499.7319628841399,272.5897069918834,10,0,velocity_outlier_same_direction
DFL-MAT-J041YE,0,172001,DFL-OBJ-J01VXC,16,Giorgi Gocholeishvili,452.0862189340489,338.10585931781713,7,3,velocity_outlier_same_direction
DFL-MAT-J041YE,0,178121,DFL-OBJ-J01VXC,16,Giorgi Gocholeishvili,-423.5839160839093,248.3199216242657,1,9,velocity_outlier_same_direction
DFL-MAT-J041YE,1,168294,DFL-OBJ-J024SS,6,Ignacio Ezequiel Agustín Fernández Carballo,-220.30046845263996,240.38414102001016,7,3,velocity_outlier_against_majority
DFL-MAT-J041YN,0,137444,DFL-OBJ-J01IZ9,21,Nicolai Remberg,-152.39915881220398,118.6853498755678,4,6,velocity_outlier_same_direction
DFL-MAT-J041YN,0,139789,DFL-OBJ-J01IZ9,21,Nicolai Remberg,285.3730307534712,230.48200370483264,8,2,velocity_outlier_same_direction
DFL-MAT-J041YN,0,142030,DFL-OBJ-J017PC,7,Jean-Luc Mamadou Diarra Dompé,468.2295080121172,297.99709891557666,9,1,velocity_outlier_same_direction
DFL-MAT-J041YN,0,175032,DFL-OBJ-J01W6J,14,Rayan Philippe,-257.25341486210726,351.47540764388475,7,3,velocity_outlier_against_majority
DFL-MAT-J041YN,1,21948,DFL-OBJ-J01D4G,9,Franck Honorat,-396.37962681441184,275.3580805265607,2,8,velocity_outlier_same_direction
DFL-MAT-J041YN,1,27972,DFL-OBJ-J01D4G,9,Franck Honorat,399.9664003468296,331.5898153778551,5,5,velocity_outlier_same_direction
DFL-MAT-J041YN,1,31295,DFL-OBJ-002GC7,20,Luca Netz,-197.7188974471561,177.40944140400137,4,6,velocity_outlier_same_direction
DFL-MAT-J041YN,1,37657,DFL-OBJ-002GC7,20,Luca Netz,-483.838327533977,474.1947752328155,6,4,velocity_outlier_against_majority
DFL-MAT-J041YN,1,40998,DFL-OBJ-J01IB3,6,Yannik Engelhardt,654.5407531277086,445.29262243392736,9,1,velocity_outlier_same_direction
DFL-MAT-J041YN,1,41329,DFL-OBJ-J01IB3,6,Yannik Engelhardt,-278.22541186671856,265.6229040685566,5,5,velocity_outlier_same_direction
DFL-MAT-J041YN,1,57207,DFL-OBJ-002GC7,20,Luca Netz,377.5433403150781,254.63459708568448,7,3,velocity_outlier_same_direction
DFL-MAT-J041YN,1,117388,DFL-OBJ-J01D4G,9,Franck Honorat,-449.1411889238002,282.7298247243917,0,10,velocity_outlier_same_direction
DFL-MAT-J041YN,1,117749,DFL-OBJ-002706,10,Florian Christian Neuhaus,465.14228122923464,347.67595830095655,8,2,velocity_outlier_same_direction
DFL-MAT-J041YN,1,118558,DFL-OBJ-002GC7,20,Luca Netz,240.1520359672511,265.84998958368186,3,7,velocity_outlier_against_majority
DFL-MAT-J041YN,1,128691,DFL-OBJ-J01IB3,6,Yannik Engelhardt,357.36056214317136,337.6899414997237,6,4,velocity_outlier_same_direction
DFL-MAT-J041YV,0,80829,DFL-OBJ-J015AU,3,Karol Mets,293.3712121212129,229.10782715674034,4,6,velocity_outlier_against_majority
DFL-MAT-J041YV,0,132797,DFL-OBJ-J01KUJ,11,Arkadiusz Pyrka,443.7264225307681,413.32776201254325,7,3,velocity_outlier_same_direction
DFL-MAT-J041YV,1,126564,DFL-OBJ-J01H5G,24,Nicolas Capaldo Taboas,286.35257254822795,159.1240146729305,8,2,velocity_outlier_same_direction
DFL-MAT-J041YV,1,153189,DFL-OBJ-J01IZ9,21,Nicolai Remberg,-458.640614618875,329.29483378939995,2,8,velocity_outlier_same_direction
DFL-MAT-J041Z5,0,63120,DFL-OBJ-J01N5U,2,William Mikelbrencis,-110.0856389986854,144.34585684042068,0,10,velocity_outlier_same_direction
DFL-MAT-J041Z5,0,78234,DFL-OBJ-J01H5G,24,Nicolas Capaldo Taboas,-111.8743454613019,180.24562655540745,8,2,velocity_outlier_against_majority
DFL-MAT-J041Z5,0,166816,DFL-OBJ-J01VXC,16,Giorgi Gocholeishvili,187.59240960327293,253.44070864722536,1,9,velocity_outlier_against_majority
DFL-MAT-J041Z5,0,178306,DFL-OBJ-002G5Y,10,Immanuël-Johannes Pherai,206.41673141672555,211.84709976013983,4,6,velocity_outlier_against_majority
DFL-MAT-J041Z5,0,179699,DFL-OBJ-J01W6J,14,Rayan Philippe,585.7604332060878,415.511890082543,7,3,velocity_outlier_same_direction
DFL-MAT-J041Z5,1,17045,DFL-OBJ-002GIC,44,Josip Stanišić,230.45368681238168,327.1391141065029,3,7,velocity_outlier_against_majority
DFL-MAT-J041Z5,1,45563,DFL-OBJ-002GIC,44,Josip Stanišić,368.7433420042097,299.88806402936683,6,4,velocity_outlier_same_direction
DFL-MAT-J041Z5,1,45698,DFL-OBJ-002FWZ,19,Alphonso Boyle Davies,-370.23226974313815,223.50314460096956,1,9,velocity_outlier_same_direction
DFL-MAT-J041Z5,1,84419,DFL-OBJ-J01UD5,42,Lennart Karl,381.81069333242914,428.0061259191682,3,7,velocity_outlier_against_majority
DFL-MAT-J041Z5,1,110834,DFL-OBJ-002GIC,44,Josip Stanišić,-191.5077615621046,246.99988598357749,7,3,velocity_outlier_against_majority
DFL-MAT-J041Z5,1,119820,DFL-OBJ-0027KL,2,Dayotchanculle Oswald Upamecano,167.52532290575823,294.9224040854476,2,8,velocity_outlier_against_majority
DFL-MAT-J041ZD,0,23119,DFL-OBJ-002651,5,Benedikt Steffen Gimber,440.0190027363965,265.8494152787641,9,1,velocity_outlier_same_direction
DFL-MAT-J041ZD,0,23984,DFL-OBJ-002G8E,8,Eren Sami Dinkçi,-597.2193647737117,428.02055814555706,1,9,velocity_outlier_same_direction
DFL-MAT-J041ZD,0,35285,DFL-OBJ-0027BI,30,Niklas Bernd Dorsch,-481.2927913471434,382.7015838428895,4,6,velocity_outlier_same_direction
DFL-MAT-J041ZD,0,60330,DFL-OBJ-J01AZQ,23,Omar Haktab Traoré,-455.5096533900911,343.36897542876045,3,7,velocity_outlier_same_direction
DFL-MAT-J041ZD,0,69308,DFL-OBJ-0001K8,6,Patrick Mainka,-296.9029762507977,286.4446316565853,6,4,velocity_outlier_against_majority
DFL-MAT-J041ZD,0,69343,DFL-OBJ-0001K8,6,Patrick Mainka,-389.6989403511118,334.6290229496743,5,5,velocity_outlier_same_direction
DFL-MAT-J041ZD,0,80624,DFL-OBJ-J01AZQ,23,Omar Haktab Traoré,-250.04656374221338,401.96828654437024,9,1,velocity_outlier_against_majority
DFL-MAT-J041ZD,0,116112,DFL-OBJ-0002JT,2,Marnon-Thomas Busch,253.27487528574267,223.81609855522785,4,6,velocity_outlier_against_majority
DFL-MAT-J041ZD,0,116185,DFL-OBJ-002GHL,16,Julian Niehues,-161.0070746483805,181.7410841976068,6,4,velocity_outlier_against_majority
DFL-MAT-J041ZD,0,149066,DFL-OBJ-002G8E,8,Eren Sami Dinkçi,-306.5256663626225,298.3667936330976,6,4,velocity_outlier_against_majority
DFL-MAT-J041ZD,0,153395,DFL-OBJ-0028HA,31,Sirlord Calvin Conteh,393.456217695343,272.63645513101875,9,1,velocity_outlier_same_direction
DFL-MAT-J041ZD,0,159417,DFL-OBJ-0028HA,31,Sirlord Calvin Conteh,384.55792597096473,308.5229412294598,7,3,velocity_outlier_same_direction
DFL-MAT-J041ZD,0,159431,DFL-OBJ-0028HA,31,Sirlord Calvin Conteh,376.7861023839242,293.88539238538965,6,4,velocity_outlier_same_direction
DFL-MAT-J041ZD,0,159649,DFL-OBJ-002G56,9,Stefan Schimmer,-332.39158586984877,335.90117873270134,5,5,velocity_outlier_same_direction
DFL-MAT-J041ZD,0,160789,DFL-OBJ-J01Q2V,11,Budu Zivzivadze,-481.7558669189117,355.4038433386258,1,9,velocity_outlier_same_direction
DFL-MAT-J041ZD,0,176219,DFL-OBJ-002G8E,8,Eren Sami Dinkçi,-557.5300665518103,442.5410909541373,0,10,velocity_outlier_same_direction
DFL-MAT-J041ZD,1,16162,DFL-OBJ-J01HP7,28,Miro Max Maria Muheim,-533.3435807348853,629.6702785941895,8,2,velocity_outlier_against_majority
DFL-MAT-J041ZD,1,101199,DFL-OBJ-J01HP7,28,Miro Max Maria Muheim,-397.59340900645185,299.0153176131427,2,8,velocity_outlier_same_direction
DFL-MAT-J041ZD,1,101347,DFL-OBJ-J01HP7,28,Miro Max Maria Muheim,-155.82350821481307,130.5886498766934,3,7,velocity_outlier_same_direction
DFL-MAT-J041ZD,1,124517,DFL-OBJ-J01G5F,17,Warmed Omari,-289.60575656227167,222.27758775040877,3,7,velocity_outlier_same_direction
DFL-MAT-J041ZD,1,148145,DFL-OBJ-0027AT,18,Bakery Jatta,-83.79084884519398,164.84235892931298,9,1,velocity_outlier_against_majority
DFL-MAT-J041ZD,1,170983,DFL-OBJ-J01IZ9,21,Nicolai Remberg,672.7770880488251,455.09970102361444,9,1,velocity_outlier_same_direction
DFL-MAT-J041ZD,1,170989,DFL-OBJ-J01IZ9,21,Nicolai Remberg,661.7451972343258,432.0987537020147,10,0,velocity_outlier_same_direction
DFL-MAT-J041ZN,0,125804,DFL-OBJ-J01HP7,28,Miro Max Maria Muheim,-184.54800231973613,184.80321751516996,5,5,velocity_outlier_same_direction
DFL-MAT-J041ZN,0,128089,DFL-OBJ-J01IZ9,21,Nicolai Remberg,370.40464567638236,247.67662691575634,9,1,velocity_outlier_same_direction
DFL-MAT-J041ZN,0,163071,DFL-OBJ-J01FRO,20,Fábio Daniel Ferreira Vieira,326.5474139387127,315.4112628514759,4,6,velocity_outlier_against_majority
DFL-MAT-J041ZN,0,175207,DFL-OBJ-J01IZ9,21,Nicolai Remberg,-262.34429017038053,165.40479629066735,3,7,velocity_outlier_same_direction
DFL-MAT-J041ZN,1,14178,DFL-OBJ-002FVR,11,Wooyeong Jeong,392.75702960485285,377.50168350168144,3,7,velocity_outlier_against_majority
DFL-MAT-J041ZN,1,14862,DFL-OBJ-002FVR,11,Wooyeong Jeong,318.7388517279778,370.50390189520243,2,8,velocity_outlier_against_majority
DFL-MAT-J041ZN,1,21844,DFL-OBJ-J01CAD,39,Derrick Arthur Köhn,-358.48976104410474,488.87317996013394,9,1,velocity_outlier_against_majority
DFL-MAT-J041ZN,1,61221,DFL-OBJ-0002FX,28,Christopher Trimmel,330.64088488001414,340.8763456752584,5,5,velocity_outlier_same_direction
DFL-MAT-J041ZN,1,74880,DFL-OBJ-J01ND9,6,Aljoscha Kemlein,-383.59162978728443,300.4793531750052,3,7,velocity_outlier_same_direction
DFL-MAT-J041ZN,1,80139,DFL-OBJ-J019UO,34,Stanley Pierre Nsoki,539.5663294032884,355.19230065426,9,1,velocity_outlier_same_direction
DFL-MAT-J041ZN,1,113391,DFL-OBJ-J019UO,34,Stanley Pierre Nsoki,-537.2963328941622,212.98667415515456,0,10,velocity_outlier_same_direction
DFL-MAT-J041ZN,1,154382,DFL-OBJ-0002FX,28,Christopher Trimmel,-336.68478260869415,465.1922964314226,8,2,velocity_outlier_against_majority
DFL-MAT-J041ZN,1,172072,DFL-OBJ-0027FW,7,Oliver Jasen Burke,-532.144043557089,607.4495216940854,9,1,velocity_outlier_against_majority
DFL-MAT-J041ZN,1,173545,DFL-OBJ-J01VYC,9,Livan Baha Burcu,296.05849464544553,265.6227154487991,5,5,velocity_outlier_same_direction
DFL-MAT-J041ZN,1,176725,DFL-OBJ-J01GUA,13,András Schäfer,-461.53301408736195,290.36734823147845,1,9,velocity_outlier_same_direction
DFL-MAT-J041ZQ,0,43405,DFL-OBJ-00278Q,2,Phillipp Mwene,-430.55547109895053,314.86094782833925,4,6,velocity_outlier_same_direction
DFL-MAT-J041ZQ,0,47655,DFL-OBJ-J021EE,6,Kaishu Sano,-407.5508991813393,330.6813424096051,1,9,velocity_outlier_same_direction
DFL-MAT-J041ZQ,0,108889,DFL-OBJ-J021EE,6,Kaishu Sano,-424.8243443352128,309.0767189734563,2,8,velocity_outlier_same_direction
DFL-MAT-J041ZQ,0,140370,DFL-OBJ-00278Q,2,Phillipp Mwene,385.4321081494966,397.24430340191014,5,5,velocity_outlier_same_direction
DFL-MAT-J041ZQ,1,10904,DFL-OBJ-J01HP7,28,Miro Max Maria Muheim,262.7880111032284,369.4065572109023,1,9,velocity_outlier_against_majority
DFL-MAT-J041ZQ,1,12250,DFL-OBJ-0027JU,25,Jordan Torunarigha,200.45655833699834,173.84299094625456,6,4,velocity_outlier_same_direction
DFL-MAT-J041ZQ,1,53900,DFL-OBJ-0027AT,18,Bakery Jatta,-220.2580712363295,204.82975378083935,6,4,velocity_outlier_against_majority
DFL-MAT-J041ZQ,1,64066,DFL-OBJ-J01HP7,28,Miro Max Maria Muheim,195.0502657567868,284.48487522943765,3,7,velocity_outlier_against_majority
DFL-MAT-J041ZQ,1,135642,DFL-OBJ-J01H5G,24,Nicolas Capaldo Taboas,269.29437913133927,303.0706352825928,2,8,velocity_outlier_against_majority
DFL-MAT-J041ZQ,1,174272,DFL-OBJ-J01IZ9,21,Nicolai Remberg,396.6675534610304,254.3976850444231,8,2,velocity_outlier_same_direction
DFL-MAT-J04205,0,45707,DFL-OBJ-002G8B,11,Ransford-Yeboah Königsdörffer,192.6311188811228,233.2501787664857,2,8,velocity_outlier_against_majority
DFL-MAT-J04205,0,47490,DFL-OBJ-J01N5U,2,William Mikelbrencis,-242.61388973345228,269.47946578380925,6,4,velocity_outlier_against_majority
DFL-MAT-J04205,0,52527,DFL-OBJ-J01HP7,28,Miro Max Maria Muheim,480.68225454094437,601.2893708545848,2,8,velocity_outlier_against_majority
DFL-MAT-J04205,0,62688,DFL-OBJ-J020IH,44,Luka Vušković,-299.83830782743826,211.8712219744833,2,8,velocity_outlier_same_direction
DFL-MAT-J04205,0,75353,DFL-OBJ-J01IZ9,21,Nicolai Remberg,388.4579349796717,295.96788819071395,7,3,velocity_outlier_same_direction
DFL-MAT-J04205,0,106962,DFL-OBJ-J01HP7,28,Miro Max Maria Muheim,-317.5665940339845,436.87123745819304,9,1,velocity_outlier_against_majority
DFL-MAT-J04205,0,113446,DFL-OBJ-J01HP7,28,Miro Max Maria Muheim,371.5662196097024,230.398314246143,10,0,velocity_outlier_same_direction
DFL-MAT-J04205,0,148484,DFL-OBJ-J01HP7,28,Miro Max Maria Muheim,-576.1276927581248,537.1731346350898,7,3,velocity_outlier_against_majority
DFL-MAT-J04205,0,148495,DFL-OBJ-J01HP7,28,Miro Max Maria Muheim,-527.8653452023001,495.8102823102817,7,3,velocity_outlier_against_majority
DFL-MAT-J04205,1,25494,DFL-OBJ-J01DOV,23,Castello Junior Lukeba,-173.17466752249288,173.40059175928772,7,3,velocity_outlier_against_majority
DFL-MAT-J0420A,0,45528,DFL-OBJ-J02471,5,Vinicius de Souza Costa,-554.6387650192019,380.1881819870967,1,9,velocity_outlier_same_direction
DFL-MAT-J0420A,0,45646,DFL-OBJ-J01G3P,4,Konstantinos Koulierakis,-489.0972574124799,469.0976487280866,5,5,velocity_outlier_same_direction
DFL-MAT-J0420A,0,73929,DFL-OBJ-J01G3P,4,Konstantinos Koulierakis,316.01179014222413,436.72776398319553,2,8,velocity_outlier_against_majority
DFL-MAT-J0420A,0,83180,DFL-OBJ-J0259D,18,Jonas Adjei Adjetey,-301.15083386822243,239.42706468249747,4,6,velocity_outlier_same_direction
DFL-MAT-J0420A,0,108541,DFL-OBJ-J01NAE,41,Jan Bürger,309.53942997420756,300.0975473801535,5,5,velocity_outlier_same_direction
DFL-MAT-J0420A,0,164652,DFL-OBJ-J01NZP,6,Jeanuël Merick Belocian,-528.0734603560655,415.6598031598018,3,7,velocity_outlier_same_direction
DFL-MAT-J0420A,0,167037,DFL-OBJ-0000Y4,27,Maximilian Arnold,-327.1422699683578,251.21493643232836,4,6,velocity_outlier_same_direction
DFL-MAT-J0420A,1,18432,DFL-OBJ-0027JU,25,Jordan Torunarigha,-256.7649882323744,300.335374367981,5,5,velocity_outlier_same_direction
DFL-MAT-J0420A,1,126845,DFL-OBJ-0027JU,25,Jordan Torunarigha,474.85805659718426,340.11877554812133,9,1,velocity_outlier_same_direction
DFL-MAT-J0420A,1,129212,DFL-OBJ-J01G5F,17,Warmed Omari,187.12288717723428,230.9687792079111,2,8,velocity_outlier_against_majority
DFL-MAT-J0420A,1,159791,DFL-OBJ-J01G5F,17,Warmed Omari,-203.29948031034704,165.13496165669966,3,7,velocity_outlier_same_direction
DFL-MAT-J0420A,1,173921,DFL-OBJ-0002F6,15,Yussuf Yurary Poulsen,-687.8501430131885,371.7274374176568,0,10,velocity_outlier_same_direction
DFL-MAT-J0420N,0,47841,DFL-OBJ-J01G5F,17,Warmed Omari,-534.3898291724348,508.3939182797862,4,6,velocity_outlier_same_direction
DFL-MAT-J0420N,0,50109,DFL-OBJ-J01HP7,28,Miro Max Maria Muheim,190.90719063545086,210.14636048331369,4,6,velocity_outlier_against_majority
DFL-MAT-J0420N,0,51950,DFL-OBJ-J01A3I,6,Albert-Mboyo Sambi Lokonga,310.70597277119083,285.83462833462806,5,5,velocity_outlier_same_direction
DFL-MAT-J0420N,1,163371,DFL-OBJ-0028BD,37,Linton Maina,243.36720043242565,236.68225594856602,6,4,velocity_outlier_same_direction
DFL-MAT-J0420N,1,172958,DFL-OBJ-J01XHG,32,Kristoffer Lund Hansen,459.9540978345255,497.98695145433794,3,7,velocity_outlier_against_majority
DFL-MAT-J0420N,1,173221,DFL-OBJ-J01UCR,28,Sebastian Söraas Sebulonsen,-303.7171041518837,307.29329667916426,4,6,velocity_outlier_same_direction
DFL-MAT-J0420P,0,65664,DFL-OBJ-J02324,24,Daniel Jonathan Svensson,-351.66297872819416,341.6749940880359,5,5,velocity_outlier_same_direction
DFL-MAT-J0420P,1,20031,DFL-OBJ-0027JU,25,Jordan Torunarigha,407.0049435266807,457.0725510399395,2,8,velocity_outlier_against_majority
DFL-MAT-J0420P,1,73266,DFL-OBJ-J020IH,44,Luka Vušković,263.03180917311374,132.96069530308586,10,0,velocity_outlier_same_direction
DFL-MAT-J0420P,1,171587,DFL-OBJ-J01HP7,28,Miro Max Maria Muheim,436.78126020517266,398.181412790107,6,4,velocity_outlier_same_direction
DFL-MAT-J04215,0,15595,DFL-OBJ-0027JU,25,Jordan Torunarigha,240.34762339110256,239.19830270373683,4,6,velocity_outlier_against_majority
DFL-MAT-J04215,0,19908,DFL-OBJ-J01HP7,28,Miro Max Maria Muheim,358.3138097811974,264.57871355697273,8,2,velocity_outlier_same_direction
DFL-MAT-J04215,0,24888,DFL-OBJ-J01N5U,2,William Mikelbrencis,-297.0907655146787,392.3824138824119,9,1,velocity_outlier_against_majority
DFL-MAT-J04215,0,76840,DFL-OBJ-J024Z8,27,Philip Porwei Otele,387.7758915802418,428.86873613504,4,6,velocity_outlier_against_majority
DFL-MAT-J04215,0,110389,DFL-OBJ-J01G5F,17,Warmed Omari,547.3358022814508,448.31743578482485,6,4,velocity_outlier_same_direction
DFL-MAT-J04215,0,134510,DFL-OBJ-J01N5U,2,William Mikelbrencis,-362.88363005754104,341.1766337974049,5,4,velocity_outlier_against_majority
DFL-MAT-J04215,0,136771,DFL-OBJ-J01W6J,14,Rayan Philippe,-222.20443003051986,201.85926370105256,5,4,velocity_outlier_against_majority
DFL-MAT-J04215,0,138991,DFL-OBJ-0027JU,25,Jordan Torunarigha,-402.43827629696597,384.6467195802901,5,4,velocity_outlier_against_majority
DFL-MAT-J04215,0,141913,DFL-OBJ-0027JU,25,Jordan Torunarigha,244.16454117540943,212.2558672317144,5,4,velocity_outlier_same_direction
DFL-MAT-J04215,1,35367,DFL-OBJ-J01G82,32,Fabian Rieder,-358.30091607265206,284.6448641937755,2,8,velocity_outlier_same_direction
DFL-MAT-J04215,1,38267,DFL-OBJ-0002IG,27,Marius Wolf,41.94268493181413,326.25575571770804,1,9,velocity_outlier_against_majority
DFL-MAT-J04215,1,59521,DFL-OBJ-J01K2X,30,Anton Kade,-264.0665292839274,222.26665625035506,4,6,velocity_outlier_same_direction
DFL-MAT-J04215,1,67747,DFL-OBJ-0002IG,27,Marius Wolf,223.98619697532678,390.98948796774613,1,9,velocity_outlier_against_majority
DFL-MAT-J04215,1,121793,DFL-OBJ-J01K2X,30,Anton Kade,-122.53903302816028,325.41151059085576,9,1,velocity_outlier_against_majority
DFL-MAT-J04215,1,122264,DFL-OBJ-J017LG,16,Cédric Adrian Zesiger,301.5666700449293,201.8042633694791,8,2,velocity_outlier_same_direction
DFL-MAT-J04215,1,147106,DFL-OBJ-J017LG,16,Cédric Adrian Zesiger,171.18326520500565,260.9595889215446,3,7,velocity_outlier_against_majority
DFL-MAT-J04215,1,158803,DFL-OBJ-J01BKL,4,Han-Noah Massengo,134.02994549733384,151.51903651903453,4,6,velocity_outlier_against_majority
DFL-MAT-J04219,0,54058,DFL-OBJ-J01G5D,22,Lorenz Assignon,-255.9878607704651,249.75129077846105,7,3,velocity_outlier_against_majority
DFL-MAT-J04219,0,66704,DFL-OBJ-002GCQ,6,Angelo Stiller,418.0308519982408,328.6121259979938,8,2,velocity_outlier_same_direction
DFL-MAT-J04219,0,69694,DFL-OBJ-J024FD,30,José María Andrés Baixauli,668.3554328119593,454.8887298289511,8,2,velocity_outlier_same_direction
DFL-MAT-J04219,0,168937,DFL-OBJ-J01D1W,24,Julian Jeffrey Gaston Chabot,-347.4957067891803,335.9580067677867,7,3,velocity_outlier_against_majority
DFL-MAT-J04219,1,10430,DFL-OBJ-J01FRO,20,Fábio Daniel Ferreira Vieira,172.01728826728427,243.33181029920013,2,8,velocity_outlier_against_majority
DFL-MAT-J04219,1,17511,DFL-OBJ-J01W6J,14,Rayan Philippe,-172.60682353073653,349.5810121842715,8,2,velocity_outlier_against_majority
DFL-MAT-J04219,1,41439,DFL-OBJ-J021LJ,45,Fabio Amado Uri Baldé,-89.0523264979759,261.49264242198706,9,1,velocity_outlier_against_majority
DFL-MAT-J04219,1,57012,DFL-OBJ-J01IZ9,21,Nicolai Remberg,305.3230465186954,350.109924495791,4,6,velocity_outlier_against_majority
DFL-MAT-J04219,1,68172,DFL-OBJ-J01OYX,8,Daniel Elfadli,-404.79629066585494,277.7430548517504,2,8,velocity_outlier_same_direction
DFL-MAT-J04219,1,69457,DFL-OBJ-J01W6J,14,Rayan Philippe,102.06728657815262,227.55987410334865,2,8,velocity_outlier_against_majority
DFL-MAT-J04219,1,110584,DFL-OBJ-0027JU,25,Jordan Torunarigha,-275.51168034863815,246.81993851559207,4,6,velocity_outlier_same_direction
DFL-MAT-J04219,1,125603,DFL-OBJ-J01N5U,2,William Mikelbrencis,-87.01196750109578,261.1449542808212,9,1,velocity_outlier_against_majority
DFL-MAT-J04219,1,125707,DFL-OBJ-J01IZ9,21,Nicolai Remberg,-266.5264546242794,273.1053680618887,5,5,velocity_outlier_same_direction
DFL-MAT-J04219,1,146015,DFL-OBJ-J01G5F,17,Warmed Omari,179.66945091945132,148.83816143598804,6,4,velocity_outlier_same_direction
DFL-MAT-J0421J,0,21175,DFL-OBJ-J01NP1,31,Abdoul Karim Coulibaly,-222.27799173450938,215.43749085053184,4,6,velocity_outlier_same_direction
DFL-MAT-J0421J,0,48070,DFL-OBJ-002FW5,5,Amos Pieper,331.9574929900971,261.54266184700725,6,4,velocity_outlier_same_direction
DFL-MAT-J0421J,0,103746,DFL-OBJ-J0208Z,18,Cameron Mitchel Puertas Castro,124.58959719829384,175.66776460254692,4,6,velocity_outlier_against_majority
DFL-MAT-J0421J,0,109499,DFL-OBJ-J01NP1,31,Abdoul Karim Coulibaly,335.7112794612799,434.37677921916924,2,8,velocity_outlier_against_majority
DFL-MAT-J0421J,0,136418,DFL-OBJ-J020YN,17,Marco Grüll,-502.22058939449903,430.3641177662896,4,6,velocity_outlier_same_direction
DFL-MAT-J0421J,0,177926,DFL-OBJ-0000DT,10,Leonardo Jesus Loureiro Bittencourt,-325.4331779331779,309.98086635586515,4,6,velocity_outlier_same_direction
DFL-MAT-J0421J,1,119926,DFL-OBJ-J02594,23,Albert Grønbæk Erlykke,-101.54371192414601,306.57119128857954,9,1,velocity_outlier_against_majority
DFL-MAT-J0421J,1,121660,DFL-OBJ-J01N5U,2,William Mikelbrencis,321.78245667375563,381.8336261162303,3,7,velocity_outlier_against_majority
DFL-MAT-J0421J,1,133933,DFL-OBJ-J01G5F,17,Warmed Omari,-354.8983142461381,440.92579642579426,7,3,velocity_outlier_against_majority
DFL-MAT-J0421J,1,157101,DFL-OBJ-J01N5U,2,William Mikelbrencis,-292.34845669628567,218.80974522882923,2,7,velocity_outlier_same_direction
DFL-MAT-J0421J,1,157950,DFL-OBJ-J01N5U,2,William Mikelbrencis,-204.53544643761919,294.80084975857596,7,2,velocity_outlier_against_majority
DFL-MAT-J0421W,0,67625,DFL-OBJ-0027JU,25,Jordan Torunarigha,228.97486571399781,270.0836064096933,5,5,velocity_outlier_same_direction
DFL-MAT-J0421W,0,100785,DFL-OBJ-0027AT,18,Bakery Jatta,176.33803193585547,163.24895555329917,4,6,velocity_outlier_against_majority
DFL-MAT-J0421W,0,114478,DFL-OBJ-0027HO,9,Robert-Nesta Glatzel,-389.19015967928806,263.46476188867416,0,10,velocity_outlier_same_direction
DFL-MAT-J0421W,0,172084,DFL-OBJ-J01VXC,16,Giorgi Gocholeishvili,-214.95753240318416,439.93883934100944,9,1,velocity_outlier_against_majority
DFL-MAT-J0421W,1,18273,DFL-OBJ-J0231Z,29,Bazoumana Toure,-146.431919529745,281.1566416675083,8,2,velocity_outlier_against_majority
DFL-MAT-J0421W,1,104011,DFL-OBJ-J0244Y,7,Leon Avdullahu,-230.95597840163364,251.08565870522472,5,5,velocity_outlier_same_direction
DFL-MAT-J0421W,1,122453,DFL-OBJ-002GN3,11,Fisnik Asllani,-302.31306937829237,257.82564637456113,4,6,velocity_outlier_same_direction
DFL-MAT-J0421W,1,122483,DFL-OBJ-J0231Z,29,Bazoumana Toure,328.7262958458535,269.7485614224702,7,3,velocity_outlier_same_direction
DFL-MAT-J0421W,1,156271,DFL-OBJ-0027FU,13,Bernardo Fernandes da Silva Junior,225.06006272310586,234.15383207774303,4,6,velocity_outlier_against_majority
DFL-MAT-J0421W,1,156509,DFL-OBJ-J01T26,22,Alexander Prass,370.44808452416635,440.59227588031655,3,7,velocity_outlier_against_majority
DFL-MAT-J0421W,1,156532,DFL-OBJ-0027FU,13,Bernardo Fernandes da Silva Junior,388.3531665596837,402.2087457630915,3,7,velocity_outlier_against_majority
DFL-MAT-J0421W,1,167499,DFL-OBJ-J0133P,34,Vladimir Coufal,-242.70490580272883,277.22370021283047,8,2,velocity_outlier_against_majority
DFL-MAT-J0421Z,0,48790,DFL-OBJ-J01FDE,25,Arnaud Kalimuendo Muinga,486.495965789443,420.7640366879485,5,5,velocity_outlier_same_direction
DFL-MAT-J0421Z,0,49060,DFL-OBJ-002GKG,7,Ansgar Knauff,-106.70434838913073,256.26484747136806,9,1,velocity_outlier_against_majority
DFL-MAT-J0421Z,0,65133,DFL-OBJ-J01DNM,21,Nathaniel Brown,-178.00414963459025,160.40581680799409,4,6,velocity_outlier_same_direction
DFL-MAT-J0421Z,0,114657,DFL-OBJ-0025W7,4,Robin Leon Koch,-103.84606938954869,265.6859748544522,7,3,velocity_outlier_against_majority
DFL-MAT-J0421Z,0,116712,DFL-OBJ-J01KLQ,5,Aurèle Florian Amenda,325.01221805569463,345.4422260509189,5,5,velocity_outlier_same_direction
DFL-MAT-J0421Z,0,120022,DFL-OBJ-002G4A,15,Ellyes Joris Skhiri,472.17375820636346,391.79690297624944,8,2,velocity_outlier_same_direction
DFL-MAT-J0421Z,1,32197,DFL-OBJ-J01H5G,24,Nicolas Capaldo Taboas,487.6434776978261,418.6972878168522,6,4,velocity_outlier_same_direction
DFL-MAT-J0421Z,1,104373,DFL-OBJ-J02594,23,Albert Grønbæk Erlykke,304.4589569046067,493.17983485917813,1,9,velocity_outlier_against_majority
DFL-MAT-J0421Z,1,170769,DFL-OBJ-J01H5G,24,Nicolas Capaldo Taboas,301.37087147956476,331.5824507617965,4,6,velocity_outlier_against_majority
DFL-MAT-J0421Z,1,176709,DFL-OBJ-J01VXC,16,Giorgi Gocholeishvili,292.5926911252985,239.35363388624035,7,3,velocity_outlier_same_direction
DFL-MAT-J0422E,0,141294,DFL-OBJ-J02594,23,Albert Grønbæk Erlykke,391.428611646008,275.6663879598698,7,3,velocity_outlier_same_direction
DFL-MAT-J0422E,1,41558,DFL-OBJ-00258B,8,Maximilian Eggestein,441.87495073365096,357.31505410853515,7,3,velocity_outlier_same_direction
DFL-MAT-J0422E,1,102178,DFL-OBJ-0000ZS,28,Matthias Lukas Ginter,-271.5671345562661,321.47886051146855,8,2,velocity_outlier_against_majority
DFL-MAT-J0422E,1,109034,DFL-OBJ-0028B6,19,Jan-Niklas Beste,376.748519194174,402.9254571917614,3,7,velocity_outlier_against_majority
DFL-MAT-J0422G,0,16056,DFL-OBJ-002GAR,12,Edmond Fayçal Tapsoba,-76.80209283470012,215.7095157258188,8,2,velocity_outlier_against_majority
DFL-MAT-J0422G,0,38840,DFL-OBJ-0001EW,8,Robert Andrich,253.53735234170088,353.60722329200445,3,7,velocity_outlier_against_majority
DFL-MAT-J0422G,0,38871,DFL-OBJ-J01860,24,Aleix García Serrano,-477.2657032983105,275.26429287298856,0,10,velocity_outlier_same_direction
DFL-MAT-J0422G,0,61866,DFL-OBJ-J01QRR,42,Montrell Amare Culbreath,184.22557514948682,304.2856083127804,2,8,velocity_outlier_against_majority
DFL-MAT-J0422G,0,70304,DFL-OBJ-J01860,24,Aleix García Serrano,-308.5239096652135,369.83813469139443,6,4,velocity_outlier_against_majority
DFL-MAT-J0422G,0,72321,DFL-OBJ-J01860,24,Aleix García Serrano,-227.20054502662975,323.6477075661836,9,1,velocity_outlier_against_majority
DFL-MAT-J0422G,0,112864,DFL-OBJ-J01QRR,42,Montrell Amare Culbreath,154.5028602637346,141.54060110582157,4,6,velocity_outlier_against_majority
DFL-MAT-J0422G,0,159054,DFL-OBJ-002G8H,25,Exequiel Alejandro Palacios,-193.11557605036094,192.29155405785926,4,6,velocity_outlier_same_direction
DFL-MAT-J0422G,0,170763,DFL-OBJ-J01KO9,4,Jarell Amorin Quansah,-467.9616116572642,386.0048083961123,4,6,velocity_outlier_same_direction
DFL-MAT-J0422G,1,49796,DFL-OBJ-J01IZ9,21,Nicolai Remberg,-251.67128362780224,267.52135766809505,6,4,velocity_outlier_against_majority
DFL-MAT-J0422G,1,133041,DFL-OBJ-J01IZ9,21,Nicolai Remberg,-395.46712948887046,267.64765829983213,1,9,velocity_outlier_same_direction
